<?xml version="1.0" encoding="utf-8"?>
<edmx:Edmx Version="4.0" xmlns:edmx="http://docs.oasis-open.org/odata/ns/edmx">
	<edmx:Reference
		Uri="/sap/opu/odata/IWFND/CATALOGSERVICE;v=2/Vocabularies(TechnicalName='%2FIWBEP%2FVOC_COMMON',Version='0001',SAP__Origin='LOCAL')/$value">
		<edmx:Include Namespace="com.sap.vocabularies.Common.v1" Alias="Common"/>
	</edmx:Reference>
	<edmx:Reference
		Uri="/sap/opu/odata/IWFND/CATALOGSERVICE;v=2/Vocabularies(TechnicalName='%2FIWBEP%2FVOC_UI',Version='0001',SAP__Origin='LOCAL')/$value">
		<edmx:Include Namespace="com.sap.vocabularies.UI.v1" Alias="UI"/>
	</edmx:Reference>
	<edmx:Reference
		Uri="/sap/opu/odata/IWFND/CATALOGSERVICE;v=2/Vocabularies(TechnicalName='%2FIWBEP%2FVOC_COMMUNICATION',Version='0001',SAP__Origin='LOCAL')/$value">
		<edmx:Include Namespace="com.sap.vocabularies.Communication.v1" Alias="Communication"/>
	</edmx:Reference>
	<edmx:Reference Uri="/sap/opu/odata/SAP/SEPMRA_SO_MAN/$metadata">
		<edmx:Include Namespace="SEPMRA_SO_MAN" Alias="SEPMRA_SO_MAN"/>
	</edmx:Reference>
	<edmx:DataServices>
		<Schema Namespace="sepmra_prod_man_anno_mdl.v1" xmlns="http://docs.oasis-open.org/odata/ns/edm">
			<Annotations Target="SEPMRA_PROD_MAN.I_DraftAdministrativeDataType/DraftUUID">
				<Annotation Term="Common.FieldControl" EnumMember="Common.FieldControlType/Hidden"/>
				<Annotation Term="UI.Hidden"/>
			</Annotations>
			<Annotations Target="SEPMRA_PROD_MAN.I_DraftAdministrativeDataType/DraftIsKeptByUser">
				<Annotation Term="Common.FieldControl" EnumMember="Common.FieldControlType/Hidden"/>
				<Annotation Term="UI.Hidden"/>
			</Annotations>
			<Annotations Target="SEPMRA_PROD_MAN.I_DraftAdministrativeDataType/EnqueueStartDateTime">
				<Annotation Term="Common.FieldControl" EnumMember="Common.FieldControlType/Hidden"/>
				<Annotation Term="UI.Hidden"/>
			</Annotations>
			<Annotations Target="SEPMRA_PROD_MAN.I_DraftAdministrativeDataType/DraftIsCreatedByMe">
				<Annotation Term="Common.FieldControl" EnumMember="Common.FieldControlType/Hidden"/>
				<Annotation Term="UI.Hidden"/>
			</Annotations>
			<Annotations Target="SEPMRA_PROD_MAN.I_DraftAdministrativeDataType/DraftIsLastChangedByMe">
				<Annotation Term="Common.FieldControl" EnumMember="Common.FieldControlType/Hidden"/>
				<Annotation Term="UI.Hidden"/>
			</Annotations>
			<Annotations Target="SEPMRA_PROD_MAN.I_DraftAdministrativeDataType/DraftIsProcessedByMe">
				<Annotation Term="Common.FieldControl" EnumMember="Common.FieldControlType/Hidden"/>
				<Annotation Term="UI.Hidden"/>
			</Annotations>
			<Annotations Target="SEPMRA_PROD_MAN.I_DraftAdministrativeDataType/CreatedByUserDescription">
				<Annotation Term="Common.FieldControl" EnumMember="Common.FieldControlType/Hidden"/>
				<Annotation Term="UI.Hidden"/>
			</Annotations>
			<Annotations Target="SEPMRA_PROD_MAN.I_DraftAdministrativeDataType/LastChangedByUserDescription">
				<Annotation Term="Common.FieldControl" EnumMember="Common.FieldControlType/Hidden"/>
				<Annotation Term="UI.Hidden"/>
			</Annotations>
			<Annotations Target="SEPMRA_PROD_MAN.I_DraftAdministrativeDataType/InProcessByUserDescription">
				<Annotation Term="Common.FieldControl" EnumMember="Common.FieldControlType/Hidden"/>
				<Annotation Term="UI.Hidden"/>
			</Annotations>
			<Annotations Target="SEPMRA_PROD_MAN.I_DraftAdministrativeDataType/DraftEntityType">
				<Annotation Term="Common.FieldControl" EnumMember="Common.FieldControlType/Hidden"/>
				<Annotation Term="UI.Hidden"/>
			</Annotations>
			<Annotations Target="SEPMRA_PROD_MAN.I_DraftAdministrativeDataType/DraftAccessType">
				<Annotation Term="Common.FieldControl" EnumMember="Common.FieldControlType/Hidden"/>
				<Annotation Term="UI.Hidden"/>
			</Annotations>
			<Annotations Target="SEPMRA_PROD_MAN.I_DraftAdministrativeDataType/ProcessingStartDateTime">
				<Annotation Term="Common.FieldControl" EnumMember="Common.FieldControlType/Hidden"/>
				<Annotation Term="UI.Hidden"/>
			</Annotations>
			<Annotations Target="SEPMRA_PROD_MAN.SEPMRA_C_CurrencyValueHelpType">
				<Annotation Term="UI.HeaderInfo">
					<Record>
						<PropertyValue Property="TypeName" String="Currency"/>
						<PropertyValue Property="TypeNamePlural" String="Currencies"/>
						<PropertyValue Property="Title">
							<Record Type="UI.DataField">
								<PropertyValue Property="Value" Path="Currency"/>
							</Record>
						</PropertyValue>
					</Record>
				</Annotation>
				<Annotation Term="UI.Identification">
					<Collection>
						<Record Type="UI.DataField">
							<PropertyValue Property="Value" Path="Currency"/>
							<Annotation Term="UI.Importance" EnumMember="UI.ImportanceType/High"/>
						</Record>
					</Collection>
				</Annotation>
				<Annotation Term="UI.LineItem">
					<Collection>
						<Record Type="UI.DataField">
							<PropertyValue Property="Value" Path="Currency"/>
							<Annotation Term="UI.Importance" EnumMember="UI.ImportanceType/High"/>
						</Record>
					</Collection>
				</Annotation>
			</Annotations>
			<Annotations Target="SEPMRA_PROD_MAN.SEPMRA_C_PD_ContactPersonType">
				<Annotation Term="UI.HeaderInfo">
					<Record>
						<PropertyValue Property="TypeName" String="Person"/>
						<PropertyValue Property="TypeNamePlural" String="Persons"/>
						<PropertyValue Property="TypeImageUrl" String="sap-icon://customer-and-contacts"/>
						<PropertyValue Property="Title">
							<Record Type="UI.DataField">
								<PropertyValue Property="Value" Path="FullName"/>
							</Record>
						</PropertyValue>
						<PropertyValue Property="Description">
							<Record Type="UI.DataField">
								<PropertyValue Property="Value" Path="EmailAddress"/>
							</Record>
						</PropertyValue>
					</Record>
				</Annotation>
				<Annotation Term="Communication.Contact">
					<Record>
						<PropertyValue Property="fn" Path="FullName"/>
						<PropertyValue Property="tel">
							<Collection>
								<Record>
									<PropertyValue Property="type" EnumMember="Communication.PhoneType/fax"/>
									<PropertyValue Property="uri" Path="FaxNumber"/>
								</Record>
								<Record>
									<PropertyValue Property="type" EnumMember="Communication.PhoneType/cell"/>
									<PropertyValue Property="uri" Path="MobilePhoneNumber"/>
								</Record>
								<Record>
									<PropertyValue Property="type"
									               EnumMember="Communication.PhoneType/preferred Communication.PhoneType/work"/>
									<PropertyValue Property="uri" Path="PhoneNumber"/>
								</Record>
							</Collection>
						</PropertyValue>
						<PropertyValue Property="email">
							<Collection>
								<Record>
									<PropertyValue Property="type"
									               EnumMember="Communication.ContactInformationType/work Communication.ContactInformationType/pref"/>
									<PropertyValue Property="address" Path="EmailAddress"/>
								</Record>
							</Collection>
						</PropertyValue>
					</Record>
				</Annotation>
			</Annotations>
			<Annotations Target="SEPMRA_PROD_MAN.SEPMRA_C_PD_ProductType/ProductPictureURL">
				<Annotation Term="UI.HiddenFilter"/>
				<Annotation Term="UI.IsImageURL"/>
			</Annotations>
			<Annotations/>
			<Annotations Target="SEPMRA_PROD_MAN.SEPMRA_C_PD_ProductType/DraftUUID">
				<Annotation Term="UI.HiddenFilter"/>
				<Annotation Term="Common.FieldControl" EnumMember="Common.FieldControlType/Hidden"/>
				<Annotation Term="UI.Hidden"/>
			</Annotations>
			<Annotations Target="SEPMRA_PROD_MAN.SEPMRA_C_PD_ProductType/HasActiveEntity">
				<Annotation Term="UI.HiddenFilter"/>
				<Annotation Term="Common.FieldControl" EnumMember="Common.FieldControlType/Hidden"/>
				<Annotation Term="UI.Hidden"/>
			</Annotations>
			<Annotations Target="SEPMRA_PROD_MAN.SEPMRA_C_PD_ProductType/HasDraftEntity">
				<Annotation Term="UI.HiddenFilter"/>
				<Annotation Term="Common.FieldControl" EnumMember="Common.FieldControlType/Hidden"/>
				<Annotation Term="UI.Hidden"/>
			</Annotations>
			<Annotations Target="SEPMRA_PROD_MAN.SEPMRA_C_PD_ProductType/IsActiveEntity">
				<Annotation Term="UI.HiddenFilter"/>
				<Annotation Term="Common.FieldControl" EnumMember="Common.FieldControlType/Hidden"/>
				<Annotation Term="UI.Hidden"/>
			</Annotations>
			<Annotations Target="SEPMRA_PROD_MAN.SEPMRA_C_PD_ProductType/to_CollaborativeReview">
				<Annotation Term="UI.HiddenFilter"/>
			</Annotations>
			<Annotations Target="SEPMRA_PROD_MAN.SEPMRA_C_PD_ProductType/to_CollaborativeReviewPost">
				<Annotation Term="UI.HiddenFilter"/>
			</Annotations>
			<Annotations Target="SEPMRA_PROD_MAN.SEPMRA_C_PD_ProductType/to_Currency">
				<Annotation Term="UI.HiddenFilter"/>
			</Annotations>
			<Annotations Target="SEPMRA_PROD_MAN.SEPMRA_C_PD_ProductType/to_CurrencyVH">
				<Annotation Term="UI.HiddenFilter"/>
			</Annotations>
			<Annotations Target="SEPMRA_PROD_MAN.SEPMRA_C_PD_ProductType/to_DimensionUnit">
				<Annotation Term="UI.HiddenFilter"/>
			</Annotations>
			<Annotations Target="SEPMRA_PROD_MAN.SEPMRA_C_PD_ProductType/to_MainProductCategory">
				<Annotation Term="UI.HiddenFilter"/>
			</Annotations>
			<Annotations Target="SEPMRA_PROD_MAN.SEPMRA_C_PD_ProductType/to_OriginalLanguage">
				<Annotation Term="UI.HiddenFilter"/>
			</Annotations>
			<Annotations Target="SEPMRA_PROD_MAN.SEPMRA_C_PD_ProductType/to_ProductBaseUnit">
				<Annotation Term="UI.HiddenFilter"/>
			</Annotations>
			<Annotations Target="SEPMRA_PROD_MAN.SEPMRA_C_PD_ProductType/to_ProductCategory">
				<Annotation Term="UI.HiddenFilter"/>
			</Annotations>
			<Annotations Target="SEPMRA_PROD_MAN.SEPMRA_C_PD_ProductType/to_ProductCategoryVH">
				<Annotation Term="UI.HiddenFilter"/>
			</Annotations>
			<Annotations Target="SEPMRA_PROD_MAN.SEPMRA_C_PD_ProductType/to_ProductImage">
				<Annotation Term="UI.HiddenFilter"/>
			</Annotations>
			<Annotations Target="SEPMRA_PROD_MAN.SEPMRA_C_PD_ProductType/to_ProductSalesData">
				<Annotation Term="UI.HiddenFilter"/>
			</Annotations>
			<Annotations Target="SEPMRA_PROD_MAN.SEPMRA_C_PD_ProductType/to_ProductText">
				<Annotation Term="UI.HiddenFilter"/>
			</Annotations>
			<Annotations Target="SEPMRA_PROD_MAN.SEPMRA_C_PD_ProductType/to_ProductTextInOriginalLang">
				<Annotation Term="UI.HiddenFilter"/>
			</Annotations>
			<Annotations Target="SEPMRA_PROD_MAN.SEPMRA_C_PD_ProductType/to_Supplier">
				<Annotation Term="UI.HiddenFilter"/>
			</Annotations>
			<Annotations Target="SEPMRA_PROD_MAN.SEPMRA_C_PD_ProductType/to_WeightUnit">
				<Annotation Term="UI.HiddenFilter"/>
			</Annotations>
			<Annotations Target="SEPMRA_PROD_MAN.SEPMRA_C_PD_ProductType/DraftEntityCreationDateTime">
				<Annotation Term="Common.FieldControl" EnumMember="Common.FieldControlType/Hidden"/>
				<Annotation Term="UI.Hidden"/>
			</Annotations>
			<Annotations Target="SEPMRA_PROD_MAN.SEPMRA_C_PD_ProductType/DraftEntityLastChangeDateTime">
				<Annotation Term="Common.FieldControl" EnumMember="Common.FieldControlType/Hidden"/>
				<Annotation Term="UI.Hidden"/>
			</Annotations>
			<Annotations Target="SEPMRA_PROD_MAN.SEPMRA_C_PD_ProductType/Activation_ac">
				<Annotation Term="Common.FieldControl" EnumMember="Common.FieldControlType/Hidden"/>
				<Annotation Term="UI.Hidden"/>
			</Annotations>
			<Annotations Target="SEPMRA_PROD_MAN.SEPMRA_C_PD_ProductType/Copy_ac">
				<Annotation Term="Common.FieldControl" EnumMember="Common.FieldControlType/Hidden"/>
				<Annotation Term="UI.Hidden"/>
			</Annotations>
			<Annotations Target="SEPMRA_PROD_MAN.SEPMRA_C_PD_ProductType/Delete_ext_ac">
				<Annotation Term="Common.FieldControl" EnumMember="Common.FieldControlType/Hidden"/>
				<Annotation Term="UI.Hidden"/>
			</Annotations>
			<Annotations Target="SEPMRA_PROD_MAN.SEPMRA_C_PD_ProductType/Edit_ac">
				<Annotation Term="Common.FieldControl" EnumMember="Common.FieldControlType/Hidden"/>
				<Annotation Term="UI.Hidden"/>
			</Annotations>
			<Annotations Target="SEPMRA_PROD_MAN.SEPMRA_C_PD_ProductType/Favorites_add_ac">
				<Annotation Term="Common.FieldControl" EnumMember="Common.FieldControlType/Hidden"/>
				<Annotation Term="UI.Hidden"/>
			</Annotations>
			<Annotations Target="SEPMRA_PROD_MAN.SEPMRA_C_PD_ProductType/Favorites_remove_ac">
				<Annotation Term="Common.FieldControl" EnumMember="Common.FieldControlType/Hidden"/>
				<Annotation Term="UI.Hidden"/>
			</Annotations>
			<Annotations Target="SEPMRA_PROD_MAN.SEPMRA_C_PD_ProductType/Favorites_toggle_ac">
				<Annotation Term="Common.FieldControl" EnumMember="Common.FieldControlType/Hidden"/>
				<Annotation Term="UI.Hidden"/>
			</Annotations>
			<Annotations Target="SEPMRA_PROD_MAN.SEPMRA_C_PD_ProductType/Mycart_add_ac">
				<Annotation Term="Common.FieldControl" EnumMember="Common.FieldControlType/Hidden"/>
				<Annotation Term="UI.Hidden"/>
			</Annotations>
			<Annotations Target="SEPMRA_PROD_MAN.SEPMRA_C_PD_ProductType/Preparation_ac">
				<Annotation Term="Common.FieldControl" EnumMember="Common.FieldControlType/Hidden"/>
				<Annotation Term="UI.Hidden"/>
			</Annotations>
			<Annotations Target="SEPMRA_PROD_MAN.SEPMRA_C_PD_ProductType/Review_delete_ac">
				<Annotation Term="Common.FieldControl" EnumMember="Common.FieldControlType/Hidden"/>
				<Annotation Term="UI.Hidden"/>
			</Annotations>
			<Annotations Target="SEPMRA_PROD_MAN.SEPMRA_C_PD_ProductType/Review_modify_ac">
				<Annotation Term="Common.FieldControl" EnumMember="Common.FieldControlType/Hidden"/>
				<Annotation Term="UI.Hidden"/>
			</Annotations>
			<Annotations Target="SEPMRA_PROD_MAN.SEPMRA_C_PD_ProductType/Validation_ac">
				<Annotation Term="Common.FieldControl" EnumMember="Common.FieldControlType/Hidden"/>
				<Annotation Term="UI.Hidden"/>
			</Annotations>
			<Annotations Target="SEPMRA_PROD_MAN.SEPMRA_C_PD_ProductType/ProductForEdit_fc">
				<Annotation Term="Common.FieldControl" EnumMember="Common.FieldControlType/Hidden"/>
				<Annotation Term="UI.Hidden"/>
			</Annotations>
			<Annotations Target="SEPMRA_PROD_MAN.SEPMRA_C_PD_ProductType/Product">
				<Annotation Term="Common.SemanticObject" String="EPMProduct"/>
			</Annotations>
			<Annotations Target="SEPMRA_PROD_MAN.SEPMRA_C_PD_ProductType/Supplier">
				<Annotation Term="Common.SemanticObject" String="EPMSupplier"/>
			</Annotations>
			<Annotations Target="SEPMRA_PROD_MAN.SEPMRA_C_PD_ProductType/ProductForEdit">
				<Annotation Term="Common.SemanticObject" String="EPMProduct"/>
			</Annotations>
			<Annotations Target="SEPMRA_PROD_MAN.SEPMRA_C_PD_ProductType">
				<Annotation Term="UI.DataPoint" Qualifier="Price">
					<Record>
						<PropertyValue Property="Value" Path="Price"/>
						<PropertyValue Property="Title" String="Price"/>
					</Record>
				</Annotation>
				<Annotation Term="UI.QuickCreateFacets">
					<Collection>
						<Record Type="UI.ReferenceFacet">
							<PropertyValue Property="Target" AnnotationPath="@UI.FieldGroup#QuickCreate"/>
							<Annotation Term="UI.Importance" EnumMember="UI.ImportanceType/High"/>
						</Record>
					</Collection>
				</Annotation>
				<Annotation Term="UI.QuickViewFacets">
					<Collection>
						<Record Type="UI.ReferenceFacet">
							<PropertyValue Property="Target" AnnotationPath="@UI.FieldGroup#QuickView"/>
							<Annotation Term="UI.Importance" EnumMember="UI.ImportanceType/High"/>
						</Record>
					</Collection>
				</Annotation>
				<Annotation Term="UI.HeaderFacets">
					<Collection>
						<Record Type="UI.ReferenceFacet">
							<PropertyValue Property="Target" AnnotationPath="@UI.FieldGroup#HeaderInformation"/>
							<Annotation Term="UI.Importance" EnumMember="UI.ImportanceType/High"/>
						</Record>
						<Record Type="UI.ReferenceFacet">
							<PropertyValue Property="Label" String="Product Description"/>
							<PropertyValue Property="Target" AnnotationPath="@UI.FieldGroup#ProductHeaderText"/>
							<Annotation Term="UI.Importance" EnumMember="UI.ImportanceType/Medium"/>
						</Record>
						<Record Type="UI.ReferenceFacet">
							<PropertyValue Property="Target"
							               AnnotationPath="to_ProductStock/@UI.DataPoint#StockAvailability"/>
							<Annotation Term="UI.Importance" EnumMember="UI.ImportanceType/Medium"/>
						</Record>
						<Record Type="UI.ReferenceFacet">
							<PropertyValue Property="Target" AnnotationPath="@UI.DataPoint#Price"/>
							<Annotation Term="UI.Importance" EnumMember="UI.ImportanceType/Medium"/>
						</Record>
					</Collection>
				</Annotation>
				<Annotation Term="UI.Facets">
					<Collection>
						<Record Type="UI.CollectionFacet">
							<PropertyValue Property="Label" String="Product Information"/>
							<PropertyValue Property="ID" String="ProductCollectionFacetID"/>
							<PropertyValue Property="Facets">
								<Collection>
									<Record Type="UI.ReferenceFacet">
										<PropertyValue Property="Label" String="Technical Data"/>
										<PropertyValue Property="Target" AnnotationPath="@UI.FieldGroup#TechnicalData"/>
										<Annotation Term="UI.Importance" EnumMember="UI.ImportanceType/High"/>
									</Record>
								</Collection>
							</PropertyValue>
							<Annotation Term="UI.Importance" EnumMember="UI.ImportanceType/High"/>
						</Record>
						<Record Type="UI.ReferenceFacet">
							<PropertyValue Property="Label" String="Reviews"/>
							<PropertyValue Property="ID" String="ProductReviewFacetID"/>
							<PropertyValue Property="Target" AnnotationPath="to_CollaborativeReviewPost/@UI.LineItem"/>
							<Annotation Term="UI.Importance" EnumMember="UI.ImportanceType/Medium"/>
						</Record>
						<Record Type="UI.ReferenceFacet">
							<PropertyValue Property="Label" String="Sales Data"/>
							<PropertyValue Property="ID" String="ProductSmartChartFacetID"/>
							<PropertyValue Property="Target" AnnotationPath="to_ProductSalesData/@UI.Chart"/>
							<Annotation Term="UI.Importance" EnumMember="UI.ImportanceType/Medium"/>
						</Record>
					</Collection>
				</Annotation>
				<Annotation Term="UI.FieldGroup" Qualifier="GeneralInformation">
					<Record>
						<PropertyValue Property="Data">
							<Collection>
								<Record Type="UI.DataField">
									<PropertyValue Property="Value" Path="ProductForEdit"/>
									<Annotation Term="UI.Importance" EnumMember="UI.ImportanceType/High"/>
								</Record>
								<Record Type="UI.DataField">
									<PropertyValue Property="Value" Path="to_ProductTextInOriginalLang/Description"/>
									<Annotation Term="UI.Importance" EnumMember="UI.ImportanceType/High"/>
								</Record>
								<Record Type="UI.DataField">
									<PropertyValue Property="Value" Path="Supplier"/>
									<Annotation Term="UI.Importance" EnumMember="UI.ImportanceType/High"/>
								</Record>
							</Collection>
						</PropertyValue>
						<PropertyValue Property="Label" String="Product Information"/>
					</Record>
				</Annotation>
				<Annotation Term="UI.FieldGroup" Qualifier="HeaderInformation">
					<Record>
						<PropertyValue Property="Data">
							<Collection>
								<Record Type="UI.DataField">
									<PropertyValue Property="Value" Path="MainProductCategory"/>
									<Annotation Term="UI.Importance" EnumMember="UI.ImportanceType/Medium"/>
								</Record>
								<Record Type="UI.DataField">
									<PropertyValue Property="Value" Path="ProductCategory"/>
									<Annotation Term="UI.Importance" EnumMember="UI.ImportanceType/Medium"/>
								</Record>
								<Record Type="UI.DataField">
									<PropertyValue Property="Label" String="Supplier"/>
									<PropertyValue Property="Value" Path="Supplier"/>
									<Annotation Term="UI.Importance" EnumMember="UI.ImportanceType/Medium"/>
								</Record>
							</Collection>
						</PropertyValue>
					</Record>
				</Annotation>
				<Annotation Term="UI.FieldGroup" Qualifier="ProductHeaderText">
					<Record>
						<PropertyValue Property="Data">
							<Collection>
								<Record Type="UI.DataField">
									<PropertyValue Property="Value" Path="to_ProductTextInOriginalLang/Description"/>
									<Annotation Term="UI.Importance" EnumMember="UI.ImportanceType/High"/>
								</Record>
							</Collection>
						</PropertyValue>
						<PropertyValue Property="Label" String="Product Text"/>
					</Record>
				</Annotation>
				<Annotation Term="UI.FieldGroup" Qualifier="QuickCreate">
					<Record>
						<PropertyValue Property="Data">
							<Collection>
								<Record Type="UI.DataField">
									<PropertyValue Property="Value" Path="ProductForEdit"/>
									<Annotation Term="UI.Importance" EnumMember="UI.ImportanceType/High"/>
								</Record>
								<Record Type="UI.DataField">
									<PropertyValue Property="Value" Path="to_ProductTextInOriginalLang/Name"/>
									<Annotation Term="UI.Importance" EnumMember="UI.ImportanceType/High"/>
								</Record>
								<Record Type="UI.DataField">
									<PropertyValue Property="Value" Path="to_ProductTextInOriginalLang/Description"/>
									<Annotation Term="UI.Importance" EnumMember="UI.ImportanceType/High"/>
								</Record>
								<Record Type="UI.DataField">
									<PropertyValue Property="Value" Path="MainProductCategory"/>
									<Annotation Term="UI.Importance" EnumMember="UI.ImportanceType/High"/>
								</Record>
								<Record Type="UI.DataField">
									<PropertyValue Property="Value" Path="ProductCategory"/>
									<Annotation Term="UI.Importance" EnumMember="UI.ImportanceType/High"/>
								</Record>
								<Record Type="UI.DataField">
									<PropertyValue Property="Value" Path="Supplier"/>
									<Annotation Term="UI.Importance" EnumMember="UI.ImportanceType/High"/>
								</Record>
								<Record Type="UI.DataField">
									<PropertyValue Property="Value" Path="Price"/>
									<Annotation Term="UI.Importance" EnumMember="UI.ImportanceType/High"/>
								</Record>
							</Collection>
						</PropertyValue>
						<PropertyValue Property="Label" String="Create Product"/>
					</Record>
				</Annotation>
				<Annotation Term="UI.FieldGroup" Qualifier="QuickView">
					<Record>
						<PropertyValue Property="Data">
							<Collection>
								<Record Type="UI.DataField">
									<PropertyValue Property="Value" Path="ProductForEdit"/>
									<Annotation Term="UI.Importance" EnumMember="UI.ImportanceType/High"/>
								</Record>
								<Record Type="UI.DataField">
									<PropertyValue Property="Value" Path="MainProductCategory"/>
									<Annotation Term="UI.Importance" EnumMember="UI.ImportanceType/High"/>
								</Record>
								<Record Type="UI.DataField">
									<PropertyValue Property="Value" Path="ProductCategory"/>
									<Annotation Term="UI.Importance" EnumMember="UI.ImportanceType/High"/>
								</Record>
								<Record Type="UI.DataField">
									<PropertyValue Property="Value" Path="Supplier"/>
									<Annotation Term="UI.Importance" EnumMember="UI.ImportanceType/High"/>
								</Record>
								<Record Type="UI.DataField">
									<PropertyValue Property="Value" Path="Price"/>
									<Annotation Term="UI.Importance" EnumMember="UI.ImportanceType/High"/>
								</Record>
							</Collection>
						</PropertyValue>
						<PropertyValue Property="Label" String="Product"/>
					</Record>
				</Annotation>
				<Annotation Term="UI.FieldGroup" Qualifier="TechnicalData">
					<Record>
						<PropertyValue Property="Data">
							<Collection>
								<Record Type="UI.DataField">
									<PropertyValue Property="Value" Path="ProductBaseUnit"/>
									<Annotation Term="UI.Importance" EnumMember="UI.ImportanceType/High"/>
								</Record>
								<Record Type="UI.DataField">
									<PropertyValue Property="Value" Path="Height"/>
									<Annotation Term="UI.Importance" EnumMember="UI.ImportanceType/Medium"/>
								</Record>
								<Record Type="UI.DataField">
									<PropertyValue Property="Value" Path="Width"/>
									<Annotation Term="UI.Importance" EnumMember="UI.ImportanceType/Medium"/>
								</Record>
								<Record Type="UI.DataField">
									<PropertyValue Property="Value" Path="Depth"/>
									<Annotation Term="UI.Importance" EnumMember="UI.ImportanceType/Medium"/>
								</Record>
								<Record Type="UI.DataField">
									<PropertyValue Property="Value" Path="Weight"/>
									<Annotation Term="UI.Importance" EnumMember="UI.ImportanceType/Medium"/>
								</Record>
							</Collection>
						</PropertyValue>
						<PropertyValue Property="Label" String="Technical Data"/>
					</Record>
				</Annotation>
				<Annotation Term="UI.HeaderInfo">
					<Record>
						<PropertyValue Property="TypeName" String="Product"/>
						<PropertyValue Property="TypeNamePlural" String="Products"/>
						<PropertyValue Property="TypeImageUrl" String="sap-icon://product"/>
						<PropertyValue Property="ImageUrl" Path="ProductPictureURL"/>
						<PropertyValue Property="Title">
							<Record Type="UI.DataField">
								<PropertyValue Property="Value" Path="to_ProductTextInOriginalLang/Name"/>
							</Record>
						</PropertyValue>
						<PropertyValue Property="Description">
							<Record Type="UI.DataField">
								<PropertyValue Property="Value" Path="ProductForEdit"/>
							</Record>
						</PropertyValue>
					</Record>
				</Annotation>
				<Annotation Term="UI.Identification">
					<Collection>
						<Record Type="UI.DataFieldForAction">
							<PropertyValue Property="Label" String="Copy"/>
							<PropertyValue Property="Action"
							               String="SEPMRA_PROD_MAN.SEPMRA_PROD_MAN_Entities/SEPMRA_C_PD_ProductCopy"/>
							<PropertyValue Property="InvocationGrouping"
							               EnumMember="UI.OperationGroupingType/Isolated"/>
							<Annotation Term="UI.Importance" EnumMember="UI.ImportanceType/Low"/>
						</Record>
						<Record Type="UI.DataField">
							<PropertyValue Property="Value" Path="ProductForEdit"/>
							<Annotation Term="UI.Importance" EnumMember="UI.ImportanceType/High"/>
						</Record>
						<Record Type="UI.DataField">
							<PropertyValue Property="Value" Path="Price"/>
							<Annotation Term="UI.Importance" EnumMember="UI.ImportanceType/High"/>
						</Record>
						<Record Type="UI.DataField">
							<PropertyValue Property="Value" Path="ProductCategory"/>
							<Annotation Term="UI.Importance" EnumMember="UI.ImportanceType/High"/>
						</Record>
					</Collection>
				</Annotation>
				<Annotation Term="UI.LineItem">
					<Collection>
						<Record Type="UI.DataField">
							<PropertyValue Property="Value" Path="ProductPictureURL"/>
							<Annotation Term="UI.Importance" EnumMember="UI.ImportanceType/High"/>
						</Record>
						<Record Type="UI.DataField">
							<PropertyValue Property="Value" Path="ProductForEdit"/>
							<Annotation Term="UI.Importance" EnumMember="UI.ImportanceType/High"/>
						</Record>
						<Record Type="UI.DataField">
							<PropertyValue Property="Value" Path="MainProductCategory"/>
							<Annotation Term="UI.Importance" EnumMember="UI.ImportanceType/High"/>
						</Record>
						<Record Type="UI.DataField">
							<PropertyValue Property="Value" Path="ProductCategory"/>
							<Annotation Term="UI.Importance" EnumMember="UI.ImportanceType/Medium"/>
						</Record>
						<Record Type="UI.DataField">
							<PropertyValue Property="Value" Path="to_Supplier/CompanyName"/>
							<Annotation Term="UI.Importance" EnumMember="UI.ImportanceType/Medium"/>
						</Record>
						<Record Type="UI.DataField">
							<PropertyValue Property="Criticality" Path="to_ProductStock/StockAvailability"/>
							<PropertyValue Property="Value" Path="to_ProductStock/StockAvailability"/>
							<Annotation Term="UI.Importance" EnumMember="UI.ImportanceType/High"/>
						</Record>
						<Record Type="UI.DataFieldForAnnotation">
							<PropertyValue Property="Target"
							               AnnotationPath="to_CollaborativeReview/@UI.DataPoint#AverageRatingValue"/>
							<Annotation Term="UI.Importance" EnumMember="UI.ImportanceType/High"/>
						</Record>
						<Record Type="UI.DataField">
							<PropertyValue Property="Value" Path="Price"/>
							<Annotation Term="UI.Importance" EnumMember="UI.ImportanceType/High"/>
						</Record>
					</Collection>
				</Annotation>
				<Annotation Term="UI.PresentationVariant">
					<Record>
						<PropertyValue Property="Text" String="Default"/>
						<PropertyValue Property="SortOrder">
							<Collection>
								<Record Type="Common.SortOrderType">
									<PropertyValue Property="Property" PropertyPath="Name"/>
									<PropertyValue Property="Descending" Bool="false"/>
								</Record>
							</Collection>
						</PropertyValue>
					</Record>
				</Annotation>
				<Annotation Term="UI.SelectionFields">
					<Collection>
						<PropertyPath>to_PriceRange/PriceClassification</PropertyPath>
						<PropertyPath>MainProductCategory</PropertyPath>
					</Collection>
				</Annotation>
				<Annotation Term="Common.SemanticObject" String="EPMProduct"/>
			</Annotations>
			<Annotations Target="SEPMRA_PROD_MAN.SEPMRA_C_PD_ProductImageType/Product">
				<Annotation Term="Common.FieldControl" EnumMember="Common.FieldControlType/Hidden"/>
				<Annotation Term="UI.Hidden"/>
			</Annotations>
			<Annotations Target="SEPMRA_PROD_MAN.SEPMRA_C_PD_ProductImageType/ProductImage">
				<Annotation Term="Common.FieldControl" EnumMember="Common.FieldControlType/Hidden"/>
				<Annotation Term="UI.Hidden"/>
			</Annotations>
			<Annotations Target="SEPMRA_PROD_MAN.SEPMRA_C_PD_ProductPriceRangeType/Product">
				<Annotation Term="Common.SemanticObject" String="EPMProduct"/>
			</Annotations>
			<Annotations Target="SEPMRA_PROD_MAN.SEPMRA_C_PD_ProductSalesDataType/DeliveryCalendarYear">
				<Annotation Term="Common.IsCalendarYear"/>
			</Annotations>
			<Annotations Target="SEPMRA_PROD_MAN.SEPMRA_C_PD_ProductSalesDataType/DeliveryCalendarMonth">
				<Annotation Term="Common.IsCalendarMonth"/>
			</Annotations>
			<Annotations Target="SEPMRA_PROD_MAN.SEPMRA_C_PD_ProductSalesDataType/SoldToPartyCompanyName">
				<Annotation Term="UI.HiddenFilter"/>
			</Annotations>
			<Annotations Target="SEPMRA_PROD_MAN.SEPMRA_C_PD_ProductSalesDataType/SoldToPartyCountryName">
				<Annotation Term="UI.HiddenFilter"/>
			</Annotations>
			<Annotations Target="SEPMRA_PROD_MAN.SEPMRA_C_PD_ProductSalesDataType/Currency">
				<Annotation Term="UI.HiddenFilter"/>
			</Annotations>
			<Annotations Target="SEPMRA_PROD_MAN.SEPMRA_C_PD_ProductSalesDataType/CurrencyT">
				<Annotation Term="UI.HiddenFilter"/>
			</Annotations>
			<Annotations Target="SEPMRA_PROD_MAN.SEPMRA_C_PD_ProductSalesDataType/DeliveryCalendarMonthT">
				<Annotation Term="UI.HiddenFilter"/>
			</Annotations>
			<Annotations Target="SEPMRA_PROD_MAN.SEPMRA_C_PD_ProductSalesDataType/ProductName">
				<Annotation Term="UI.HiddenFilter"/>
			</Annotations>
			<Annotations Target="SEPMRA_PROD_MAN.SEPMRA_C_PD_ProductSalesDataType/Product">
				<Annotation Term="Common.SemanticObject" String="EPMProduct"/>
			</Annotations>
			<Annotations Target="SEPMRA_PROD_MAN.SEPMRA_C_PD_ProductSalesDataType">
				<Annotation Term="UI.Chart" Qualifier="RevenueBySoldToParty">
					<Record Type="UI.ChartDefinitionType">
						<PropertyValue Property="Title" String="Revenue by Customer"/>
						<PropertyValue Property="Description" String="Revenue by Customer"/>
						<PropertyValue Property="ChartType" EnumMember="UI.ChartType/Bar"/>
						<PropertyValue Property="Dimensions">
							<Collection>
								<PropertyPath>SoldToParty</PropertyPath>
							</Collection>
						</PropertyValue>
						<PropertyValue Property="DimensionAttributes">
							<Collection>
								<Record Type="UI.ChartDimensionAttributeType">
									<PropertyValue Property="Dimension" PropertyPath="SoldToParty"/>
									<PropertyValue Property="Role" EnumMember="UI.ChartDimensionRoleType/Category"/>
								</Record>
							</Collection>
						</PropertyValue>
						<PropertyValue Property="Measures">
							<Collection>
								<PropertyPath>NetAmount</PropertyPath>
							</Collection>
						</PropertyValue>
						<PropertyValue Property="MeasureAttributes">
							<Collection>
								<Record Type="UI.ChartMeasureAttributeType">
									<PropertyValue Property="Measure" PropertyPath="NetAmount"/>
									<PropertyValue Property="Role" EnumMember="UI.ChartMeasureRoleType/Axis1"/>
									<PropertyValue Property="DataPoint" AnnotationPath="@UI.DataPoint#NetAmount"/>
								</Record>
							</Collection>
						</PropertyValue>
					</Record>
				</Annotation>
				<Annotation Term="UI.Chart" Qualifier="RevenueByCountry">
					<Record Type="UI.ChartDefinitionType">
						<PropertyValue Property="Title" String="Revenue by Country"/>
						<PropertyValue Property="Description" String="Revenue by Country"/>
						<PropertyValue Property="ChartType" EnumMember="UI.ChartType/Bar"/>
						<PropertyValue Property="Dimensions">
							<Collection>
								<PropertyPath>SoldToPartyCountry</PropertyPath>
							</Collection>
						</PropertyValue>
						<PropertyValue Property="DimensionAttributes">
							<Collection>
								<Record Type="UI.ChartDimensionAttributeType">
									<PropertyValue Property="Dimension" PropertyPath="SoldToPartyCountry"/>
									<PropertyValue Property="Role" EnumMember="UI.ChartDimensionRoleType/Category"/>
								</Record>
							</Collection>
						</PropertyValue>
						<PropertyValue Property="Measures">
							<Collection>
								<PropertyPath>NetAmount</PropertyPath>
							</Collection>
						</PropertyValue>
						<PropertyValue Property="MeasureAttributes">
							<Collection>
								<Record Type="UI.ChartMeasureAttributeType">
									<PropertyValue Property="Measure" PropertyPath="NetAmount"/>
									<PropertyValue Property="Role" EnumMember="UI.ChartMeasureRoleType/Axis1"/>
									<PropertyValue Property="DataPoint" AnnotationPath="@UI.DataPoint#NetAmount"/>
								</Record>
							</Collection>
						</PropertyValue>
					</Record>
				</Annotation>
				<Annotation Term="UI.Chart">
					<Record Type="UI.ChartDefinitionType">
						<PropertyValue Property="Title" String="Revenue History"/>
						<PropertyValue Property="Description" String="Revenue History"/>
						<PropertyValue Property="ChartType" EnumMember="UI.ChartType/Column"/>
						<PropertyValue Property="Dimensions">
							<Collection>
								<PropertyPath>DeliveryCalendarYear</PropertyPath>
								<PropertyPath>DeliveryCalendarMonth</PropertyPath>
							</Collection>
						</PropertyValue>
						<PropertyValue Property="DimensionAttributes">
							<Collection>
								<Record Type="UI.ChartDimensionAttributeType">
									<PropertyValue Property="Dimension" PropertyPath="DeliveryCalendarMonth"/>
									<PropertyValue Property="Role" EnumMember="UI.ChartDimensionRoleType/Category"/>
								</Record>
								<Record Type="UI.ChartDimensionAttributeType">
									<PropertyValue Property="Dimension" PropertyPath="DeliveryCalendarYear"/>
									<PropertyValue Property="Role" EnumMember="UI.ChartDimensionRoleType/Category"/>
								</Record>
							</Collection>
						</PropertyValue>
						<PropertyValue Property="Measures">
							<Collection>
								<PropertyPath>NetAmount</PropertyPath>
							</Collection>
						</PropertyValue>
						<PropertyValue Property="MeasureAttributes">
							<Collection>
								<Record Type="UI.ChartMeasureAttributeType">
									<PropertyValue Property="Measure" PropertyPath="NetAmount"/>
									<PropertyValue Property="Role" EnumMember="UI.ChartMeasureRoleType/Axis1"/>
									<PropertyValue Property="DataPoint" AnnotationPath="@UI.DataPoint#NetAmount"/>
								</Record>
							</Collection>
						</PropertyValue>
					</Record>
				</Annotation>
				<Annotation Term="UI.HeaderInfo">
					<Record>
						<PropertyValue Property="TypeName" String="Sales Order Item"/>
						<PropertyValue Property="TypeNamePlural" String="Sales Order Items"/>
					</Record>
				</Annotation>
				<Annotation Term="UI.PresentationVariant" Qualifier="RevenueBySoldToParty">
					<Record>
						<PropertyValue Property="Text" String="Revenue by Customer"/>
						<PropertyValue Property="SortOrder">
							<Collection>
								<Record Type="Common.SortOrderType">
									<PropertyValue Property="Property" PropertyPath="NetAmount"/>
									<PropertyValue Property="Descending" Bool="true"/>
								</Record>
							</Collection>
						</PropertyValue>
						<PropertyValue Property="Visualizations">
							<Collection>
								<AnnotationPath>@UI.Chart#RevenueBySoldToParty</AnnotationPath>
							</Collection>
						</PropertyValue>
					</Record>
				</Annotation>
				<Annotation Term="UI.PresentationVariant" Qualifier="RevenueByCountry">
					<Record>
						<PropertyValue Property="Text" String="Revenue by Country"/>
						<PropertyValue Property="SortOrder">
							<Collection>
								<Record Type="Common.SortOrderType">
									<PropertyValue Property="Property" PropertyPath="NetAmount"/>
									<PropertyValue Property="Descending" Bool="true"/>
								</Record>
							</Collection>
						</PropertyValue>
						<PropertyValue Property="Visualizations">
							<Collection>
								<AnnotationPath>@UI.Chart#RevenueByCountry</AnnotationPath>
							</Collection>
						</PropertyValue>
					</Record>
				</Annotation>
				<Annotation Term="UI.PresentationVariant">
					<Record>
						<PropertyValue Property="Text" String="Default"/>
						<PropertyValue Property="MaxItems" Int="12"/>
						<PropertyValue Property="SortOrder">
							<Collection>
								<Record Type="Common.SortOrderType">
									<PropertyValue Property="Property" PropertyPath="DeliveryCalendarYear"/>
									<PropertyValue Property="Descending" Bool="false"/>
								</Record>
								<Record Type="Common.SortOrderType">
									<PropertyValue Property="Property" PropertyPath="DeliveryCalendarMonth"/>
									<PropertyValue Property="Descending" Bool="false"/>
								</Record>
							</Collection>
						</PropertyValue>
						<PropertyValue Property="Visualizations">
							<Collection>
								<AnnotationPath>@UI.Chart</AnnotationPath>
							</Collection>
						</PropertyValue>
					</Record>
				</Annotation>
				<Annotation Term="Communication.Contact">
					<Record>
						<PropertyValue Property="adr">
							<Collection>
								<Record>
									<PropertyValue Property="type"
									               EnumMember="Communication.ContactInformationType/pref"/>
									<PropertyValue Property="country" Path="SoldToPartyCountry"/>
								</Record>
							</Collection>
						</PropertyValue>
					</Record>
				</Annotation>
				<Annotation Term="Communication.Address">
					<Record>
						<PropertyValue Property="type" EnumMember="Communication.ContactInformationType/pref"/>
						<PropertyValue Property="country" Path="SoldToPartyCountry"/>
					</Record>
				</Annotation>
				<Annotation Term="UI.TextArrangement" EnumMember="UI.TextArrangementType/TextOnly"/>
			</Annotations>
			<Annotations Target="SEPMRA_PROD_MAN.SEPMRA_C_PD_ProductStockType/Product">
				<Annotation Term="UI.HiddenFilter"/>
			</Annotations>
			<Annotations Target="SEPMRA_PROD_MAN.SEPMRA_C_PD_ProductStockType/Quantity">
				<Annotation Term="UI.HiddenFilter"/>
			</Annotations>
			<Annotations Target="SEPMRA_PROD_MAN.SEPMRA_C_PD_ProductStockType/QuantityUnit">
				<Annotation Term="UI.HiddenFilter"/>
			</Annotations>
			<Annotations Target="SEPMRA_PROD_MAN.SEPMRA_C_PD_ProductStockType/StockAvailability">
				<Annotation Term="Common.Text" Path="to_StockAvailability/StockAvailability_Text">
					<Annotation Term="UI.TextArrangement" EnumMember="UI.TextArrangementType/TextOnly"/>
				</Annotation>
			</Annotations>
			<Annotations Target="SEPMRA_PROD_MAN.SEPMRA_C_PD_ProductStockType">
				<Annotation Term="UI.DataPoint" Qualifier="StockAvailability">
					<Record>
						<PropertyValue Property="Value" Path="StockAvailability"/>
						<PropertyValue Property="Title" String="Availability"/>
						<PropertyValue Property="Criticality" Path="StockAvailability"/>
					</Record>
				</Annotation>
				<Annotation Term="UI.HeaderInfo">
					<Record>
						<PropertyValue Property="TypeName" String="Product Stock"/>
						<PropertyValue Property="TypeNamePlural" String="Product Stock"/>
						<PropertyValue Property="Title">
							<Record Type="UI.DataField">
								<PropertyValue Property="Value" Path="Product"/>
							</Record>
						</PropertyValue>
					</Record>
				</Annotation>
				<Annotation Term="UI.Identification">
					<Collection>
						<Record Type="UI.DataField">
							<PropertyValue Property="Value" Path="Product"/>
							<Annotation Term="UI.Importance" EnumMember="UI.ImportanceType/High"/>
						</Record>
						<Record Type="UI.DataField">
							<PropertyValue Property="Value" Path="Quantity"/>
							<Annotation Term="UI.Importance" EnumMember="UI.ImportanceType/High"/>
						</Record>
					</Collection>
				</Annotation>
			</Annotations>
			<Annotations Target="SEPMRA_PROD_MAN.SEPMRA_C_PD_ProductTextType/DraftUUID">
				<Annotation Term="UI.HiddenFilter"/>
				<Annotation Term="Common.FieldControl" EnumMember="Common.FieldControlType/Hidden"/>
				<Annotation Term="UI.Hidden"/>
			</Annotations>
			<Annotations Target="SEPMRA_PROD_MAN.SEPMRA_C_PD_ProductTextType/HasActiveEntity">
				<Annotation Term="UI.HiddenFilter"/>
				<Annotation Term="Common.FieldControl" EnumMember="Common.FieldControlType/Hidden"/>
				<Annotation Term="UI.Hidden"/>
			</Annotations>
			<Annotations Target="SEPMRA_PROD_MAN.SEPMRA_C_PD_ProductTextType/HasDraftEntity">
				<Annotation Term="UI.HiddenFilter"/>
				<Annotation Term="Common.FieldControl" EnumMember="Common.FieldControlType/Hidden"/>
				<Annotation Term="UI.Hidden"/>
			</Annotations>
			<Annotations Target="SEPMRA_PROD_MAN.SEPMRA_C_PD_ProductTextType/IsActiveEntity">
				<Annotation Term="UI.HiddenFilter"/>
				<Annotation Term="Common.FieldControl" EnumMember="Common.FieldControlType/Hidden"/>
				<Annotation Term="UI.Hidden"/>
			</Annotations>
			<Annotations Target="SEPMRA_PROD_MAN.SEPMRA_C_PD_ProductTextType/DraftEntityCreationDateTime">
				<Annotation Term="Common.FieldControl" EnumMember="Common.FieldControlType/Hidden"/>
				<Annotation Term="UI.Hidden"/>
			</Annotations>
			<Annotations Target="SEPMRA_PROD_MAN.SEPMRA_C_PD_ProductTextType/DraftEntityLastChangeDateTime">
				<Annotation Term="Common.FieldControl" EnumMember="Common.FieldControlType/Hidden"/>
				<Annotation Term="UI.Hidden"/>
			</Annotations>
			<Annotations Target="SEPMRA_PROD_MAN.SEPMRA_C_PD_ProductTextType/ParentDraftUUID">
				<Annotation Term="Common.FieldControl" EnumMember="Common.FieldControlType/Hidden"/>
				<Annotation Term="UI.Hidden"/>
			</Annotations>
			<Annotations Target="SEPMRA_PROD_MAN.SEPMRA_C_PD_ProductTextType/Preparation_ac">
				<Annotation Term="Common.FieldControl" EnumMember="Common.FieldControlType/Hidden"/>
				<Annotation Term="UI.Hidden"/>
			</Annotations>
			<Annotations Target="SEPMRA_PROD_MAN.SEPMRA_C_PD_ProductTextType/Validation_ac">
				<Annotation Term="Common.FieldControl" EnumMember="Common.FieldControlType/Hidden"/>
				<Annotation Term="UI.Hidden"/>
			</Annotations>
			<Annotations Target="SEPMRA_PROD_MAN.SEPMRA_C_PD_ProductTextType/Description_fc">
				<Annotation Term="Common.FieldControl" EnumMember="Common.FieldControlType/Hidden"/>
				<Annotation Term="UI.Hidden"/>
			</Annotations>
			<Annotations Target="SEPMRA_PROD_MAN.SEPMRA_C_PD_ProductTextType/LanguageForEdit_fc">
				<Annotation Term="Common.FieldControl" EnumMember="Common.FieldControlType/Hidden"/>
				<Annotation Term="UI.Hidden"/>
			</Annotations>
			<Annotations Target="SEPMRA_PROD_MAN.SEPMRA_C_PD_ProductTextType/Delete_mc">
				<Annotation Term="Common.FieldControl" EnumMember="Common.FieldControlType/Hidden"/>
				<Annotation Term="UI.Hidden"/>
			</Annotations>
			<Annotations Target="SEPMRA_PROD_MAN.SEPMRA_C_PD_ProductTextType/Description">
				<Annotation Term="UI.MultiLineText"/>
			</Annotations>
			<Annotations Target="SEPMRA_PROD_MAN.SEPMRA_C_PD_ProductTextType">
				<Annotation Term="UI.FieldGroup" Qualifier="ProductDescription">
					<Record>
						<PropertyValue Property="Data">
							<Collection>
								<Record Type="UI.DataField">
									<PropertyValue Property="Value" Path="Description"/>
									<Annotation Term="UI.Importance" EnumMember="UI.ImportanceType/High"/>
								</Record>
							</Collection>
						</PropertyValue>
						<PropertyValue Property="Label" String="Product Text"/>
					</Record>
				</Annotation>
				<Annotation Term="UI.FieldGroup" Qualifier="ProductText">
					<Record>
						<PropertyValue Property="Data">
							<Collection>
								<Record Type="UI.DataField">
									<PropertyValue Property="Value" Path="to_Product/OriginalLanguage"/>
									<Annotation Term="UI.Importance" EnumMember="UI.ImportanceType/Low"/>
								</Record>
								<Record Type="UI.DataField">
									<PropertyValue Property="Value" Path="Name"/>
									<Annotation Term="UI.Importance" EnumMember="UI.ImportanceType/High"/>
								</Record>
							</Collection>
						</PropertyValue>
						<PropertyValue Property="Label" String="Product Text"/>
					</Record>
				</Annotation>
				<Annotation Term="UI.Identification">
					<Collection>
						<Record Type="UI.DataField">
							<PropertyValue Property="Value" Path="Name"/>
							<Annotation Term="UI.Importance" EnumMember="UI.ImportanceType/High"/>
						</Record>
						<Record Type="UI.DataField">
							<PropertyValue Property="Value" Path="Description"/>
							<Annotation Term="UI.Importance" EnumMember="UI.ImportanceType/Medium"/>
						</Record>
						<Record Type="UI.DataField">
							<PropertyValue Property="Value" Path="LanguageForEdit"/>
							<Annotation Term="UI.Importance" EnumMember="UI.ImportanceType/High"/>
						</Record>
					</Collection>
				</Annotation>
				<Annotation Term="UI.LineItem">
					<Collection>
						<Record Type="UI.DataField">
							<PropertyValue Property="Value" Path="LanguageForEdit"/>
							<Annotation Term="UI.Importance" EnumMember="UI.ImportanceType/High"/>
						</Record>
						<Record Type="UI.DataField">
							<PropertyValue Property="Value" Path="Name"/>
							<Annotation Term="UI.Importance" EnumMember="UI.ImportanceType/High"/>
						</Record>
						<Record Type="UI.DataField">
							<PropertyValue Property="Value" Path="Description"/>
							<Annotation Term="UI.Importance" EnumMember="UI.ImportanceType/Medium"/>
						</Record>
					</Collection>
				</Annotation>
			</Annotations>
			<Annotations Target="SEPMRA_PROD_MAN.SEPMRA_C_PD_ReviewType/NumberOfReviewPosts">
				<Annotation Term="UI.HiddenFilter"/>
			</Annotations>
			<Annotations Target="SEPMRA_PROD_MAN.SEPMRA_C_PD_ReviewType/Product">
				<Annotation Term="Common.SemanticObject" String="EPMProduct"/>
			</Annotations>
			<Annotations Target="SEPMRA_PROD_MAN.SEPMRA_C_PD_ReviewType">
				<Annotation Term="UI.DataPoint" Qualifier="AverageRatingValue">
					<Record>
						<PropertyValue Property="Value" Path="AverageRatingValue"/>
						<PropertyValue Property="Title" String="Average Rating"/>
						<PropertyValue Property="TargetValue" Decimal="5"/>
						<PropertyValue Property="Visualization" EnumMember="UI.VisualizationType/Rating"/>
					</Record>
				</Annotation>
			</Annotations>
			<Annotations Target="SEPMRA_PROD_MAN.SEPMRA_C_PD_ReviewPostType/ProductReviewPostUUID">
				<Annotation Term="Common.FieldControl" EnumMember="Common.FieldControlType/Hidden"/>
				<Annotation Term="UI.Hidden"/>
			</Annotations>
			<Annotations Target="SEPMRA_PROD_MAN.SEPMRA_C_PD_ReviewPostType/ReviewPostText">
				<Annotation Term="UI.MultiLineText"/>
			</Annotations>
			<Annotations Target="SEPMRA_PROD_MAN.SEPMRA_C_PD_ReviewPostType">
				<Annotation Term="UI.DataPoint" Qualifier="NumberOfAffirmativeAnswers">
					<Record>
						<PropertyValue Property="Value" Path="NumberOfAffirmativeAnswers"/>
						<PropertyValue Property="Title" String="Rated helpful by"/>
						<PropertyValue Property="TargetValue" Path="TotalNumberOfAnswers"/>
						<PropertyValue Property="Visualization" EnumMember="UI.VisualizationType/Progress"/>
					</Record>
				</Annotation>
				<Annotation Term="UI.DataPoint" Qualifier="ReviewRatingValue">
					<Record>
						<PropertyValue Property="Value" Path="ReviewRatingValue"/>
						<PropertyValue Property="Title" String="Rating"/>
						<PropertyValue Property="TargetValue" Decimal="5"/>
						<PropertyValue Property="Visualization" EnumMember="UI.VisualizationType/Rating"/>
					</Record>
				</Annotation>
				<Annotation Term="UI.HeaderInfo">
					<Record>
						<PropertyValue Property="TypeName" String="Review"/>
						<PropertyValue Property="TypeNamePlural" String="Reviews"/>
						<PropertyValue Property="TypeImageUrl" String="sap-icon://comment"/>
						<PropertyValue Property="Title">
							<Record Type="UI.DataField">
								<PropertyValue Property="Value" Path="ContactPerson"/>
							</Record>
						</PropertyValue>
						<PropertyValue Property="Description">
							<Record Type="UI.DataField">
								<PropertyValue Property="Value" Path="ReviewPostText"/>
							</Record>
						</PropertyValue>
					</Record>
				</Annotation>
				<Annotation Term="UI.LineItem">
					<Collection>
						<Record Type="UI.DataFieldForAnnotation">
							<PropertyValue Property="Target" AnnotationPath="@UI.DataPoint#ReviewRatingValue"/>
							<Annotation Term="UI.Importance" EnumMember="UI.ImportanceType/High"/>
						</Record>
						<Record Type="UI.DataField">
							<PropertyValue Property="Value" Path="ContactPerson"/>
							<Annotation Term="UI.Importance" EnumMember="UI.ImportanceType/High"/>
						</Record>
						<Record Type="UI.DataField">
							<PropertyValue Property="Value" Path="ReviewDate"/>
							<Annotation Term="UI.Importance" EnumMember="UI.ImportanceType/High"/>
						</Record>
						<Record Type="UI.DataField">
							<PropertyValue Property="Value" Path="ReviewPostText"/>
							<Annotation Term="UI.Importance" EnumMember="UI.ImportanceType/High"/>
						</Record>
						<Record Type="UI.DataFieldForAnnotation">
							<PropertyValue Property="Target" AnnotationPath="@UI.DataPoint#NumberOfAffirmativeAnswers"/>
							<Annotation Term="UI.Importance" EnumMember="UI.ImportanceType/High"/>
						</Record>
					</Collection>
				</Annotation>
				<Annotation Term="UI.PresentationVariant">
					<Record>
						<PropertyValue Property="Text" String=""/>
						<PropertyValue Property="SortOrder">
							<Collection>
								<Record Type="Common.SortOrderType">
									<PropertyValue Property="Property" PropertyPath="ReviewDate"/>
									<PropertyValue Property="Descending" Bool="true"/>
								</Record>
							</Collection>
						</PropertyValue>
					</Record>
				</Annotation>
				<Annotation Term="UI.TextArrangement" EnumMember="UI.TextArrangementType/TextOnly"/>
			</Annotations>
			<Annotations Target="SEPMRA_PROD_MAN.SEPMRA_C_PD_StorageBinTPType/DraftUUID">
				<Annotation Term="UI.HiddenFilter"/>
				<Annotation Term="Common.FieldControl" EnumMember="Common.FieldControlType/Hidden"/>
				<Annotation Term="UI.Hidden"/>
			</Annotations>
			<Annotations Target="SEPMRA_PROD_MAN.SEPMRA_C_PD_StorageBinTPType/HasActiveEntity">
				<Annotation Term="UI.HiddenFilter"/>
				<Annotation Term="Common.FieldControl" EnumMember="Common.FieldControlType/Hidden"/>
				<Annotation Term="UI.Hidden"/>
			</Annotations>
			<Annotations Target="SEPMRA_PROD_MAN.SEPMRA_C_PD_StorageBinTPType/HasDraftEntity">
				<Annotation Term="UI.HiddenFilter"/>
				<Annotation Term="Common.FieldControl" EnumMember="Common.FieldControlType/Hidden"/>
				<Annotation Term="UI.Hidden"/>
			</Annotations>
			<Annotations Target="SEPMRA_PROD_MAN.SEPMRA_C_PD_StorageBinTPType/IsActiveEntity">
				<Annotation Term="UI.HiddenFilter"/>
				<Annotation Term="Common.FieldControl" EnumMember="Common.FieldControlType/Hidden"/>
				<Annotation Term="UI.Hidden"/>
			</Annotations>
			<Annotations Target="SEPMRA_PROD_MAN.SEPMRA_C_PD_StorageBinTPType/DraftEntityCreationDateTime">
				<Annotation Term="Common.FieldControl" EnumMember="Common.FieldControlType/Hidden"/>
				<Annotation Term="UI.Hidden"/>
			</Annotations>
			<Annotations Target="SEPMRA_PROD_MAN.SEPMRA_C_PD_StorageBinTPType/DraftEntityLastChangeDateTime">
				<Annotation Term="Common.FieldControl" EnumMember="Common.FieldControlType/Hidden"/>
				<Annotation Term="UI.Hidden"/>
			</Annotations>
			<Annotations Target="SEPMRA_PROD_MAN.SEPMRA_C_PD_StorageBinTPType/ParentDraftUUID">
				<Annotation Term="Common.FieldControl" EnumMember="Common.FieldControlType/Hidden"/>
				<Annotation Term="UI.Hidden"/>
			</Annotations>
			<Annotations Target="SEPMRA_PROD_MAN.SEPMRA_C_PD_StorageBinTPType/Preparation_ac">
				<Annotation Term="Common.FieldControl" EnumMember="Common.FieldControlType/Hidden"/>
				<Annotation Term="UI.Hidden"/>
			</Annotations>
			<Annotations Target="SEPMRA_PROD_MAN.SEPMRA_C_PD_StorageBinTPType/Validation_ac">
				<Annotation Term="Common.FieldControl" EnumMember="Common.FieldControlType/Hidden"/>
				<Annotation Term="UI.Hidden"/>
			</Annotations>
			<Annotations Target="SEPMRA_PROD_MAN.SEPMRA_C_PD_StorageBinTPType">
				<Annotation Term="UI.Chart">
					<Record Type="UI.ChartDefinitionType">
						<PropertyValue Property="Title" String="ChartTitle"/>
						<PropertyValue Property="ChartType" EnumMember="UI.ChartType/Bullet"/>
						<PropertyValue Property="Measures">
							<Collection>
								<PropertyPath>Quantity</PropertyPath>
							</Collection>
						</PropertyValue>
						<PropertyValue Property="MeasureAttributes">
							<Collection>
								<Record Type="UI.ChartMeasureAttributeType">
									<PropertyValue Property="Measure" PropertyPath="Quantity"/>
									<PropertyValue Property="Role" EnumMember="UI.ChartMeasureRoleType/Axis1"/>
									<PropertyValue Property="DataPoint" AnnotationPath="@UI.DataPoint#Quantity"/>
								</Record>
							</Collection>
						</PropertyValue>
					</Record>
				</Annotation>
				<Annotation Term="UI.DataPoint" Qualifier="LotSizeQuantity">
					<Record>
						<PropertyValue Property="Value" Path="LotSizeQuantity"/>
						<PropertyValue Property="Title" String="Lot Size"/>
						<PropertyValue Property="ValueFormat">
							<Record>
								<PropertyValue Property="NumberOfFractionalDigits" Int="1"/>
							</Record>
						</PropertyValue>
					</Record>
				</Annotation>
				<Annotation Term="UI.DataPoint" Qualifier="Quantity">
					<Record>
						<PropertyValue Property="Value" Path="Quantity"/>
						<PropertyValue Property="Title" String="DataPointTitle"/>
						<PropertyValue Property="TargetValue" Path="MinimumStockQuantity"/>
						<PropertyValue Property="MinimumValue" Decimal="0"/>
					</Record>
				</Annotation>
				<Annotation Term="UI.LineItem">
					<Collection>
						<Record Type="UI.DataField">
							<PropertyValue Property="Value" Path="Bin"/>
							<Annotation Term="UI.Importance" EnumMember="UI.ImportanceType/High"/>
						</Record>
						<Record Type="UI.DataField">
							<PropertyValue Property="Value" Path="OrganizationalUnit"/>
							<Annotation Term="UI.Importance" EnumMember="UI.ImportanceType/High"/>
						</Record>
						<Record Type="UI.DataField">
							<PropertyValue Property="Value" Path="Quantity"/>
							<Annotation Term="UI.Importance" EnumMember="UI.ImportanceType/High"/>
						</Record>
						<Record Type="UI.DataFieldForAnnotation">
							<PropertyValue Property="Target" AnnotationPath="@UI.DataPoint#LotSizeQuantity"/>
							<Annotation Term="UI.Importance" EnumMember="UI.ImportanceType/High"/>
						</Record>
						<Record Type="UI.DataField">
							<PropertyValue Property="Value" Path="MinimumStockQuantity"/>
							<Annotation Term="UI.Importance" EnumMember="UI.ImportanceType/High"/>
						</Record>
					</Collection>
				</Annotation>
			</Annotations>
			<Annotations Target="SEPMRA_PROD_MAN.SEPMRA_C_PD_Supplier">
				<Annotation Term="UI.HeaderInfo">
					<Record>
						<PropertyValue Property="TypeName" String="Supplier"/>
						<PropertyValue Property="TypeNamePlural" String="Suppliers"/>
						<PropertyValue Property="TypeImageUrl" String="sap-icon://supplier"/>
						<PropertyValue Property="Title">
							<Record Type="UI.DataField">
								<PropertyValue Property="Value" Path="CompanyName"/>
							</Record>
						</PropertyValue>
					</Record>
				</Annotation>
				<Annotation Term="UI.Identification">
					<Collection>
						<Record Type="UI.DataField">
							<PropertyValue Property="Value" Path="CompanyName"/>
							<Annotation Term="UI.Importance" EnumMember="UI.ImportanceType/High"/>
						</Record>
						<Record Type="UI.DataField">
							<PropertyValue Property="Value" Path="EmailAddress"/>
							<Annotation Term="UI.Importance" EnumMember="UI.ImportanceType/High"/>
						</Record>
						<Record Type="UI.DataField">
							<PropertyValue Property="Value" Path="PhoneNumber"/>
							<Annotation Term="UI.Importance" EnumMember="UI.ImportanceType/High"/>
						</Record>
						<Record Type="UI.DataField">
							<PropertyValue Property="Value" Path="URL"/>
							<Annotation Term="UI.Importance" EnumMember="UI.ImportanceType/High"/>
						</Record>
					</Collection>
				</Annotation>
				<Annotation Term="UI.LineItem">
					<Collection>
						<Record Type="UI.DataField">
							<PropertyValue Property="Value" Path="Supplier"/>
							<Annotation Term="UI.Importance" EnumMember="UI.ImportanceType/High"/>
						</Record>
						<Record Type="UI.DataField">
							<PropertyValue Property="Value" Path="CompanyName"/>
							<Annotation Term="UI.Importance" EnumMember="UI.ImportanceType/High"/>
						</Record>
						<Record Type="UI.DataFieldWithUrl">
							<PropertyValue Property="Value" Path="URL"/>
							<PropertyValue Property="Url" Path="URL"/>
							<Annotation Term="UI.Importance" EnumMember="UI.ImportanceType/Medium"/>
						</Record>
						<Record Type="UI.DataField">
							<PropertyValue Property="Value" Path="EmailAddress"/>
							<Annotation Term="UI.Importance" EnumMember="UI.ImportanceType/High"/>
						</Record>
						<Record Type="UI.DataField">
							<PropertyValue Property="Value" Path="PhoneNumber"/>
							<Annotation Term="UI.Importance" EnumMember="UI.ImportanceType/High"/>
						</Record>
						<Record Type="UI.DataField">
							<PropertyValue Property="Value" Path="FaxNumber"/>
							<Annotation Term="UI.Importance" EnumMember="UI.ImportanceType/Low"/>
						</Record>
					</Collection>
				</Annotation>
				<Annotation Term="Communication.Contact">
					<Record>
						<PropertyValue Property="fn" Path="CompanyName"/>
						<PropertyValue Property="tel">
							<Collection>
								<Record>
									<PropertyValue Property="type" EnumMember="Communication.PhoneType/fax"/>
									<PropertyValue Property="uri" Path="FaxNumber"/>
								</Record>
								<Record>
									<PropertyValue Property="type"
									               EnumMember="Communication.PhoneType/preferred Communication.PhoneType/work"/>
									<PropertyValue Property="uri" Path="PhoneNumber"/>
								</Record>
							</Collection>
						</PropertyValue>
						<PropertyValue Property="email">
							<Collection>
								<Record>
									<PropertyValue Property="type"
									               EnumMember="Communication.ContactInformationType/work Communication.ContactInformationType/pref"/>
									<PropertyValue Property="address" Path="EmailAddress"/>
								</Record>
							</Collection>
						</PropertyValue>
					</Record>
				</Annotation>
			</Annotations>
			<Annotations Target="SEPMRA_PROD_MAN.SEPMRA_I_AddressType">
				<Annotation Term="UI.HeaderInfo">
					<Record>
						<PropertyValue Property="TypeName" String="Address"/>
						<PropertyValue Property="TypeNamePlural" String="Addresses"/>
						<PropertyValue Property="TypeImageUrl" String="sap-icon://addresses"/>
						<PropertyValue Property="Title">
							<Record Type="UI.DataField">
								<PropertyValue Property="Value" Path="FormattedAddress"/>
							</Record>
						</PropertyValue>
					</Record>
				</Annotation>
				<Annotation Term="Communication.Contact">
					<Record>
						<PropertyValue Property="adr">
							<Collection>
								<Record>
									<PropertyValue Property="type"
									               EnumMember="Communication.ContactInformationType/pref"/>
									<PropertyValue Property="locality" Path="CityName"/>
									<PropertyValue Property="street" Path="StreetName"/>
									<PropertyValue Property="country" Path="Country"/>
									<PropertyValue Property="code" Path="PostalCode"/>
								</Record>
							</Collection>
						</PropertyValue>
					</Record>
				</Annotation>
				<Annotation Term="Communication.Address">
					<Record>
						<PropertyValue Property="type" EnumMember="Communication.ContactInformationType/pref"/>
						<PropertyValue Property="locality" Path="CityName"/>
						<PropertyValue Property="street" Path="StreetName"/>
						<PropertyValue Property="country" Path="Country"/>
						<PropertyValue Property="code" Path="PostalCode"/>
					</Record>
				</Annotation>
			</Annotations>
			<Annotations Target="SEPMRA_PROD_MAN.SEPMRA_I_DimensionUnitType/UnitOfMeasureISOCode">
				<Annotation Term="UI.HiddenFilter"/>
			</Annotations>
			<Annotations Target="SEPMRA_PROD_MAN.SEPMRA_I_DimensionUnitType">
				<Annotation Term="UI.HeaderInfo">
					<Record>
						<PropertyValue Property="TypeName" String="Dimension Unit"/>
						<PropertyValue Property="TypeNamePlural" String="Dimension Units"/>
						<PropertyValue Property="TypeImageUrl" String="sap-icon://compare"/>
						<PropertyValue Property="Title">
							<Record Type="UI.DataField">
								<PropertyValue Property="Value" Path="UnitOfMeasure"/>
							</Record>
						</PropertyValue>
					</Record>
				</Annotation>
				<Annotation Term="UI.Identification">
					<Collection>
						<Record Type="UI.DataField">
							<PropertyValue Property="Value" Path="UnitOfMeasure"/>
							<Annotation Term="UI.Importance" EnumMember="UI.ImportanceType/High"/>
						</Record>
					</Collection>
				</Annotation>
				<Annotation Term="UI.LineItem">
					<Collection>
						<Record Type="UI.DataField">
							<PropertyValue Property="Value" Path="UnitOfMeasure"/>
							<Annotation Term="UI.Importance" EnumMember="UI.ImportanceType/High"/>
						</Record>
					</Collection>
				</Annotation>
			</Annotations>
			<Annotations Target="SEPMRA_PROD_MAN.SEPMRA_I_ProductCategoryType/to_MainCategory">
				<Annotation Term="UI.HiddenFilter"/>
			</Annotations>
			<Annotations Target="SEPMRA_PROD_MAN.SEPMRA_I_QuantityUnitType/UnitOfMeasureISOCode">
				<Annotation Term="UI.HiddenFilter"/>
			</Annotations>
			<Annotations Target="SEPMRA_PROD_MAN.SEPMRA_I_QuantityUnitType">
				<Annotation Term="UI.HeaderInfo">
					<Record>
						<PropertyValue Property="TypeName" String="Quantity Unit"/>
						<PropertyValue Property="TypeNamePlural" String="Quantity Units"/>
						<PropertyValue Property="TypeImageUrl" String="sap-icon://compare"/>
						<PropertyValue Property="Title">
							<Record Type="UI.DataField">
								<PropertyValue Property="Value" Path="UnitOfMeasure"/>
							</Record>
						</PropertyValue>
					</Record>
				</Annotation>
				<Annotation Term="UI.Identification">
					<Collection>
						<Record Type="UI.DataField">
							<PropertyValue Property="Value" Path="UnitOfMeasure"/>
							<Annotation Term="UI.Importance" EnumMember="UI.ImportanceType/High"/>
						</Record>
					</Collection>
				</Annotation>
				<Annotation Term="UI.LineItem">
					<Collection>
						<Record Type="UI.DataField">
							<PropertyValue Property="Value" Path="UnitOfMeasure"/>
							<Annotation Term="UI.Importance" EnumMember="UI.ImportanceType/High"/>
						</Record>
					</Collection>
				</Annotation>
			</Annotations>
			<Annotations Target="SEPMRA_PROD_MAN.SEPMRA_I_WeightUnitType/UnitOfMeasureISOCode">
				<Annotation Term="UI.HiddenFilter"/>
			</Annotations>
			<Annotations Target="SEPMRA_PROD_MAN.SEPMRA_I_WeightUnitType">
				<Annotation Term="UI.HeaderInfo">
					<Record>
						<PropertyValue Property="TypeName" String="Weight Unit"/>
						<PropertyValue Property="TypeNamePlural" String="Weight Units"/>
						<PropertyValue Property="TypeImageUrl" String="sap-icon://compare"/>
						<PropertyValue Property="Title">
							<Record Type="UI.DataField">
								<PropertyValue Property="Value" Path="UnitOfMeasure"/>
							</Record>
						</PropertyValue>
					</Record>
				</Annotation>
				<Annotation Term="UI.Identification">
					<Collection>
						<Record Type="UI.DataField">
							<PropertyValue Property="Value" Path="UnitOfMeasure"/>
							<Annotation Term="UI.Importance" EnumMember="UI.ImportanceType/High"/>
						</Record>
					</Collection>
				</Annotation>
				<Annotation Term="UI.LineItem">
					<Collection>
						<Record Type="UI.DataField">
							<PropertyValue Property="Value" Path="UnitOfMeasure"/>
							<Annotation Term="UI.Importance" EnumMember="UI.ImportanceType/High"/>
						</Record>
					</Collection>
				</Annotation>
			</Annotations>
		</Schema>
	</edmx:DataServices>
</edmx:Edmx>
