{
	"d" : {
		"results" : [
				{
					"__metadata" : {
						"id" : "/sap/opu/odata/IWBEP/GWSAMPLE_BASIC/VH_CountrySet('AD')",
						"uri" : "/sap/opu/odata/IWBEP/GWSAMPLE_BASIC/VH_CountrySet('AD')",
						"type" : "GWSAMPLE_BASIC.VH_Country"
					},
					"Land1" : "AD",
					"Landx" : "Andorra",
					"Natio" : "Andorran"
				},
				{
					"__metadata" : {
						"id" : "/sap/opu/odata/IWBEP/GWSAMPLE_BASIC/VH_CountrySet('AE')",
						"uri" : "/sap/opu/odata/IWBEP/GWSAMPLE_BASIC/VH_CountrySet('AE')",
						"type" : "GWSAMPLE_BASIC.VH_Country"
					},
					"Land1" : "AE",
					"Landx" : "Utd.Arab Emir.",
					"Natio" : "Unit.Arab Emir."
				},
				{
					"__metadata" : {
						"id" : "/sap/opu/odata/IWBEP/GWSAMPLE_BASIC/VH_CountrySet('AF')",
						"uri" : "/sap/opu/odata/IWBEP/GWSAMPLE_BASIC/VH_CountrySet('AF')",
						"type" : "GWSAMPLE_BASIC.VH_Country"
					},
					"Land1" : "AF",
					"Landx" : "Afghanistan",
					"Natio" : "Afghan"
				},
				{
					"__metadata" : {
						"id" : "/sap/opu/odata/IWBEP/GWSAMPLE_BASIC/VH_CountrySet('AG')",
						"uri" : "/sap/opu/odata/IWBEP/GWSAMPLE_BASIC/VH_CountrySet('AG')",
						"type" : "GWSAMPLE_BASIC.VH_Country"
					},
					"Land1" : "AG",
					"Landx" : "Antigua/Barbuda",
					"Natio" : "Antiguan"
				},
				{
					"__metadata" : {
						"id" : "/sap/opu/odata/IWBEP/GWSAMPLE_BASIC/VH_CountrySet('AI')",
						"uri" : "/sap/opu/odata/IWBEP/GWSAMPLE_BASIC/VH_CountrySet('AI')",
						"type" : "GWSAMPLE_BASIC.VH_Country"
					},
					"Land1" : "AI",
					"Landx" : "Anguilla",
					"Natio" : "Anguilla"
				},
				{
					"__metadata" : {
						"id" : "/sap/opu/odata/IWBEP/GWSAMPLE_BASIC/VH_CountrySet('AL')",
						"uri" : "/sap/opu/odata/IWBEP/GWSAMPLE_BASIC/VH_CountrySet('AL')",
						"type" : "GWSAMPLE_BASIC.VH_Country"
					},
					"Land1" : "AL",
					"Landx" : "Albania",
					"Natio" : "Albanian"
				},
				{
					"__metadata" : {
						"id" : "/sap/opu/odata/IWBEP/GWSAMPLE_BASIC/VH_CountrySet('AM')",
						"uri" : "/sap/opu/odata/IWBEP/GWSAMPLE_BASIC/VH_CountrySet('AM')",
						"type" : "GWSAMPLE_BASIC.VH_Country"
					},
					"Land1" : "AM",
					"Landx" : "Armenia",
					"Natio" : "Armenian"
				},
				{
					"__metadata" : {
						"id" : "/sap/opu/odata/IWBEP/GWSAMPLE_BASIC/VH_CountrySet('AO')",
						"uri" : "/sap/opu/odata/IWBEP/GWSAMPLE_BASIC/VH_CountrySet('AO')",
						"type" : "GWSAMPLE_BASIC.VH_Country"
					},
					"Land1" : "AO",
					"Landx" : "Angola",
					"Natio" : "Angolan"
				},
				{
					"__metadata" : {
						"id" : "/sap/opu/odata/IWBEP/GWSAMPLE_BASIC/VH_CountrySet('AQ')",
						"uri" : "/sap/opu/odata/IWBEP/GWSAMPLE_BASIC/VH_CountrySet('AQ')",
						"type" : "GWSAMPLE_BASIC.VH_Country"
					},
					"Land1" : "AQ",
					"Landx" : "Antarctica",
					"Natio" : "Antarctica"
				},
				{
					"__metadata" : {
						"id" : "/sap/opu/odata/IWBEP/GWSAMPLE_BASIC/VH_CountrySet('AR')",
						"uri" : "/sap/opu/odata/IWBEP/GWSAMPLE_BASIC/VH_CountrySet('AR')",
						"type" : "GWSAMPLE_BASIC.VH_Country"
					},
					"Land1" : "AR",
					"Landx" : "Argentina",
					"Natio" : "Argentinian"
				},
				{
					"__metadata" : {
						"id" : "/sap/opu/odata/IWBEP/GWSAMPLE_BASIC/VH_CountrySet('AS')",
						"uri" : "/sap/opu/odata/IWBEP/GWSAMPLE_BASIC/VH_CountrySet('AS')",
						"type" : "GWSAMPLE_BASIC.VH_Country"
					},
					"Land1" : "AS",
					"Landx" : "Samoa, America",
					"Natio" : "Samoan"
				},
				{
					"__metadata" : {
						"id" : "/sap/opu/odata/IWBEP/GWSAMPLE_BASIC/VH_CountrySet('AT')",
						"uri" : "/sap/opu/odata/IWBEP/GWSAMPLE_BASIC/VH_CountrySet('AT')",
						"type" : "GWSAMPLE_BASIC.VH_Country"
					},
					"Land1" : "AT",
					"Landx" : "Austria",
					"Natio" : "Austrian"
				},
				{
					"__metadata" : {
						"id" : "/sap/opu/odata/IWBEP/GWSAMPLE_BASIC/VH_CountrySet('AU')",
						"uri" : "/sap/opu/odata/IWBEP/GWSAMPLE_BASIC/VH_CountrySet('AU')",
						"type" : "GWSAMPLE_BASIC.VH_Country"
					},
					"Land1" : "AU",
					"Landx" : "Australia",
					"Natio" : "Australian"
				},
				{
					"__metadata" : {
						"id" : "/sap/opu/odata/IWBEP/GWSAMPLE_BASIC/VH_CountrySet('AW')",
						"uri" : "/sap/opu/odata/IWBEP/GWSAMPLE_BASIC/VH_CountrySet('AW')",
						"type" : "GWSAMPLE_BASIC.VH_Country"
					},
					"Land1" : "AW",
					"Landx" : "Aruba",
					"Natio" : "Arubanic"
				},
				{
					"__metadata" : {
						"id" : "/sap/opu/odata/IWBEP/GWSAMPLE_BASIC/VH_CountrySet('AX')",
						"uri" : "/sap/opu/odata/IWBEP/GWSAMPLE_BASIC/VH_CountrySet('AX')",
						"type" : "GWSAMPLE_BASIC.VH_Country"
					},
					"Land1" : "AX",
					"Landx" : "",
					"Natio" : ""
				},
				{
					"__metadata" : {
						"id" : "/sap/opu/odata/IWBEP/GWSAMPLE_BASIC/VH_CountrySet('AZ')",
						"uri" : "/sap/opu/odata/IWBEP/GWSAMPLE_BASIC/VH_CountrySet('AZ')",
						"type" : "GWSAMPLE_BASIC.VH_Country"
					},
					"Land1" : "AZ",
					"Landx" : "Azerbaijan",
					"Natio" : "Azerbaijani"
				},
				{
					"__metadata" : {
						"id" : "/sap/opu/odata/IWBEP/GWSAMPLE_BASIC/VH_CountrySet('BA')",
						"uri" : "/sap/opu/odata/IWBEP/GWSAMPLE_BASIC/VH_CountrySet('BA')",
						"type" : "GWSAMPLE_BASIC.VH_Country"
					},
					"Land1" : "BA",
					"Landx" : "Bosnia-Herz.",
					"Natio" : "Bosnian"
				},
				{
					"__metadata" : {
						"id" : "/sap/opu/odata/IWBEP/GWSAMPLE_BASIC/VH_CountrySet('BB')",
						"uri" : "/sap/opu/odata/IWBEP/GWSAMPLE_BASIC/VH_CountrySet('BB')",
						"type" : "GWSAMPLE_BASIC.VH_Country"
					},
					"Land1" : "BB",
					"Landx" : "Barbados",
					"Natio" : "Barbadan"
				},
				{
					"__metadata" : {
						"id" : "/sap/opu/odata/IWBEP/GWSAMPLE_BASIC/VH_CountrySet('BD')",
						"uri" : "/sap/opu/odata/IWBEP/GWSAMPLE_BASIC/VH_CountrySet('BD')",
						"type" : "GWSAMPLE_BASIC.VH_Country"
					},
					"Land1" : "BD",
					"Landx" : "Bangladesh",
					"Natio" : "Bangladeshi"
				},
				{
					"__metadata" : {
						"id" : "/sap/opu/odata/IWBEP/GWSAMPLE_BASIC/VH_CountrySet('BE')",
						"uri" : "/sap/opu/odata/IWBEP/GWSAMPLE_BASIC/VH_CountrySet('BE')",
						"type" : "GWSAMPLE_BASIC.VH_Country"
					},
					"Land1" : "BE",
					"Landx" : "Belgium",
					"Natio" : "Belgian"
				},
				{
					"__metadata" : {
						"id" : "/sap/opu/odata/IWBEP/GWSAMPLE_BASIC/VH_CountrySet('BF')",
						"uri" : "/sap/opu/odata/IWBEP/GWSAMPLE_BASIC/VH_CountrySet('BF')",
						"type" : "GWSAMPLE_BASIC.VH_Country"
					},
					"Land1" : "BF",
					"Landx" : "Burkina Faso",
					"Natio" : "Burkinabe"
				},
				{
					"__metadata" : {
						"id" : "/sap/opu/odata/IWBEP/GWSAMPLE_BASIC/VH_CountrySet('BG')",
						"uri" : "/sap/opu/odata/IWBEP/GWSAMPLE_BASIC/VH_CountrySet('BG')",
						"type" : "GWSAMPLE_BASIC.VH_Country"
					},
					"Land1" : "BG",
					"Landx" : "Bulgaria",
					"Natio" : "Bulgarian"
				},
				{
					"__metadata" : {
						"id" : "/sap/opu/odata/IWBEP/GWSAMPLE_BASIC/VH_CountrySet('BH')",
						"uri" : "/sap/opu/odata/IWBEP/GWSAMPLE_BASIC/VH_CountrySet('BH')",
						"type" : "GWSAMPLE_BASIC.VH_Country"
					},
					"Land1" : "BH",
					"Landx" : "Bahrain",
					"Natio" : "Bahraini"
				},
				{
					"__metadata" : {
						"id" : "/sap/opu/odata/IWBEP/GWSAMPLE_BASIC/VH_CountrySet('BI')",
						"uri" : "/sap/opu/odata/IWBEP/GWSAMPLE_BASIC/VH_CountrySet('BI')",
						"type" : "GWSAMPLE_BASIC.VH_Country"
					},
					"Land1" : "BI",
					"Landx" : "Burundi",
					"Natio" : "Burundi"
				},
				{
					"__metadata" : {
						"id" : "/sap/opu/odata/IWBEP/GWSAMPLE_BASIC/VH_CountrySet('BJ')",
						"uri" : "/sap/opu/odata/IWBEP/GWSAMPLE_BASIC/VH_CountrySet('BJ')",
						"type" : "GWSAMPLE_BASIC.VH_Country"
					},
					"Land1" : "BJ",
					"Landx" : "Benin",
					"Natio" : "Beninese"
				},
				{
					"__metadata" : {
						"id" : "/sap/opu/odata/IWBEP/GWSAMPLE_BASIC/VH_CountrySet('BM')",
						"uri" : "/sap/opu/odata/IWBEP/GWSAMPLE_BASIC/VH_CountrySet('BM')",
						"type" : "GWSAMPLE_BASIC.VH_Country"
					},
					"Land1" : "BM",
					"Landx" : "Bermuda",
					"Natio" : "Bermudan"
				},
				{
					"__metadata" : {
						"id" : "/sap/opu/odata/IWBEP/GWSAMPLE_BASIC/VH_CountrySet('BN')",
						"uri" : "/sap/opu/odata/IWBEP/GWSAMPLE_BASIC/VH_CountrySet('BN')",
						"type" : "GWSAMPLE_BASIC.VH_Country"
					},
					"Land1" : "BN",
					"Landx" : "Brunei Daruss.",
					"Natio" : "Brunei"
				},
				{
					"__metadata" : {
						"id" : "/sap/opu/odata/IWBEP/GWSAMPLE_BASIC/VH_CountrySet('BO')",
						"uri" : "/sap/opu/odata/IWBEP/GWSAMPLE_BASIC/VH_CountrySet('BO')",
						"type" : "GWSAMPLE_BASIC.VH_Country"
					},
					"Land1" : "BO",
					"Landx" : "Bolivia",
					"Natio" : "Bolivian"
				},
				{
					"__metadata" : {
						"id" : "/sap/opu/odata/IWBEP/GWSAMPLE_BASIC/VH_CountrySet('BQ')",
						"uri" : "/sap/opu/odata/IWBEP/GWSAMPLE_BASIC/VH_CountrySet('BQ')",
						"type" : "GWSAMPLE_BASIC.VH_Country"
					},
					"Land1" : "BQ",
					"Landx" : "Bonaire, Saba",
					"Natio" : "Dutch"
				},
				{
					"__metadata" : {
						"id" : "/sap/opu/odata/IWBEP/GWSAMPLE_BASIC/VH_CountrySet('BR')",
						"uri" : "/sap/opu/odata/IWBEP/GWSAMPLE_BASIC/VH_CountrySet('BR')",
						"type" : "GWSAMPLE_BASIC.VH_Country"
					},
					"Land1" : "BR",
					"Landx" : "Brazil",
					"Natio" : "Brazilian"
				},
				{
					"__metadata" : {
						"id" : "/sap/opu/odata/IWBEP/GWSAMPLE_BASIC/VH_CountrySet('BS')",
						"uri" : "/sap/opu/odata/IWBEP/GWSAMPLE_BASIC/VH_CountrySet('BS')",
						"type" : "GWSAMPLE_BASIC.VH_Country"
					},
					"Land1" : "BS",
					"Landx" : "Bahamas",
					"Natio" : "Bahaman"
				},
				{
					"__metadata" : {
						"id" : "/sap/opu/odata/IWBEP/GWSAMPLE_BASIC/VH_CountrySet('BT')",
						"uri" : "/sap/opu/odata/IWBEP/GWSAMPLE_BASIC/VH_CountrySet('BT')",
						"type" : "GWSAMPLE_BASIC.VH_Country"
					},
					"Land1" : "BT",
					"Landx" : "Bhutan",
					"Natio" : "Bhutanese"
				},
				{
					"__metadata" : {
						"id" : "/sap/opu/odata/IWBEP/GWSAMPLE_BASIC/VH_CountrySet('BV')",
						"uri" : "/sap/opu/odata/IWBEP/GWSAMPLE_BASIC/VH_CountrySet('BV')",
						"type" : "GWSAMPLE_BASIC.VH_Country"
					},
					"Land1" : "BV",
					"Landx" : "Bouvet Islands",
					"Natio" : "Bouvet Islands"
				},
				{
					"__metadata" : {
						"id" : "/sap/opu/odata/IWBEP/GWSAMPLE_BASIC/VH_CountrySet('BW')",
						"uri" : "/sap/opu/odata/IWBEP/GWSAMPLE_BASIC/VH_CountrySet('BW')",
						"type" : "GWSAMPLE_BASIC.VH_Country"
					},
					"Land1" : "BW",
					"Landx" : "Botswana",
					"Natio" : "Botswanan"
				},
				{
					"__metadata" : {
						"id" : "/sap/opu/odata/IWBEP/GWSAMPLE_BASIC/VH_CountrySet('BY')",
						"uri" : "/sap/opu/odata/IWBEP/GWSAMPLE_BASIC/VH_CountrySet('BY')",
						"type" : "GWSAMPLE_BASIC.VH_Country"
					},
					"Land1" : "BY",
					"Landx" : "Belarus",
					"Natio" : "Belarusian"
				},
				{
					"__metadata" : {
						"id" : "/sap/opu/odata/IWBEP/GWSAMPLE_BASIC/VH_CountrySet('BZ')",
						"uri" : "/sap/opu/odata/IWBEP/GWSAMPLE_BASIC/VH_CountrySet('BZ')",
						"type" : "GWSAMPLE_BASIC.VH_Country"
					},
					"Land1" : "BZ",
					"Landx" : "Belize",
					"Natio" : "Belizean"
				},
				{
					"__metadata" : {
						"id" : "/sap/opu/odata/IWBEP/GWSAMPLE_BASIC/VH_CountrySet('CA')",
						"uri" : "/sap/opu/odata/IWBEP/GWSAMPLE_BASIC/VH_CountrySet('CA')",
						"type" : "GWSAMPLE_BASIC.VH_Country"
					},
					"Land1" : "CA",
					"Landx" : "Canada",
					"Natio" : "Canadian"
				},
				{
					"__metadata" : {
						"id" : "/sap/opu/odata/IWBEP/GWSAMPLE_BASIC/VH_CountrySet('CC')",
						"uri" : "/sap/opu/odata/IWBEP/GWSAMPLE_BASIC/VH_CountrySet('CC')",
						"type" : "GWSAMPLE_BASIC.VH_Country"
					},
					"Land1" : "CC",
					"Landx" : "Coconut Islands",
					"Natio" : "Australian"
				},
				{
					"__metadata" : {
						"id" : "/sap/opu/odata/IWBEP/GWSAMPLE_BASIC/VH_CountrySet('CD')",
						"uri" : "/sap/opu/odata/IWBEP/GWSAMPLE_BASIC/VH_CountrySet('CD')",
						"type" : "GWSAMPLE_BASIC.VH_Country"
					},
					"Land1" : "CD",
					"Landx" : "Dem. Rep. Congo",
					"Natio" : "Congolese"
				},
				{
					"__metadata" : {
						"id" : "/sap/opu/odata/IWBEP/GWSAMPLE_BASIC/VH_CountrySet('CF')",
						"uri" : "/sap/opu/odata/IWBEP/GWSAMPLE_BASIC/VH_CountrySet('CF')",
						"type" : "GWSAMPLE_BASIC.VH_Country"
					},
					"Land1" : "CF",
					"Landx" : "CAR",
					"Natio" : "Central African"
				},
				{
					"__metadata" : {
						"id" : "/sap/opu/odata/IWBEP/GWSAMPLE_BASIC/VH_CountrySet('CG')",
						"uri" : "/sap/opu/odata/IWBEP/GWSAMPLE_BASIC/VH_CountrySet('CG')",
						"type" : "GWSAMPLE_BASIC.VH_Country"
					},
					"Land1" : "CG",
					"Landx" : "Rep.of Congo",
					"Natio" : "Congolese"
				},
				{
					"__metadata" : {
						"id" : "/sap/opu/odata/IWBEP/GWSAMPLE_BASIC/VH_CountrySet('CH')",
						"uri" : "/sap/opu/odata/IWBEP/GWSAMPLE_BASIC/VH_CountrySet('CH')",
						"type" : "GWSAMPLE_BASIC.VH_Country"
					},
					"Land1" : "CH",
					"Landx" : "Switzerland",
					"Natio" : "Swiss"
				},
				{
					"__metadata" : {
						"id" : "/sap/opu/odata/IWBEP/GWSAMPLE_BASIC/VH_CountrySet('CI')",
						"uri" : "/sap/opu/odata/IWBEP/GWSAMPLE_BASIC/VH_CountrySet('CI')",
						"type" : "GWSAMPLE_BASIC.VH_Country"
					},
					"Land1" : "CI",
					"Landx" : "Cote d'Ivoire",
					"Natio" : "Ivoirian"
				},
				{
					"__metadata" : {
						"id" : "/sap/opu/odata/IWBEP/GWSAMPLE_BASIC/VH_CountrySet('CK')",
						"uri" : "/sap/opu/odata/IWBEP/GWSAMPLE_BASIC/VH_CountrySet('CK')",
						"type" : "GWSAMPLE_BASIC.VH_Country"
					},
					"Land1" : "CK",
					"Landx" : "Cook Islands",
					"Natio" : "Cook Islands"
				},
				{
					"__metadata" : {
						"id" : "/sap/opu/odata/IWBEP/GWSAMPLE_BASIC/VH_CountrySet('CL')",
						"uri" : "/sap/opu/odata/IWBEP/GWSAMPLE_BASIC/VH_CountrySet('CL')",
						"type" : "GWSAMPLE_BASIC.VH_Country"
					},
					"Land1" : "CL",
					"Landx" : "Chile",
					"Natio" : "Chilean"
				},
				{
					"__metadata" : {
						"id" : "/sap/opu/odata/IWBEP/GWSAMPLE_BASIC/VH_CountrySet('CM')",
						"uri" : "/sap/opu/odata/IWBEP/GWSAMPLE_BASIC/VH_CountrySet('CM')",
						"type" : "GWSAMPLE_BASIC.VH_Country"
					},
					"Land1" : "CM",
					"Landx" : "Cameroon",
					"Natio" : "Cameroonian"
				},
				{
					"__metadata" : {
						"id" : "/sap/opu/odata/IWBEP/GWSAMPLE_BASIC/VH_CountrySet('CN')",
						"uri" : "/sap/opu/odata/IWBEP/GWSAMPLE_BASIC/VH_CountrySet('CN')",
						"type" : "GWSAMPLE_BASIC.VH_Country"
					},
					"Land1" : "CN",
					"Landx" : "China",
					"Natio" : "Chinese"
				},
				{
					"__metadata" : {
						"id" : "/sap/opu/odata/IWBEP/GWSAMPLE_BASIC/VH_CountrySet('CO')",
						"uri" : "/sap/opu/odata/IWBEP/GWSAMPLE_BASIC/VH_CountrySet('CO')",
						"type" : "GWSAMPLE_BASIC.VH_Country"
					},
					"Land1" : "CO",
					"Landx" : "Colombia",
					"Natio" : "Colombian"
				},
				{
					"__metadata" : {
						"id" : "/sap/opu/odata/IWBEP/GWSAMPLE_BASIC/VH_CountrySet('CR')",
						"uri" : "/sap/opu/odata/IWBEP/GWSAMPLE_BASIC/VH_CountrySet('CR')",
						"type" : "GWSAMPLE_BASIC.VH_Country"
					},
					"Land1" : "CR",
					"Landx" : "Costa Rica",
					"Natio" : "Costa Rican"
				},
				{
					"__metadata" : {
						"id" : "/sap/opu/odata/IWBEP/GWSAMPLE_BASIC/VH_CountrySet('CS')",
						"uri" : "/sap/opu/odata/IWBEP/GWSAMPLE_BASIC/VH_CountrySet('CS')",
						"type" : "GWSAMPLE_BASIC.VH_Country"
					},
					"Land1" : "CS",
					"Landx" : "Serbia/Monten.",
					"Natio" : "Serbian/Monten."
				},
				{
					"__metadata" : {
						"id" : "/sap/opu/odata/IWBEP/GWSAMPLE_BASIC/VH_CountrySet('CU')",
						"uri" : "/sap/opu/odata/IWBEP/GWSAMPLE_BASIC/VH_CountrySet('CU')",
						"type" : "GWSAMPLE_BASIC.VH_Country"
					},
					"Land1" : "CU",
					"Landx" : "Cuba",
					"Natio" : "Cuban"
				},
				{
					"__metadata" : {
						"id" : "/sap/opu/odata/IWBEP/GWSAMPLE_BASIC/VH_CountrySet('CV')",
						"uri" : "/sap/opu/odata/IWBEP/GWSAMPLE_BASIC/VH_CountrySet('CV')",
						"type" : "GWSAMPLE_BASIC.VH_Country"
					},
					"Land1" : "CV",
					"Landx" : "Cape Verde",
					"Natio" : "Cape Verdean"
				},
				{
					"__metadata" : {
						"id" : "/sap/opu/odata/IWBEP/GWSAMPLE_BASIC/VH_CountrySet('CW')",
						"uri" : "/sap/opu/odata/IWBEP/GWSAMPLE_BASIC/VH_CountrySet('CW')",
						"type" : "GWSAMPLE_BASIC.VH_Country"
					},
					"Land1" : "CW",
					"Landx" : "Curaçao",
					"Natio" : "Curaçaoan"
				},
				{
					"__metadata" : {
						"id" : "/sap/opu/odata/IWBEP/GWSAMPLE_BASIC/VH_CountrySet('CX')",
						"uri" : "/sap/opu/odata/IWBEP/GWSAMPLE_BASIC/VH_CountrySet('CX')",
						"type" : "GWSAMPLE_BASIC.VH_Country"
					},
					"Land1" : "CX",
					"Landx" : "Christmas Islnd",
					"Natio" : "Australian"
				},
				{
					"__metadata" : {
						"id" : "/sap/opu/odata/IWBEP/GWSAMPLE_BASIC/VH_CountrySet('CY')",
						"uri" : "/sap/opu/odata/IWBEP/GWSAMPLE_BASIC/VH_CountrySet('CY')",
						"type" : "GWSAMPLE_BASIC.VH_Country"
					},
					"Land1" : "CY",
					"Landx" : "Cyprus",
					"Natio" : "Cypriot"
				},
				{
					"__metadata" : {
						"id" : "/sap/opu/odata/IWBEP/GWSAMPLE_BASIC/VH_CountrySet('CZ')",
						"uri" : "/sap/opu/odata/IWBEP/GWSAMPLE_BASIC/VH_CountrySet('CZ')",
						"type" : "GWSAMPLE_BASIC.VH_Country"
					},
					"Land1" : "CZ",
					"Landx" : "Czech Republic",
					"Natio" : "Czech"
				},
				{
					"__metadata" : {
						"id" : "/sap/opu/odata/IWBEP/GWSAMPLE_BASIC/VH_CountrySet('DE')",
						"uri" : "/sap/opu/odata/IWBEP/GWSAMPLE_BASIC/VH_CountrySet('DE')",
						"type" : "GWSAMPLE_BASIC.VH_Country"
					},
					"Land1" : "DE",
					"Landx" : "Germany",
					"Natio" : "German"
				},
				{
					"__metadata" : {
						"id" : "/sap/opu/odata/IWBEP/GWSAMPLE_BASIC/VH_CountrySet('DJ')",
						"uri" : "/sap/opu/odata/IWBEP/GWSAMPLE_BASIC/VH_CountrySet('DJ')",
						"type" : "GWSAMPLE_BASIC.VH_Country"
					},
					"Land1" : "DJ",
					"Landx" : "Djibouti",
					"Natio" : "Djiboutian"
				},
				{
					"__metadata" : {
						"id" : "/sap/opu/odata/IWBEP/GWSAMPLE_BASIC/VH_CountrySet('DK')",
						"uri" : "/sap/opu/odata/IWBEP/GWSAMPLE_BASIC/VH_CountrySet('DK')",
						"type" : "GWSAMPLE_BASIC.VH_Country"
					},
					"Land1" : "DK",
					"Landx" : "Denmark",
					"Natio" : "Danish"
				},
				{
					"__metadata" : {
						"id" : "/sap/opu/odata/IWBEP/GWSAMPLE_BASIC/VH_CountrySet('DM')",
						"uri" : "/sap/opu/odata/IWBEP/GWSAMPLE_BASIC/VH_CountrySet('DM')",
						"type" : "GWSAMPLE_BASIC.VH_Country"
					},
					"Land1" : "DM",
					"Landx" : "Dominica",
					"Natio" : "Dominican"
				},
				{
					"__metadata" : {
						"id" : "/sap/opu/odata/IWBEP/GWSAMPLE_BASIC/VH_CountrySet('DO')",
						"uri" : "/sap/opu/odata/IWBEP/GWSAMPLE_BASIC/VH_CountrySet('DO')",
						"type" : "GWSAMPLE_BASIC.VH_Country"
					},
					"Land1" : "DO",
					"Landx" : "Dominican Rep.",
					"Natio" : "Dominican"
				},
				{
					"__metadata" : {
						"id" : "/sap/opu/odata/IWBEP/GWSAMPLE_BASIC/VH_CountrySet('DZ')",
						"uri" : "/sap/opu/odata/IWBEP/GWSAMPLE_BASIC/VH_CountrySet('DZ')",
						"type" : "GWSAMPLE_BASIC.VH_Country"
					},
					"Land1" : "DZ",
					"Landx" : "Algeria",
					"Natio" : "Algerian"
				},
				{
					"__metadata" : {
						"id" : "/sap/opu/odata/IWBEP/GWSAMPLE_BASIC/VH_CountrySet('EC')",
						"uri" : "/sap/opu/odata/IWBEP/GWSAMPLE_BASIC/VH_CountrySet('EC')",
						"type" : "GWSAMPLE_BASIC.VH_Country"
					},
					"Land1" : "EC",
					"Landx" : "Ecuador",
					"Natio" : "Ecuadorian"
				},
				{
					"__metadata" : {
						"id" : "/sap/opu/odata/IWBEP/GWSAMPLE_BASIC/VH_CountrySet('EE')",
						"uri" : "/sap/opu/odata/IWBEP/GWSAMPLE_BASIC/VH_CountrySet('EE')",
						"type" : "GWSAMPLE_BASIC.VH_Country"
					},
					"Land1" : "EE",
					"Landx" : "Estonia",
					"Natio" : "Estonian"
				},
				{
					"__metadata" : {
						"id" : "/sap/opu/odata/IWBEP/GWSAMPLE_BASIC/VH_CountrySet('EG')",
						"uri" : "/sap/opu/odata/IWBEP/GWSAMPLE_BASIC/VH_CountrySet('EG')",
						"type" : "GWSAMPLE_BASIC.VH_Country"
					},
					"Land1" : "EG",
					"Landx" : "Egypt",
					"Natio" : "Egyptian"
				},
				{
					"__metadata" : {
						"id" : "/sap/opu/odata/IWBEP/GWSAMPLE_BASIC/VH_CountrySet('EH')",
						"uri" : "/sap/opu/odata/IWBEP/GWSAMPLE_BASIC/VH_CountrySet('EH')",
						"type" : "GWSAMPLE_BASIC.VH_Country"
					},
					"Land1" : "EH",
					"Landx" : "West Sahara",
					"Natio" : "French"
				},
				{
					"__metadata" : {
						"id" : "/sap/opu/odata/IWBEP/GWSAMPLE_BASIC/VH_CountrySet('ER')",
						"uri" : "/sap/opu/odata/IWBEP/GWSAMPLE_BASIC/VH_CountrySet('ER')",
						"type" : "GWSAMPLE_BASIC.VH_Country"
					},
					"Land1" : "ER",
					"Landx" : "Eritrea",
					"Natio" : "Eritrean"
				},
				{
					"__metadata" : {
						"id" : "/sap/opu/odata/IWBEP/GWSAMPLE_BASIC/VH_CountrySet('ES')",
						"uri" : "/sap/opu/odata/IWBEP/GWSAMPLE_BASIC/VH_CountrySet('ES')",
						"type" : "GWSAMPLE_BASIC.VH_Country"
					},
					"Land1" : "ES",
					"Landx" : "Spain",
					"Natio" : "Spanish"
				},
				{
					"__metadata" : {
						"id" : "/sap/opu/odata/IWBEP/GWSAMPLE_BASIC/VH_CountrySet('ET')",
						"uri" : "/sap/opu/odata/IWBEP/GWSAMPLE_BASIC/VH_CountrySet('ET')",
						"type" : "GWSAMPLE_BASIC.VH_Country"
					},
					"Land1" : "ET",
					"Landx" : "Ethiopia",
					"Natio" : "Ethiopian"
				},
				{
					"__metadata" : {
						"id" : "/sap/opu/odata/IWBEP/GWSAMPLE_BASIC/VH_CountrySet('FI')",
						"uri" : "/sap/opu/odata/IWBEP/GWSAMPLE_BASIC/VH_CountrySet('FI')",
						"type" : "GWSAMPLE_BASIC.VH_Country"
					},
					"Land1" : "FI",
					"Landx" : "Finland",
					"Natio" : "Finnish"
				},
				{
					"__metadata" : {
						"id" : "/sap/opu/odata/IWBEP/GWSAMPLE_BASIC/VH_CountrySet('FJ')",
						"uri" : "/sap/opu/odata/IWBEP/GWSAMPLE_BASIC/VH_CountrySet('FJ')",
						"type" : "GWSAMPLE_BASIC.VH_Country"
					},
					"Land1" : "FJ",
					"Landx" : "Fiji",
					"Natio" : "Fijian"
				},
				{
					"__metadata" : {
						"id" : "/sap/opu/odata/IWBEP/GWSAMPLE_BASIC/VH_CountrySet('FK')",
						"uri" : "/sap/opu/odata/IWBEP/GWSAMPLE_BASIC/VH_CountrySet('FK')",
						"type" : "GWSAMPLE_BASIC.VH_Country"
					},
					"Land1" : "FK",
					"Landx" : "Falkland Islnds",
					"Natio" : "British"
				},
				{
					"__metadata" : {
						"id" : "/sap/opu/odata/IWBEP/GWSAMPLE_BASIC/VH_CountrySet('FM')",
						"uri" : "/sap/opu/odata/IWBEP/GWSAMPLE_BASIC/VH_CountrySet('FM')",
						"type" : "GWSAMPLE_BASIC.VH_Country"
					},
					"Land1" : "FM",
					"Landx" : "Micronesia",
					"Natio" : "Micronesian"
				},
				{
					"__metadata" : {
						"id" : "/sap/opu/odata/IWBEP/GWSAMPLE_BASIC/VH_CountrySet('FO')",
						"uri" : "/sap/opu/odata/IWBEP/GWSAMPLE_BASIC/VH_CountrySet('FO')",
						"type" : "GWSAMPLE_BASIC.VH_Country"
					},
					"Land1" : "FO",
					"Landx" : "Faroe Islands",
					"Natio" : "Danish"
				},
				{
					"__metadata" : {
						"id" : "/sap/opu/odata/IWBEP/GWSAMPLE_BASIC/VH_CountrySet('FR')",
						"uri" : "/sap/opu/odata/IWBEP/GWSAMPLE_BASIC/VH_CountrySet('FR')",
						"type" : "GWSAMPLE_BASIC.VH_Country"
					},
					"Land1" : "FR",
					"Landx" : "France",
					"Natio" : "French"
				},
				{
					"__metadata" : {
						"id" : "/sap/opu/odata/IWBEP/GWSAMPLE_BASIC/VH_CountrySet('GA')",
						"uri" : "/sap/opu/odata/IWBEP/GWSAMPLE_BASIC/VH_CountrySet('GA')",
						"type" : "GWSAMPLE_BASIC.VH_Country"
					},
					"Land1" : "GA",
					"Landx" : "Gabon",
					"Natio" : "Gabonese"
				},
				{
					"__metadata" : {
						"id" : "/sap/opu/odata/IWBEP/GWSAMPLE_BASIC/VH_CountrySet('GB')",
						"uri" : "/sap/opu/odata/IWBEP/GWSAMPLE_BASIC/VH_CountrySet('GB')",
						"type" : "GWSAMPLE_BASIC.VH_Country"
					},
					"Land1" : "GB",
					"Landx" : "United Kingdom",
					"Natio" : "British"
				},
				{
					"__metadata" : {
						"id" : "/sap/opu/odata/IWBEP/GWSAMPLE_BASIC/VH_CountrySet('GD')",
						"uri" : "/sap/opu/odata/IWBEP/GWSAMPLE_BASIC/VH_CountrySet('GD')",
						"type" : "GWSAMPLE_BASIC.VH_Country"
					},
					"Land1" : "GD",
					"Landx" : "Grenada",
					"Natio" : "Grenadian"
				},
				{
					"__metadata" : {
						"id" : "/sap/opu/odata/IWBEP/GWSAMPLE_BASIC/VH_CountrySet('GE')",
						"uri" : "/sap/opu/odata/IWBEP/GWSAMPLE_BASIC/VH_CountrySet('GE')",
						"type" : "GWSAMPLE_BASIC.VH_Country"
					},
					"Land1" : "GE",
					"Landx" : "Georgia",
					"Natio" : "Georgian"
				},
				{
					"__metadata" : {
						"id" : "/sap/opu/odata/IWBEP/GWSAMPLE_BASIC/VH_CountrySet('GF')",
						"uri" : "/sap/opu/odata/IWBEP/GWSAMPLE_BASIC/VH_CountrySet('GF')",
						"type" : "GWSAMPLE_BASIC.VH_Country"
					},
					"Land1" : "GF",
					"Landx" : "French Guayana",
					"Natio" : "French"
				},
				{
					"__metadata" : {
						"id" : "/sap/opu/odata/IWBEP/GWSAMPLE_BASIC/VH_CountrySet('GG')",
						"uri" : "/sap/opu/odata/IWBEP/GWSAMPLE_BASIC/VH_CountrySet('GG')",
						"type" : "GWSAMPLE_BASIC.VH_Country"
					},
					"Land1" : "GG",
					"Landx" : "Guernsey",
					"Natio" : "British"
				},
				{
					"__metadata" : {
						"id" : "/sap/opu/odata/IWBEP/GWSAMPLE_BASIC/VH_CountrySet('GH')",
						"uri" : "/sap/opu/odata/IWBEP/GWSAMPLE_BASIC/VH_CountrySet('GH')",
						"type" : "GWSAMPLE_BASIC.VH_Country"
					},
					"Land1" : "GH",
					"Landx" : "Ghana",
					"Natio" : "Ghanian"
				},
				{
					"__metadata" : {
						"id" : "/sap/opu/odata/IWBEP/GWSAMPLE_BASIC/VH_CountrySet('GI')",
						"uri" : "/sap/opu/odata/IWBEP/GWSAMPLE_BASIC/VH_CountrySet('GI')",
						"type" : "GWSAMPLE_BASIC.VH_Country"
					},
					"Land1" : "GI",
					"Landx" : "Gibraltar",
					"Natio" : "Gibraltar"
				},
				{
					"__metadata" : {
						"id" : "/sap/opu/odata/IWBEP/GWSAMPLE_BASIC/VH_CountrySet('GL')",
						"uri" : "/sap/opu/odata/IWBEP/GWSAMPLE_BASIC/VH_CountrySet('GL')",
						"type" : "GWSAMPLE_BASIC.VH_Country"
					},
					"Land1" : "GL",
					"Landx" : "Greenland",
					"Natio" : "Danish"
				},
				{
					"__metadata" : {
						"id" : "/sap/opu/odata/IWBEP/GWSAMPLE_BASIC/VH_CountrySet('GM')",
						"uri" : "/sap/opu/odata/IWBEP/GWSAMPLE_BASIC/VH_CountrySet('GM')",
						"type" : "GWSAMPLE_BASIC.VH_Country"
					},
					"Land1" : "GM",
					"Landx" : "Gambia",
					"Natio" : "Gambian"
				},
				{
					"__metadata" : {
						"id" : "/sap/opu/odata/IWBEP/GWSAMPLE_BASIC/VH_CountrySet('GN')",
						"uri" : "/sap/opu/odata/IWBEP/GWSAMPLE_BASIC/VH_CountrySet('GN')",
						"type" : "GWSAMPLE_BASIC.VH_Country"
					},
					"Land1" : "GN",
					"Landx" : "Guinea",
					"Natio" : "Guinean"
				},
				{
					"__metadata" : {
						"id" : "/sap/opu/odata/IWBEP/GWSAMPLE_BASIC/VH_CountrySet('GP')",
						"uri" : "/sap/opu/odata/IWBEP/GWSAMPLE_BASIC/VH_CountrySet('GP')",
						"type" : "GWSAMPLE_BASIC.VH_Country"
					},
					"Land1" : "GP",
					"Landx" : "Guadeloupe",
					"Natio" : "French"
				},
				{
					"__metadata" : {
						"id" : "/sap/opu/odata/IWBEP/GWSAMPLE_BASIC/VH_CountrySet('GQ')",
						"uri" : "/sap/opu/odata/IWBEP/GWSAMPLE_BASIC/VH_CountrySet('GQ')",
						"type" : "GWSAMPLE_BASIC.VH_Country"
					},
					"Land1" : "GQ",
					"Landx" : "Equatorial Guin",
					"Natio" : "Equatorial Guin"
				},
				{
					"__metadata" : {
						"id" : "/sap/opu/odata/IWBEP/GWSAMPLE_BASIC/VH_CountrySet('GR')",
						"uri" : "/sap/opu/odata/IWBEP/GWSAMPLE_BASIC/VH_CountrySet('GR')",
						"type" : "GWSAMPLE_BASIC.VH_Country"
					},
					"Land1" : "GR",
					"Landx" : "Greece",
					"Natio" : "Greek"
				},
				{
					"__metadata" : {
						"id" : "/sap/opu/odata/IWBEP/GWSAMPLE_BASIC/VH_CountrySet('GS')",
						"uri" : "/sap/opu/odata/IWBEP/GWSAMPLE_BASIC/VH_CountrySet('GS')",
						"type" : "GWSAMPLE_BASIC.VH_Country"
					},
					"Land1" : "GS",
					"Landx" : "S. Sandwich Ins",
					"Natio" : "South Georgia"
				},
				{
					"__metadata" : {
						"id" : "/sap/opu/odata/IWBEP/GWSAMPLE_BASIC/VH_CountrySet('GT')",
						"uri" : "/sap/opu/odata/IWBEP/GWSAMPLE_BASIC/VH_CountrySet('GT')",
						"type" : "GWSAMPLE_BASIC.VH_Country"
					},
					"Land1" : "GT",
					"Landx" : "Guatemala",
					"Natio" : "Guatemalan"
				},
				{
					"__metadata" : {
						"id" : "/sap/opu/odata/IWBEP/GWSAMPLE_BASIC/VH_CountrySet('GU')",
						"uri" : "/sap/opu/odata/IWBEP/GWSAMPLE_BASIC/VH_CountrySet('GU')",
						"type" : "GWSAMPLE_BASIC.VH_Country"
					},
					"Land1" : "GU",
					"Landx" : "Guam",
					"Natio" : "American"
				},
				{
					"__metadata" : {
						"id" : "/sap/opu/odata/IWBEP/GWSAMPLE_BASIC/VH_CountrySet('GW')",
						"uri" : "/sap/opu/odata/IWBEP/GWSAMPLE_BASIC/VH_CountrySet('GW')",
						"type" : "GWSAMPLE_BASIC.VH_Country"
					},
					"Land1" : "GW",
					"Landx" : "Guinea-Bissau",
					"Natio" : "Guinean"
				},
				{
					"__metadata" : {
						"id" : "/sap/opu/odata/IWBEP/GWSAMPLE_BASIC/VH_CountrySet('GY')",
						"uri" : "/sap/opu/odata/IWBEP/GWSAMPLE_BASIC/VH_CountrySet('GY')",
						"type" : "GWSAMPLE_BASIC.VH_Country"
					},
					"Land1" : "GY",
					"Landx" : "Guyana",
					"Natio" : "Guyanese"
				},
				{
					"__metadata" : {
						"id" : "/sap/opu/odata/IWBEP/GWSAMPLE_BASIC/VH_CountrySet('HK')",
						"uri" : "/sap/opu/odata/IWBEP/GWSAMPLE_BASIC/VH_CountrySet('HK')",
						"type" : "GWSAMPLE_BASIC.VH_Country"
					},
					"Land1" : "HK",
					"Landx" : "Hong Kong",
					"Natio" : "Hong Kong"
				},
				{
					"__metadata" : {
						"id" : "/sap/opu/odata/IWBEP/GWSAMPLE_BASIC/VH_CountrySet('HM')",
						"uri" : "/sap/opu/odata/IWBEP/GWSAMPLE_BASIC/VH_CountrySet('HM')",
						"type" : "GWSAMPLE_BASIC.VH_Country"
					},
					"Land1" : "HM",
					"Landx" : "Heard/McDon.Isl",
					"Natio" : "Heard/McDon.Isl"
				},
				{
					"__metadata" : {
						"id" : "/sap/opu/odata/IWBEP/GWSAMPLE_BASIC/VH_CountrySet('HN')",
						"uri" : "/sap/opu/odata/IWBEP/GWSAMPLE_BASIC/VH_CountrySet('HN')",
						"type" : "GWSAMPLE_BASIC.VH_Country"
					},
					"Land1" : "HN",
					"Landx" : "Honduras",
					"Natio" : "Honduran"
				},
				{
					"__metadata" : {
						"id" : "/sap/opu/odata/IWBEP/GWSAMPLE_BASIC/VH_CountrySet('HR')",
						"uri" : "/sap/opu/odata/IWBEP/GWSAMPLE_BASIC/VH_CountrySet('HR')",
						"type" : "GWSAMPLE_BASIC.VH_Country"
					},
					"Land1" : "HR",
					"Landx" : "Croatia",
					"Natio" : "Croatian"
				},
				{
					"__metadata" : {
						"id" : "/sap/opu/odata/IWBEP/GWSAMPLE_BASIC/VH_CountrySet('HT')",
						"uri" : "/sap/opu/odata/IWBEP/GWSAMPLE_BASIC/VH_CountrySet('HT')",
						"type" : "GWSAMPLE_BASIC.VH_Country"
					},
					"Land1" : "HT",
					"Landx" : "Haiti",
					"Natio" : "Haitian"
				},
				{
					"__metadata" : {
						"id" : "/sap/opu/odata/IWBEP/GWSAMPLE_BASIC/VH_CountrySet('HU')",
						"uri" : "/sap/opu/odata/IWBEP/GWSAMPLE_BASIC/VH_CountrySet('HU')",
						"type" : "GWSAMPLE_BASIC.VH_Country"
					},
					"Land1" : "HU",
					"Landx" : "Hungary",
					"Natio" : "Hungarian"
				},
				{
					"__metadata" : {
						"id" : "/sap/opu/odata/IWBEP/GWSAMPLE_BASIC/VH_CountrySet('ID')",
						"uri" : "/sap/opu/odata/IWBEP/GWSAMPLE_BASIC/VH_CountrySet('ID')",
						"type" : "GWSAMPLE_BASIC.VH_Country"
					},
					"Land1" : "ID",
					"Landx" : "Indonesia",
					"Natio" : "Indonesian"
				},
				{
					"__metadata" : {
						"id" : "/sap/opu/odata/IWBEP/GWSAMPLE_BASIC/VH_CountrySet('IE')",
						"uri" : "/sap/opu/odata/IWBEP/GWSAMPLE_BASIC/VH_CountrySet('IE')",
						"type" : "GWSAMPLE_BASIC.VH_Country"
					},
					"Land1" : "IE",
					"Landx" : "Ireland",
					"Natio" : "Irish"
				},
				{
					"__metadata" : {
						"id" : "/sap/opu/odata/IWBEP/GWSAMPLE_BASIC/VH_CountrySet('IL')",
						"uri" : "/sap/opu/odata/IWBEP/GWSAMPLE_BASIC/VH_CountrySet('IL')",
						"type" : "GWSAMPLE_BASIC.VH_Country"
					},
					"Land1" : "IL",
					"Landx" : "Israel",
					"Natio" : "Israeli"
				},
				{
					"__metadata" : {
						"id" : "/sap/opu/odata/IWBEP/GWSAMPLE_BASIC/VH_CountrySet('IM')",
						"uri" : "/sap/opu/odata/IWBEP/GWSAMPLE_BASIC/VH_CountrySet('IM')",
						"type" : "GWSAMPLE_BASIC.VH_Country"
					},
					"Land1" : "IM",
					"Landx" : "Isle of Man",
					"Natio" : "British"
				},
				{
					"__metadata" : {
						"id" : "/sap/opu/odata/IWBEP/GWSAMPLE_BASIC/VH_CountrySet('IN')",
						"uri" : "/sap/opu/odata/IWBEP/GWSAMPLE_BASIC/VH_CountrySet('IN')",
						"type" : "GWSAMPLE_BASIC.VH_Country"
					},
					"Land1" : "IN",
					"Landx" : "India",
					"Natio" : "Indian"
				},
				{
					"__metadata" : {
						"id" : "/sap/opu/odata/IWBEP/GWSAMPLE_BASIC/VH_CountrySet('IO')",
						"uri" : "/sap/opu/odata/IWBEP/GWSAMPLE_BASIC/VH_CountrySet('IO')",
						"type" : "GWSAMPLE_BASIC.VH_Country"
					},
					"Land1" : "IO",
					"Landx" : "Brit.Ind.Oc.Ter",
					"Natio" : "Brit.Ind.Oc.Ter"
				},
				{
					"__metadata" : {
						"id" : "/sap/opu/odata/IWBEP/GWSAMPLE_BASIC/VH_CountrySet('IQ')",
						"uri" : "/sap/opu/odata/IWBEP/GWSAMPLE_BASIC/VH_CountrySet('IQ')",
						"type" : "GWSAMPLE_BASIC.VH_Country"
					},
					"Land1" : "IQ",
					"Landx" : "Iraq",
					"Natio" : "Iraqi"
				},
				{
					"__metadata" : {
						"id" : "/sap/opu/odata/IWBEP/GWSAMPLE_BASIC/VH_CountrySet('IR')",
						"uri" : "/sap/opu/odata/IWBEP/GWSAMPLE_BASIC/VH_CountrySet('IR')",
						"type" : "GWSAMPLE_BASIC.VH_Country"
					},
					"Land1" : "IR",
					"Landx" : "Iran",
					"Natio" : "Iranian"
				},
				{
					"__metadata" : {
						"id" : "/sap/opu/odata/IWBEP/GWSAMPLE_BASIC/VH_CountrySet('IS')",
						"uri" : "/sap/opu/odata/IWBEP/GWSAMPLE_BASIC/VH_CountrySet('IS')",
						"type" : "GWSAMPLE_BASIC.VH_Country"
					},
					"Land1" : "IS",
					"Landx" : "Iceland",
					"Natio" : "Icelandic"
				},
				{
					"__metadata" : {
						"id" : "/sap/opu/odata/IWBEP/GWSAMPLE_BASIC/VH_CountrySet('IT')",
						"uri" : "/sap/opu/odata/IWBEP/GWSAMPLE_BASIC/VH_CountrySet('IT')",
						"type" : "GWSAMPLE_BASIC.VH_Country"
					},
					"Land1" : "IT",
					"Landx" : "Italy",
					"Natio" : "Italian"
				},
				{
					"__metadata" : {
						"id" : "/sap/opu/odata/IWBEP/GWSAMPLE_BASIC/VH_CountrySet('JE')",
						"uri" : "/sap/opu/odata/IWBEP/GWSAMPLE_BASIC/VH_CountrySet('JE')",
						"type" : "GWSAMPLE_BASIC.VH_Country"
					},
					"Land1" : "JE",
					"Landx" : "Jersey",
					"Natio" : "British"
				},
				{
					"__metadata" : {
						"id" : "/sap/opu/odata/IWBEP/GWSAMPLE_BASIC/VH_CountrySet('JM')",
						"uri" : "/sap/opu/odata/IWBEP/GWSAMPLE_BASIC/VH_CountrySet('JM')",
						"type" : "GWSAMPLE_BASIC.VH_Country"
					},
					"Land1" : "JM",
					"Landx" : "Jamaica",
					"Natio" : "Jamaican"
				},
				{
					"__metadata" : {
						"id" : "/sap/opu/odata/IWBEP/GWSAMPLE_BASIC/VH_CountrySet('JO')",
						"uri" : "/sap/opu/odata/IWBEP/GWSAMPLE_BASIC/VH_CountrySet('JO')",
						"type" : "GWSAMPLE_BASIC.VH_Country"
					},
					"Land1" : "JO",
					"Landx" : "Jordan",
					"Natio" : "Jordanian"
				},
				{
					"__metadata" : {
						"id" : "/sap/opu/odata/IWBEP/GWSAMPLE_BASIC/VH_CountrySet('JP')",
						"uri" : "/sap/opu/odata/IWBEP/GWSAMPLE_BASIC/VH_CountrySet('JP')",
						"type" : "GWSAMPLE_BASIC.VH_Country"
					},
					"Land1" : "JP",
					"Landx" : "Japan",
					"Natio" : "Japanese"
				},
				{
					"__metadata" : {
						"id" : "/sap/opu/odata/IWBEP/GWSAMPLE_BASIC/VH_CountrySet('KE')",
						"uri" : "/sap/opu/odata/IWBEP/GWSAMPLE_BASIC/VH_CountrySet('KE')",
						"type" : "GWSAMPLE_BASIC.VH_Country"
					},
					"Land1" : "KE",
					"Landx" : "Kenya",
					"Natio" : "Kenyan"
				},
				{
					"__metadata" : {
						"id" : "/sap/opu/odata/IWBEP/GWSAMPLE_BASIC/VH_CountrySet('KG')",
						"uri" : "/sap/opu/odata/IWBEP/GWSAMPLE_BASIC/VH_CountrySet('KG')",
						"type" : "GWSAMPLE_BASIC.VH_Country"
					},
					"Land1" : "KG",
					"Landx" : "Kyrgyzstan",
					"Natio" : "Kyrgyzstani"
				},
				{
					"__metadata" : {
						"id" : "/sap/opu/odata/IWBEP/GWSAMPLE_BASIC/VH_CountrySet('KH')",
						"uri" : "/sap/opu/odata/IWBEP/GWSAMPLE_BASIC/VH_CountrySet('KH')",
						"type" : "GWSAMPLE_BASIC.VH_Country"
					},
					"Land1" : "KH",
					"Landx" : "Cambodia",
					"Natio" : "Cambodian"
				},
				{
					"__metadata" : {
						"id" : "/sap/opu/odata/IWBEP/GWSAMPLE_BASIC/VH_CountrySet('KI')",
						"uri" : "/sap/opu/odata/IWBEP/GWSAMPLE_BASIC/VH_CountrySet('KI')",
						"type" : "GWSAMPLE_BASIC.VH_Country"
					},
					"Land1" : "KI",
					"Landx" : "Kiribati",
					"Natio" : "Kiribati"
				},
				{
					"__metadata" : {
						"id" : "/sap/opu/odata/IWBEP/GWSAMPLE_BASIC/VH_CountrySet('KM')",
						"uri" : "/sap/opu/odata/IWBEP/GWSAMPLE_BASIC/VH_CountrySet('KM')",
						"type" : "GWSAMPLE_BASIC.VH_Country"
					},
					"Land1" : "KM",
					"Landx" : "Comoros",
					"Natio" : "Comoran"
				},
				{
					"__metadata" : {
						"id" : "/sap/opu/odata/IWBEP/GWSAMPLE_BASIC/VH_CountrySet('KN')",
						"uri" : "/sap/opu/odata/IWBEP/GWSAMPLE_BASIC/VH_CountrySet('KN')",
						"type" : "GWSAMPLE_BASIC.VH_Country"
					},
					"Land1" : "KN",
					"Landx" : "St Kitts&Nevis",
					"Natio" : "f. St Kitts/Nev"
				},
				{
					"__metadata" : {
						"id" : "/sap/opu/odata/IWBEP/GWSAMPLE_BASIC/VH_CountrySet('KP')",
						"uri" : "/sap/opu/odata/IWBEP/GWSAMPLE_BASIC/VH_CountrySet('KP')",
						"type" : "GWSAMPLE_BASIC.VH_Country"
					},
					"Land1" : "KP",
					"Landx" : "North Korea",
					"Natio" : "Korean"
				},
				{
					"__metadata" : {
						"id" : "/sap/opu/odata/IWBEP/GWSAMPLE_BASIC/VH_CountrySet('KR')",
						"uri" : "/sap/opu/odata/IWBEP/GWSAMPLE_BASIC/VH_CountrySet('KR')",
						"type" : "GWSAMPLE_BASIC.VH_Country"
					},
					"Land1" : "KR",
					"Landx" : "South Korea",
					"Natio" : "Korean"
				},
				{
					"__metadata" : {
						"id" : "/sap/opu/odata/IWBEP/GWSAMPLE_BASIC/VH_CountrySet('KW')",
						"uri" : "/sap/opu/odata/IWBEP/GWSAMPLE_BASIC/VH_CountrySet('KW')",
						"type" : "GWSAMPLE_BASIC.VH_Country"
					},
					"Land1" : "KW",
					"Landx" : "Kuwait",
					"Natio" : "Kuwaiti"
				},
				{
					"__metadata" : {
						"id" : "/sap/opu/odata/IWBEP/GWSAMPLE_BASIC/VH_CountrySet('KY')",
						"uri" : "/sap/opu/odata/IWBEP/GWSAMPLE_BASIC/VH_CountrySet('KY')",
						"type" : "GWSAMPLE_BASIC.VH_Country"
					},
					"Land1" : "KY",
					"Landx" : "Cayman Islands",
					"Natio" : "British"
				},
				{
					"__metadata" : {
						"id" : "/sap/opu/odata/IWBEP/GWSAMPLE_BASIC/VH_CountrySet('KZ')",
						"uri" : "/sap/opu/odata/IWBEP/GWSAMPLE_BASIC/VH_CountrySet('KZ')",
						"type" : "GWSAMPLE_BASIC.VH_Country"
					},
					"Land1" : "KZ",
					"Landx" : "Kazakhstan",
					"Natio" : "Kazakh"
				},
				{
					"__metadata" : {
						"id" : "/sap/opu/odata/IWBEP/GWSAMPLE_BASIC/VH_CountrySet('LA')",
						"uri" : "/sap/opu/odata/IWBEP/GWSAMPLE_BASIC/VH_CountrySet('LA')",
						"type" : "GWSAMPLE_BASIC.VH_Country"
					},
					"Land1" : "LA",
					"Landx" : "Laos",
					"Natio" : "Laotian"
				},
				{
					"__metadata" : {
						"id" : "/sap/opu/odata/IWBEP/GWSAMPLE_BASIC/VH_CountrySet('LB')",
						"uri" : "/sap/opu/odata/IWBEP/GWSAMPLE_BASIC/VH_CountrySet('LB')",
						"type" : "GWSAMPLE_BASIC.VH_Country"
					},
					"Land1" : "LB",
					"Landx" : "Lebanon",
					"Natio" : "Lebanese"
				},
				{
					"__metadata" : {
						"id" : "/sap/opu/odata/IWBEP/GWSAMPLE_BASIC/VH_CountrySet('LC')",
						"uri" : "/sap/opu/odata/IWBEP/GWSAMPLE_BASIC/VH_CountrySet('LC')",
						"type" : "GWSAMPLE_BASIC.VH_Country"
					},
					"Land1" : "LC",
					"Landx" : "St. Lucia",
					"Natio" : "Lucian"
				},
				{
					"__metadata" : {
						"id" : "/sap/opu/odata/IWBEP/GWSAMPLE_BASIC/VH_CountrySet('LI')",
						"uri" : "/sap/opu/odata/IWBEP/GWSAMPLE_BASIC/VH_CountrySet('LI')",
						"type" : "GWSAMPLE_BASIC.VH_Country"
					},
					"Land1" : "LI",
					"Landx" : "Liechtenstein",
					"Natio" : "Liechtenstein"
				},
				{
					"__metadata" : {
						"id" : "/sap/opu/odata/IWBEP/GWSAMPLE_BASIC/VH_CountrySet('LK')",
						"uri" : "/sap/opu/odata/IWBEP/GWSAMPLE_BASIC/VH_CountrySet('LK')",
						"type" : "GWSAMPLE_BASIC.VH_Country"
					},
					"Land1" : "LK",
					"Landx" : "Sri Lanka",
					"Natio" : "Sri Lankan"
				},
				{
					"__metadata" : {
						"id" : "/sap/opu/odata/IWBEP/GWSAMPLE_BASIC/VH_CountrySet('LR')",
						"uri" : "/sap/opu/odata/IWBEP/GWSAMPLE_BASIC/VH_CountrySet('LR')",
						"type" : "GWSAMPLE_BASIC.VH_Country"
					},
					"Land1" : "LR",
					"Landx" : "Liberia",
					"Natio" : "Liberian"
				},
				{
					"__metadata" : {
						"id" : "/sap/opu/odata/IWBEP/GWSAMPLE_BASIC/VH_CountrySet('LS')",
						"uri" : "/sap/opu/odata/IWBEP/GWSAMPLE_BASIC/VH_CountrySet('LS')",
						"type" : "GWSAMPLE_BASIC.VH_Country"
					},
					"Land1" : "LS",
					"Landx" : "Lesotho",
					"Natio" : "Lesothan"
				},
				{
					"__metadata" : {
						"id" : "/sap/opu/odata/IWBEP/GWSAMPLE_BASIC/VH_CountrySet('LT')",
						"uri" : "/sap/opu/odata/IWBEP/GWSAMPLE_BASIC/VH_CountrySet('LT')",
						"type" : "GWSAMPLE_BASIC.VH_Country"
					},
					"Land1" : "LT",
					"Landx" : "Lithuania",
					"Natio" : "Lithuanian"
				},
				{
					"__metadata" : {
						"id" : "/sap/opu/odata/IWBEP/GWSAMPLE_BASIC/VH_CountrySet('LU')",
						"uri" : "/sap/opu/odata/IWBEP/GWSAMPLE_BASIC/VH_CountrySet('LU')",
						"type" : "GWSAMPLE_BASIC.VH_Country"
					},
					"Land1" : "LU",
					"Landx" : "Luxembourg",
					"Natio" : "Luxembourgian"
				},
				{
					"__metadata" : {
						"id" : "/sap/opu/odata/IWBEP/GWSAMPLE_BASIC/VH_CountrySet('LV')",
						"uri" : "/sap/opu/odata/IWBEP/GWSAMPLE_BASIC/VH_CountrySet('LV')",
						"type" : "GWSAMPLE_BASIC.VH_Country"
					},
					"Land1" : "LV",
					"Landx" : "Latvia",
					"Natio" : "Latvian"
				},
				{
					"__metadata" : {
						"id" : "/sap/opu/odata/IWBEP/GWSAMPLE_BASIC/VH_CountrySet('LY')",
						"uri" : "/sap/opu/odata/IWBEP/GWSAMPLE_BASIC/VH_CountrySet('LY')",
						"type" : "GWSAMPLE_BASIC.VH_Country"
					},
					"Land1" : "LY",
					"Landx" : "Libya",
					"Natio" : "Libyan"
				},
				{
					"__metadata" : {
						"id" : "/sap/opu/odata/IWBEP/GWSAMPLE_BASIC/VH_CountrySet('MA')",
						"uri" : "/sap/opu/odata/IWBEP/GWSAMPLE_BASIC/VH_CountrySet('MA')",
						"type" : "GWSAMPLE_BASIC.VH_Country"
					},
					"Land1" : "MA",
					"Landx" : "Morocco",
					"Natio" : "Moroccan"
				},
				{
					"__metadata" : {
						"id" : "/sap/opu/odata/IWBEP/GWSAMPLE_BASIC/VH_CountrySet('MC')",
						"uri" : "/sap/opu/odata/IWBEP/GWSAMPLE_BASIC/VH_CountrySet('MC')",
						"type" : "GWSAMPLE_BASIC.VH_Country"
					},
					"Land1" : "MC",
					"Landx" : "Monaco",
					"Natio" : "Monegasque"
				},
				{
					"__metadata" : {
						"id" : "/sap/opu/odata/IWBEP/GWSAMPLE_BASIC/VH_CountrySet('MD')",
						"uri" : "/sap/opu/odata/IWBEP/GWSAMPLE_BASIC/VH_CountrySet('MD')",
						"type" : "GWSAMPLE_BASIC.VH_Country"
					},
					"Land1" : "MD",
					"Landx" : "Moldova",
					"Natio" : "Moldovan"
				},
				{
					"__metadata" : {
						"id" : "/sap/opu/odata/IWBEP/GWSAMPLE_BASIC/VH_CountrySet('ME')",
						"uri" : "/sap/opu/odata/IWBEP/GWSAMPLE_BASIC/VH_CountrySet('ME')",
						"type" : "GWSAMPLE_BASIC.VH_Country"
					},
					"Land1" : "ME",
					"Landx" : "",
					"Natio" : ""
				},
				{
					"__metadata" : {
						"id" : "/sap/opu/odata/IWBEP/GWSAMPLE_BASIC/VH_CountrySet('MF')",
						"uri" : "/sap/opu/odata/IWBEP/GWSAMPLE_BASIC/VH_CountrySet('MF')",
						"type" : "GWSAMPLE_BASIC.VH_Country"
					},
					"Land1" : "MF",
					"Landx" : "",
					"Natio" : ""
				},
				{
					"__metadata" : {
						"id" : "/sap/opu/odata/IWBEP/GWSAMPLE_BASIC/VH_CountrySet('MG')",
						"uri" : "/sap/opu/odata/IWBEP/GWSAMPLE_BASIC/VH_CountrySet('MG')",
						"type" : "GWSAMPLE_BASIC.VH_Country"
					},
					"Land1" : "MG",
					"Landx" : "Madagascar",
					"Natio" : "Madagascan"
				},
				{
					"__metadata" : {
						"id" : "/sap/opu/odata/IWBEP/GWSAMPLE_BASIC/VH_CountrySet('MH')",
						"uri" : "/sap/opu/odata/IWBEP/GWSAMPLE_BASIC/VH_CountrySet('MH')",
						"type" : "GWSAMPLE_BASIC.VH_Country"
					},
					"Land1" : "MH",
					"Landx" : "Marshall Islnds",
					"Natio" : "Marshallese"
				},
				{
					"__metadata" : {
						"id" : "/sap/opu/odata/IWBEP/GWSAMPLE_BASIC/VH_CountrySet('MK')",
						"uri" : "/sap/opu/odata/IWBEP/GWSAMPLE_BASIC/VH_CountrySet('MK')",
						"type" : "GWSAMPLE_BASIC.VH_Country"
					},
					"Land1" : "MK",
					"Landx" : "Macedonia",
					"Natio" : "Macedonian"
				},
				{
					"__metadata" : {
						"id" : "/sap/opu/odata/IWBEP/GWSAMPLE_BASIC/VH_CountrySet('ML')",
						"uri" : "/sap/opu/odata/IWBEP/GWSAMPLE_BASIC/VH_CountrySet('ML')",
						"type" : "GWSAMPLE_BASIC.VH_Country"
					},
					"Land1" : "ML",
					"Landx" : "Mali",
					"Natio" : "Malian"
				},
				{
					"__metadata" : {
						"id" : "/sap/opu/odata/IWBEP/GWSAMPLE_BASIC/VH_CountrySet('MM')",
						"uri" : "/sap/opu/odata/IWBEP/GWSAMPLE_BASIC/VH_CountrySet('MM')",
						"type" : "GWSAMPLE_BASIC.VH_Country"
					},
					"Land1" : "MM",
					"Landx" : "Burma",
					"Natio" : "Burmese"
				},
				{
					"__metadata" : {
						"id" : "/sap/opu/odata/IWBEP/GWSAMPLE_BASIC/VH_CountrySet('MN')",
						"uri" : "/sap/opu/odata/IWBEP/GWSAMPLE_BASIC/VH_CountrySet('MN')",
						"type" : "GWSAMPLE_BASIC.VH_Country"
					},
					"Land1" : "MN",
					"Landx" : "Mongolia",
					"Natio" : "Mongolian"
				},
				{
					"__metadata" : {
						"id" : "/sap/opu/odata/IWBEP/GWSAMPLE_BASIC/VH_CountrySet('MO')",
						"uri" : "/sap/opu/odata/IWBEP/GWSAMPLE_BASIC/VH_CountrySet('MO')",
						"type" : "GWSAMPLE_BASIC.VH_Country"
					},
					"Land1" : "MO",
					"Landx" : "Macau",
					"Natio" : "Portuguese"
				},
				{
					"__metadata" : {
						"id" : "/sap/opu/odata/IWBEP/GWSAMPLE_BASIC/VH_CountrySet('MP')",
						"uri" : "/sap/opu/odata/IWBEP/GWSAMPLE_BASIC/VH_CountrySet('MP')",
						"type" : "GWSAMPLE_BASIC.VH_Country"
					},
					"Land1" : "MP",
					"Landx" : "N.Mariana Islnd",
					"Natio" : "Marianian"
				},
				{
					"__metadata" : {
						"id" : "/sap/opu/odata/IWBEP/GWSAMPLE_BASIC/VH_CountrySet('MQ')",
						"uri" : "/sap/opu/odata/IWBEP/GWSAMPLE_BASIC/VH_CountrySet('MQ')",
						"type" : "GWSAMPLE_BASIC.VH_Country"
					},
					"Land1" : "MQ",
					"Landx" : "Martinique",
					"Natio" : "French"
				},
				{
					"__metadata" : {
						"id" : "/sap/opu/odata/IWBEP/GWSAMPLE_BASIC/VH_CountrySet('MR')",
						"uri" : "/sap/opu/odata/IWBEP/GWSAMPLE_BASIC/VH_CountrySet('MR')",
						"type" : "GWSAMPLE_BASIC.VH_Country"
					},
					"Land1" : "MR",
					"Landx" : "Mauretania",
					"Natio" : "Mauretanian"
				},
				{
					"__metadata" : {
						"id" : "/sap/opu/odata/IWBEP/GWSAMPLE_BASIC/VH_CountrySet('MS')",
						"uri" : "/sap/opu/odata/IWBEP/GWSAMPLE_BASIC/VH_CountrySet('MS')",
						"type" : "GWSAMPLE_BASIC.VH_Country"
					},
					"Land1" : "MS",
					"Landx" : "Montserrat",
					"Natio" : "Montserrat"
				},
				{
					"__metadata" : {
						"id" : "/sap/opu/odata/IWBEP/GWSAMPLE_BASIC/VH_CountrySet('MT')",
						"uri" : "/sap/opu/odata/IWBEP/GWSAMPLE_BASIC/VH_CountrySet('MT')",
						"type" : "GWSAMPLE_BASIC.VH_Country"
					},
					"Land1" : "MT",
					"Landx" : "Malta",
					"Natio" : "Maltese"
				},
				{
					"__metadata" : {
						"id" : "/sap/opu/odata/IWBEP/GWSAMPLE_BASIC/VH_CountrySet('MU')",
						"uri" : "/sap/opu/odata/IWBEP/GWSAMPLE_BASIC/VH_CountrySet('MU')",
						"type" : "GWSAMPLE_BASIC.VH_Country"
					},
					"Land1" : "MU",
					"Landx" : "Mauritius",
					"Natio" : "Mauritian"
				},
				{
					"__metadata" : {
						"id" : "/sap/opu/odata/IWBEP/GWSAMPLE_BASIC/VH_CountrySet('MV')",
						"uri" : "/sap/opu/odata/IWBEP/GWSAMPLE_BASIC/VH_CountrySet('MV')",
						"type" : "GWSAMPLE_BASIC.VH_Country"
					},
					"Land1" : "MV",
					"Landx" : "Maldives",
					"Natio" : "Maldivian"
				},
				{
					"__metadata" : {
						"id" : "/sap/opu/odata/IWBEP/GWSAMPLE_BASIC/VH_CountrySet('MW')",
						"uri" : "/sap/opu/odata/IWBEP/GWSAMPLE_BASIC/VH_CountrySet('MW')",
						"type" : "GWSAMPLE_BASIC.VH_Country"
					},
					"Land1" : "MW",
					"Landx" : "Malawi",
					"Natio" : "Malawian"
				},
				{
					"__metadata" : {
						"id" : "/sap/opu/odata/IWBEP/GWSAMPLE_BASIC/VH_CountrySet('MX')",
						"uri" : "/sap/opu/odata/IWBEP/GWSAMPLE_BASIC/VH_CountrySet('MX')",
						"type" : "GWSAMPLE_BASIC.VH_Country"
					},
					"Land1" : "MX",
					"Landx" : "Mexico",
					"Natio" : "Mexican"
				},
				{
					"__metadata" : {
						"id" : "/sap/opu/odata/IWBEP/GWSAMPLE_BASIC/VH_CountrySet('MY')",
						"uri" : "/sap/opu/odata/IWBEP/GWSAMPLE_BASIC/VH_CountrySet('MY')",
						"type" : "GWSAMPLE_BASIC.VH_Country"
					},
					"Land1" : "MY",
					"Landx" : "Malaysia",
					"Natio" : "Malaysian"
				},
				{
					"__metadata" : {
						"id" : "/sap/opu/odata/IWBEP/GWSAMPLE_BASIC/VH_CountrySet('MZ')",
						"uri" : "/sap/opu/odata/IWBEP/GWSAMPLE_BASIC/VH_CountrySet('MZ')",
						"type" : "GWSAMPLE_BASIC.VH_Country"
					},
					"Land1" : "MZ",
					"Landx" : "Mozambique",
					"Natio" : "Mozambican"
				},
				{
					"__metadata" : {
						"id" : "/sap/opu/odata/IWBEP/GWSAMPLE_BASIC/VH_CountrySet('NA')",
						"uri" : "/sap/opu/odata/IWBEP/GWSAMPLE_BASIC/VH_CountrySet('NA')",
						"type" : "GWSAMPLE_BASIC.VH_Country"
					},
					"Land1" : "NA",
					"Landx" : "Namibia",
					"Natio" : "Namibian"
				},
				{
					"__metadata" : {
						"id" : "/sap/opu/odata/IWBEP/GWSAMPLE_BASIC/VH_CountrySet('NC')",
						"uri" : "/sap/opu/odata/IWBEP/GWSAMPLE_BASIC/VH_CountrySet('NC')",
						"type" : "GWSAMPLE_BASIC.VH_Country"
					},
					"Land1" : "NC",
					"Landx" : "New Caledonia",
					"Natio" : "French"
				},
				{
					"__metadata" : {
						"id" : "/sap/opu/odata/IWBEP/GWSAMPLE_BASIC/VH_CountrySet('NE')",
						"uri" : "/sap/opu/odata/IWBEP/GWSAMPLE_BASIC/VH_CountrySet('NE')",
						"type" : "GWSAMPLE_BASIC.VH_Country"
					},
					"Land1" : "NE",
					"Landx" : "Niger",
					"Natio" : "Nigerien"
				},
				{
					"__metadata" : {
						"id" : "/sap/opu/odata/IWBEP/GWSAMPLE_BASIC/VH_CountrySet('NF')",
						"uri" : "/sap/opu/odata/IWBEP/GWSAMPLE_BASIC/VH_CountrySet('NF')",
						"type" : "GWSAMPLE_BASIC.VH_Country"
					},
					"Land1" : "NF",
					"Landx" : "Norfolk Islands",
					"Natio" : "Norfolk Islands"
				},
				{
					"__metadata" : {
						"id" : "/sap/opu/odata/IWBEP/GWSAMPLE_BASIC/VH_CountrySet('NG')",
						"uri" : "/sap/opu/odata/IWBEP/GWSAMPLE_BASIC/VH_CountrySet('NG')",
						"type" : "GWSAMPLE_BASIC.VH_Country"
					},
					"Land1" : "NG",
					"Landx" : "Nigeria",
					"Natio" : "Nigerian"
				},
				{
					"__metadata" : {
						"id" : "/sap/opu/odata/IWBEP/GWSAMPLE_BASIC/VH_CountrySet('NI')",
						"uri" : "/sap/opu/odata/IWBEP/GWSAMPLE_BASIC/VH_CountrySet('NI')",
						"type" : "GWSAMPLE_BASIC.VH_Country"
					},
					"Land1" : "NI",
					"Landx" : "Nicaragua",
					"Natio" : "Nicaraguan"
				},
				{
					"__metadata" : {
						"id" : "/sap/opu/odata/IWBEP/GWSAMPLE_BASIC/VH_CountrySet('NL')",
						"uri" : "/sap/opu/odata/IWBEP/GWSAMPLE_BASIC/VH_CountrySet('NL')",
						"type" : "GWSAMPLE_BASIC.VH_Country"
					},
					"Land1" : "NL",
					"Landx" : "Netherlands",
					"Natio" : "Dutch"
				},
				{
					"__metadata" : {
						"id" : "/sap/opu/odata/IWBEP/GWSAMPLE_BASIC/VH_CountrySet('NO')",
						"uri" : "/sap/opu/odata/IWBEP/GWSAMPLE_BASIC/VH_CountrySet('NO')",
						"type" : "GWSAMPLE_BASIC.VH_Country"
					},
					"Land1" : "NO",
					"Landx" : "Norway",
					"Natio" : "Norwegian"
				},
				{
					"__metadata" : {
						"id" : "/sap/opu/odata/IWBEP/GWSAMPLE_BASIC/VH_CountrySet('NP')",
						"uri" : "/sap/opu/odata/IWBEP/GWSAMPLE_BASIC/VH_CountrySet('NP')",
						"type" : "GWSAMPLE_BASIC.VH_Country"
					},
					"Land1" : "NP",
					"Landx" : "Nepal",
					"Natio" : "Nepalese"
				},
				{
					"__metadata" : {
						"id" : "/sap/opu/odata/IWBEP/GWSAMPLE_BASIC/VH_CountrySet('NR')",
						"uri" : "/sap/opu/odata/IWBEP/GWSAMPLE_BASIC/VH_CountrySet('NR')",
						"type" : "GWSAMPLE_BASIC.VH_Country"
					},
					"Land1" : "NR",
					"Landx" : "Nauru",
					"Natio" : "Nauruian"
				},
				{
					"__metadata" : {
						"id" : "/sap/opu/odata/IWBEP/GWSAMPLE_BASIC/VH_CountrySet('NU')",
						"uri" : "/sap/opu/odata/IWBEP/GWSAMPLE_BASIC/VH_CountrySet('NU')",
						"type" : "GWSAMPLE_BASIC.VH_Country"
					},
					"Land1" : "NU",
					"Landx" : "Niue",
					"Natio" : "Niuean"
				},
				{
					"__metadata" : {
						"id" : "/sap/opu/odata/IWBEP/GWSAMPLE_BASIC/VH_CountrySet('NZ')",
						"uri" : "/sap/opu/odata/IWBEP/GWSAMPLE_BASIC/VH_CountrySet('NZ')",
						"type" : "GWSAMPLE_BASIC.VH_Country"
					},
					"Land1" : "NZ",
					"Landx" : "New Zealand",
					"Natio" : "New Zealand"
				},
				{
					"__metadata" : {
						"id" : "/sap/opu/odata/IWBEP/GWSAMPLE_BASIC/VH_CountrySet('OM')",
						"uri" : "/sap/opu/odata/IWBEP/GWSAMPLE_BASIC/VH_CountrySet('OM')",
						"type" : "GWSAMPLE_BASIC.VH_Country"
					},
					"Land1" : "OM",
					"Landx" : "Oman",
					"Natio" : "Omani"
				},
				{
					"__metadata" : {
						"id" : "/sap/opu/odata/IWBEP/GWSAMPLE_BASIC/VH_CountrySet('PA')",
						"uri" : "/sap/opu/odata/IWBEP/GWSAMPLE_BASIC/VH_CountrySet('PA')",
						"type" : "GWSAMPLE_BASIC.VH_Country"
					},
					"Land1" : "PA",
					"Landx" : "Panama",
					"Natio" : "Panamanian"
				},
				{
					"__metadata" : {
						"id" : "/sap/opu/odata/IWBEP/GWSAMPLE_BASIC/VH_CountrySet('PE')",
						"uri" : "/sap/opu/odata/IWBEP/GWSAMPLE_BASIC/VH_CountrySet('PE')",
						"type" : "GWSAMPLE_BASIC.VH_Country"
					},
					"Land1" : "PE",
					"Landx" : "Peru",
					"Natio" : "Peruvian"
				},
				{
					"__metadata" : {
						"id" : "/sap/opu/odata/IWBEP/GWSAMPLE_BASIC/VH_CountrySet('PF')",
						"uri" : "/sap/opu/odata/IWBEP/GWSAMPLE_BASIC/VH_CountrySet('PF')",
						"type" : "GWSAMPLE_BASIC.VH_Country"
					},
					"Land1" : "PF",
					"Landx" : "Frenc.Polynesia",
					"Natio" : "French"
				},
				{
					"__metadata" : {
						"id" : "/sap/opu/odata/IWBEP/GWSAMPLE_BASIC/VH_CountrySet('PG')",
						"uri" : "/sap/opu/odata/IWBEP/GWSAMPLE_BASIC/VH_CountrySet('PG')",
						"type" : "GWSAMPLE_BASIC.VH_Country"
					},
					"Land1" : "PG",
					"Landx" : "Pap. New Guinea",
					"Natio" : "Pap.New Guinean"
				},
				{
					"__metadata" : {
						"id" : "/sap/opu/odata/IWBEP/GWSAMPLE_BASIC/VH_CountrySet('PH')",
						"uri" : "/sap/opu/odata/IWBEP/GWSAMPLE_BASIC/VH_CountrySet('PH')",
						"type" : "GWSAMPLE_BASIC.VH_Country"
					},
					"Land1" : "PH",
					"Landx" : "Philippines",
					"Natio" : "Filipino"
				},
				{
					"__metadata" : {
						"id" : "/sap/opu/odata/IWBEP/GWSAMPLE_BASIC/VH_CountrySet('PK')",
						"uri" : "/sap/opu/odata/IWBEP/GWSAMPLE_BASIC/VH_CountrySet('PK')",
						"type" : "GWSAMPLE_BASIC.VH_Country"
					},
					"Land1" : "PK",
					"Landx" : "Pakistan",
					"Natio" : "Pakistani"
				},
				{
					"__metadata" : {
						"id" : "/sap/opu/odata/IWBEP/GWSAMPLE_BASIC/VH_CountrySet('PL')",
						"uri" : "/sap/opu/odata/IWBEP/GWSAMPLE_BASIC/VH_CountrySet('PL')",
						"type" : "GWSAMPLE_BASIC.VH_Country"
					},
					"Land1" : "PL",
					"Landx" : "Poland",
					"Natio" : "Polish"
				},
				{
					"__metadata" : {
						"id" : "/sap/opu/odata/IWBEP/GWSAMPLE_BASIC/VH_CountrySet('PM')",
						"uri" : "/sap/opu/odata/IWBEP/GWSAMPLE_BASIC/VH_CountrySet('PM')",
						"type" : "GWSAMPLE_BASIC.VH_Country"
					},
					"Land1" : "PM",
					"Landx" : "St.Pier,Miquel.",
					"Natio" : "French"
				},
				{
					"__metadata" : {
						"id" : "/sap/opu/odata/IWBEP/GWSAMPLE_BASIC/VH_CountrySet('PN')",
						"uri" : "/sap/opu/odata/IWBEP/GWSAMPLE_BASIC/VH_CountrySet('PN')",
						"type" : "GWSAMPLE_BASIC.VH_Country"
					},
					"Land1" : "PN",
					"Landx" : "Pitcairn Islnds",
					"Natio" : "British"
				},
				{
					"__metadata" : {
						"id" : "/sap/opu/odata/IWBEP/GWSAMPLE_BASIC/VH_CountrySet('PR')",
						"uri" : "/sap/opu/odata/IWBEP/GWSAMPLE_BASIC/VH_CountrySet('PR')",
						"type" : "GWSAMPLE_BASIC.VH_Country"
					},
					"Land1" : "PR",
					"Landx" : "Puerto Rico",
					"Natio" : "American"
				},
				{
					"__metadata" : {
						"id" : "/sap/opu/odata/IWBEP/GWSAMPLE_BASIC/VH_CountrySet('PS')",
						"uri" : "/sap/opu/odata/IWBEP/GWSAMPLE_BASIC/VH_CountrySet('PS')",
						"type" : "GWSAMPLE_BASIC.VH_Country"
					},
					"Land1" : "PS",
					"Landx" : "Palestine",
					"Natio" : "Palestinian"
				},
				{
					"__metadata" : {
						"id" : "/sap/opu/odata/IWBEP/GWSAMPLE_BASIC/VH_CountrySet('PT')",
						"uri" : "/sap/opu/odata/IWBEP/GWSAMPLE_BASIC/VH_CountrySet('PT')",
						"type" : "GWSAMPLE_BASIC.VH_Country"
					},
					"Land1" : "PT",
					"Landx" : "Portugal",
					"Natio" : "Portuguese"
				},
				{
					"__metadata" : {
						"id" : "/sap/opu/odata/IWBEP/GWSAMPLE_BASIC/VH_CountrySet('PW')",
						"uri" : "/sap/opu/odata/IWBEP/GWSAMPLE_BASIC/VH_CountrySet('PW')",
						"type" : "GWSAMPLE_BASIC.VH_Country"
					},
					"Land1" : "PW",
					"Landx" : "Palau",
					"Natio" : "Palauan"
				},
				{
					"__metadata" : {
						"id" : "/sap/opu/odata/IWBEP/GWSAMPLE_BASIC/VH_CountrySet('PY')",
						"uri" : "/sap/opu/odata/IWBEP/GWSAMPLE_BASIC/VH_CountrySet('PY')",
						"type" : "GWSAMPLE_BASIC.VH_Country"
					},
					"Land1" : "PY",
					"Landx" : "Paraguay",
					"Natio" : "Paraguayan"
				},
				{
					"__metadata" : {
						"id" : "/sap/opu/odata/IWBEP/GWSAMPLE_BASIC/VH_CountrySet('QA')",
						"uri" : "/sap/opu/odata/IWBEP/GWSAMPLE_BASIC/VH_CountrySet('QA')",
						"type" : "GWSAMPLE_BASIC.VH_Country"
					},
					"Land1" : "QA",
					"Landx" : "Qatar",
					"Natio" : "Qatari"
				},
				{
					"__metadata" : {
						"id" : "/sap/opu/odata/IWBEP/GWSAMPLE_BASIC/VH_CountrySet('RE')",
						"uri" : "/sap/opu/odata/IWBEP/GWSAMPLE_BASIC/VH_CountrySet('RE')",
						"type" : "GWSAMPLE_BASIC.VH_Country"
					},
					"Land1" : "RE",
					"Landx" : "Reunion",
					"Natio" : "French"
				},
				{
					"__metadata" : {
						"id" : "/sap/opu/odata/IWBEP/GWSAMPLE_BASIC/VH_CountrySet('RO')",
						"uri" : "/sap/opu/odata/IWBEP/GWSAMPLE_BASIC/VH_CountrySet('RO')",
						"type" : "GWSAMPLE_BASIC.VH_Country"
					},
					"Land1" : "RO",
					"Landx" : "Romania",
					"Natio" : "Rumanian"
				},
				{
					"__metadata" : {
						"id" : "/sap/opu/odata/IWBEP/GWSAMPLE_BASIC/VH_CountrySet('RS')",
						"uri" : "/sap/opu/odata/IWBEP/GWSAMPLE_BASIC/VH_CountrySet('RS')",
						"type" : "GWSAMPLE_BASIC.VH_Country"
					},
					"Land1" : "RS",
					"Landx" : "",
					"Natio" : ""
				},
				{
					"__metadata" : {
						"id" : "/sap/opu/odata/IWBEP/GWSAMPLE_BASIC/VH_CountrySet('RU')",
						"uri" : "/sap/opu/odata/IWBEP/GWSAMPLE_BASIC/VH_CountrySet('RU')",
						"type" : "GWSAMPLE_BASIC.VH_Country"
					},
					"Land1" : "RU",
					"Landx" : "Russian Fed.",
					"Natio" : "Russian"
				},
				{
					"__metadata" : {
						"id" : "/sap/opu/odata/IWBEP/GWSAMPLE_BASIC/VH_CountrySet('RW')",
						"uri" : "/sap/opu/odata/IWBEP/GWSAMPLE_BASIC/VH_CountrySet('RW')",
						"type" : "GWSAMPLE_BASIC.VH_Country"
					},
					"Land1" : "RW",
					"Landx" : "Rwanda",
					"Natio" : "Rwandan"
				},
				{
					"__metadata" : {
						"id" : "/sap/opu/odata/IWBEP/GWSAMPLE_BASIC/VH_CountrySet('SA')",
						"uri" : "/sap/opu/odata/IWBEP/GWSAMPLE_BASIC/VH_CountrySet('SA')",
						"type" : "GWSAMPLE_BASIC.VH_Country"
					},
					"Land1" : "SA",
					"Landx" : "Saudi Arabia",
					"Natio" : "Saudi Arabian"
				},
				{
					"__metadata" : {
						"id" : "/sap/opu/odata/IWBEP/GWSAMPLE_BASIC/VH_CountrySet('SB')",
						"uri" : "/sap/opu/odata/IWBEP/GWSAMPLE_BASIC/VH_CountrySet('SB')",
						"type" : "GWSAMPLE_BASIC.VH_Country"
					},
					"Land1" : "SB",
					"Landx" : "Solomon Islands",
					"Natio" : "Solomonese"
				},
				{
					"__metadata" : {
						"id" : "/sap/opu/odata/IWBEP/GWSAMPLE_BASIC/VH_CountrySet('SC')",
						"uri" : "/sap/opu/odata/IWBEP/GWSAMPLE_BASIC/VH_CountrySet('SC')",
						"type" : "GWSAMPLE_BASIC.VH_Country"
					},
					"Land1" : "SC",
					"Landx" : "Seychelles",
					"Natio" : "Seychellian"
				},
				{
					"__metadata" : {
						"id" : "/sap/opu/odata/IWBEP/GWSAMPLE_BASIC/VH_CountrySet('SD')",
						"uri" : "/sap/opu/odata/IWBEP/GWSAMPLE_BASIC/VH_CountrySet('SD')",
						"type" : "GWSAMPLE_BASIC.VH_Country"
					},
					"Land1" : "SD",
					"Landx" : "Sudan",
					"Natio" : "Sudanese"
				},
				{
					"__metadata" : {
						"id" : "/sap/opu/odata/IWBEP/GWSAMPLE_BASIC/VH_CountrySet('SE')",
						"uri" : "/sap/opu/odata/IWBEP/GWSAMPLE_BASIC/VH_CountrySet('SE')",
						"type" : "GWSAMPLE_BASIC.VH_Country"
					},
					"Land1" : "SE",
					"Landx" : "Sweden",
					"Natio" : "Swedish"
				},
				{
					"__metadata" : {
						"id" : "/sap/opu/odata/IWBEP/GWSAMPLE_BASIC/VH_CountrySet('SG')",
						"uri" : "/sap/opu/odata/IWBEP/GWSAMPLE_BASIC/VH_CountrySet('SG')",
						"type" : "GWSAMPLE_BASIC.VH_Country"
					},
					"Land1" : "SG",
					"Landx" : "Singapore",
					"Natio" : "Singaporean"
				},
				{
					"__metadata" : {
						"id" : "/sap/opu/odata/IWBEP/GWSAMPLE_BASIC/VH_CountrySet('SH')",
						"uri" : "/sap/opu/odata/IWBEP/GWSAMPLE_BASIC/VH_CountrySet('SH')",
						"type" : "GWSAMPLE_BASIC.VH_Country"
					},
					"Land1" : "SH",
					"Landx" : "Saint Helena",
					"Natio" : "Saint Helena"
				},
				{
					"__metadata" : {
						"id" : "/sap/opu/odata/IWBEP/GWSAMPLE_BASIC/VH_CountrySet('SI')",
						"uri" : "/sap/opu/odata/IWBEP/GWSAMPLE_BASIC/VH_CountrySet('SI')",
						"type" : "GWSAMPLE_BASIC.VH_Country"
					},
					"Land1" : "SI",
					"Landx" : "Slovenia",
					"Natio" : "Slovenian"
				},
				{
					"__metadata" : {
						"id" : "/sap/opu/odata/IWBEP/GWSAMPLE_BASIC/VH_CountrySet('SJ')",
						"uri" : "/sap/opu/odata/IWBEP/GWSAMPLE_BASIC/VH_CountrySet('SJ')",
						"type" : "GWSAMPLE_BASIC.VH_Country"
					},
					"Land1" : "SJ",
					"Landx" : "Svalbard",
					"Natio" : "Norwegian"
				},
				{
					"__metadata" : {
						"id" : "/sap/opu/odata/IWBEP/GWSAMPLE_BASIC/VH_CountrySet('SK')",
						"uri" : "/sap/opu/odata/IWBEP/GWSAMPLE_BASIC/VH_CountrySet('SK')",
						"type" : "GWSAMPLE_BASIC.VH_Country"
					},
					"Land1" : "SK",
					"Landx" : "Slovakia",
					"Natio" : "Slovakian"
				},
				{
					"__metadata" : {
						"id" : "/sap/opu/odata/IWBEP/GWSAMPLE_BASIC/VH_CountrySet('SL')",
						"uri" : "/sap/opu/odata/IWBEP/GWSAMPLE_BASIC/VH_CountrySet('SL')",
						"type" : "GWSAMPLE_BASIC.VH_Country"
					},
					"Land1" : "SL",
					"Landx" : "Sierra Leone",
					"Natio" : "Sierra Leonean"
				},
				{
					"__metadata" : {
						"id" : "/sap/opu/odata/IWBEP/GWSAMPLE_BASIC/VH_CountrySet('SM')",
						"uri" : "/sap/opu/odata/IWBEP/GWSAMPLE_BASIC/VH_CountrySet('SM')",
						"type" : "GWSAMPLE_BASIC.VH_Country"
					},
					"Land1" : "SM",
					"Landx" : "San Marino",
					"Natio" : "Sammarinese"
				},
				{
					"__metadata" : {
						"id" : "/sap/opu/odata/IWBEP/GWSAMPLE_BASIC/VH_CountrySet('SN')",
						"uri" : "/sap/opu/odata/IWBEP/GWSAMPLE_BASIC/VH_CountrySet('SN')",
						"type" : "GWSAMPLE_BASIC.VH_Country"
					},
					"Land1" : "SN",
					"Landx" : "Senegal",
					"Natio" : "Senegalese"
				},
				{
					"__metadata" : {
						"id" : "/sap/opu/odata/IWBEP/GWSAMPLE_BASIC/VH_CountrySet('SO')",
						"uri" : "/sap/opu/odata/IWBEP/GWSAMPLE_BASIC/VH_CountrySet('SO')",
						"type" : "GWSAMPLE_BASIC.VH_Country"
					},
					"Land1" : "SO",
					"Landx" : "Somalia",
					"Natio" : "Somali"
				},
				{
					"__metadata" : {
						"id" : "/sap/opu/odata/IWBEP/GWSAMPLE_BASIC/VH_CountrySet('SR')",
						"uri" : "/sap/opu/odata/IWBEP/GWSAMPLE_BASIC/VH_CountrySet('SR')",
						"type" : "GWSAMPLE_BASIC.VH_Country"
					},
					"Land1" : "SR",
					"Landx" : "Suriname",
					"Natio" : "Surinamese"
				},
				{
					"__metadata" : {
						"id" : "/sap/opu/odata/IWBEP/GWSAMPLE_BASIC/VH_CountrySet('SS')",
						"uri" : "/sap/opu/odata/IWBEP/GWSAMPLE_BASIC/VH_CountrySet('SS')",
						"type" : "GWSAMPLE_BASIC.VH_Country"
					},
					"Land1" : "SS",
					"Landx" : "South Sudan",
					"Natio" : "South Sudanese"
				},
				{
					"__metadata" : {
						"id" : "/sap/opu/odata/IWBEP/GWSAMPLE_BASIC/VH_CountrySet('ST')",
						"uri" : "/sap/opu/odata/IWBEP/GWSAMPLE_BASIC/VH_CountrySet('ST')",
						"type" : "GWSAMPLE_BASIC.VH_Country"
					},
					"Land1" : "ST",
					"Landx" : "S.Tome,Principe",
					"Natio" : "Sao Tomean"
				},
				{
					"__metadata" : {
						"id" : "/sap/opu/odata/IWBEP/GWSAMPLE_BASIC/VH_CountrySet('SV')",
						"uri" : "/sap/opu/odata/IWBEP/GWSAMPLE_BASIC/VH_CountrySet('SV')",
						"type" : "GWSAMPLE_BASIC.VH_Country"
					},
					"Land1" : "SV",
					"Landx" : "El Salvador",
					"Natio" : "Salvadoran"
				},
				{
					"__metadata" : {
						"id" : "/sap/opu/odata/IWBEP/GWSAMPLE_BASIC/VH_CountrySet('SX')",
						"uri" : "/sap/opu/odata/IWBEP/GWSAMPLE_BASIC/VH_CountrySet('SX')",
						"type" : "GWSAMPLE_BASIC.VH_Country"
					},
					"Land1" : "SX",
					"Landx" : "Sint Maarten",
					"Natio" : "Sint Maarten"
				},
				{
					"__metadata" : {
						"id" : "/sap/opu/odata/IWBEP/GWSAMPLE_BASIC/VH_CountrySet('SY')",
						"uri" : "/sap/opu/odata/IWBEP/GWSAMPLE_BASIC/VH_CountrySet('SY')",
						"type" : "GWSAMPLE_BASIC.VH_Country"
					},
					"Land1" : "SY",
					"Landx" : "Syria",
					"Natio" : "Syrian"
				},
				{
					"__metadata" : {
						"id" : "/sap/opu/odata/IWBEP/GWSAMPLE_BASIC/VH_CountrySet('SZ')",
						"uri" : "/sap/opu/odata/IWBEP/GWSAMPLE_BASIC/VH_CountrySet('SZ')",
						"type" : "GWSAMPLE_BASIC.VH_Country"
					},
					"Land1" : "SZ",
					"Landx" : "Swaziland",
					"Natio" : "Swazi"
				},
				{
					"__metadata" : {
						"id" : "/sap/opu/odata/IWBEP/GWSAMPLE_BASIC/VH_CountrySet('TC')",
						"uri" : "/sap/opu/odata/IWBEP/GWSAMPLE_BASIC/VH_CountrySet('TC')",
						"type" : "GWSAMPLE_BASIC.VH_Country"
					},
					"Land1" : "TC",
					"Landx" : "Turksh Caicosin",
					"Natio" : "Turksh Caicosin"
				},
				{
					"__metadata" : {
						"id" : "/sap/opu/odata/IWBEP/GWSAMPLE_BASIC/VH_CountrySet('TD')",
						"uri" : "/sap/opu/odata/IWBEP/GWSAMPLE_BASIC/VH_CountrySet('TD')",
						"type" : "GWSAMPLE_BASIC.VH_Country"
					},
					"Land1" : "TD",
					"Landx" : "Chad",
					"Natio" : "Chadian"
				},
				{
					"__metadata" : {
						"id" : "/sap/opu/odata/IWBEP/GWSAMPLE_BASIC/VH_CountrySet('TF')",
						"uri" : "/sap/opu/odata/IWBEP/GWSAMPLE_BASIC/VH_CountrySet('TF')",
						"type" : "GWSAMPLE_BASIC.VH_Country"
					},
					"Land1" : "TF",
					"Landx" : "French S.Territ",
					"Natio" : "French"
				},
				{
					"__metadata" : {
						"id" : "/sap/opu/odata/IWBEP/GWSAMPLE_BASIC/VH_CountrySet('TG')",
						"uri" : "/sap/opu/odata/IWBEP/GWSAMPLE_BASIC/VH_CountrySet('TG')",
						"type" : "GWSAMPLE_BASIC.VH_Country"
					},
					"Land1" : "TG",
					"Landx" : "Togo",
					"Natio" : "Togolese"
				},
				{
					"__metadata" : {
						"id" : "/sap/opu/odata/IWBEP/GWSAMPLE_BASIC/VH_CountrySet('TH')",
						"uri" : "/sap/opu/odata/IWBEP/GWSAMPLE_BASIC/VH_CountrySet('TH')",
						"type" : "GWSAMPLE_BASIC.VH_Country"
					},
					"Land1" : "TH",
					"Landx" : "Thailand",
					"Natio" : "Thai"
				},
				{
					"__metadata" : {
						"id" : "/sap/opu/odata/IWBEP/GWSAMPLE_BASIC/VH_CountrySet('TJ')",
						"uri" : "/sap/opu/odata/IWBEP/GWSAMPLE_BASIC/VH_CountrySet('TJ')",
						"type" : "GWSAMPLE_BASIC.VH_Country"
					},
					"Land1" : "TJ",
					"Landx" : "Tajikistan",
					"Natio" : "Tajikistani"
				},
				{
					"__metadata" : {
						"id" : "/sap/opu/odata/IWBEP/GWSAMPLE_BASIC/VH_CountrySet('TK')",
						"uri" : "/sap/opu/odata/IWBEP/GWSAMPLE_BASIC/VH_CountrySet('TK')",
						"type" : "GWSAMPLE_BASIC.VH_Country"
					},
					"Land1" : "TK",
					"Landx" : "Tokelau Islands",
					"Natio" : "Tokelau Islands"
				},
				{
					"__metadata" : {
						"id" : "/sap/opu/odata/IWBEP/GWSAMPLE_BASIC/VH_CountrySet('TL')",
						"uri" : "/sap/opu/odata/IWBEP/GWSAMPLE_BASIC/VH_CountrySet('TL')",
						"type" : "GWSAMPLE_BASIC.VH_Country"
					},
					"Land1" : "TL",
					"Landx" : "East Timor",
					"Natio" : ""
				},
				{
					"__metadata" : {
						"id" : "/sap/opu/odata/IWBEP/GWSAMPLE_BASIC/VH_CountrySet('TM')",
						"uri" : "/sap/opu/odata/IWBEP/GWSAMPLE_BASIC/VH_CountrySet('TM')",
						"type" : "GWSAMPLE_BASIC.VH_Country"
					},
					"Land1" : "TM",
					"Landx" : "Turkmenistan",
					"Natio" : "Turkmenian"
				},
				{
					"__metadata" : {
						"id" : "/sap/opu/odata/IWBEP/GWSAMPLE_BASIC/VH_CountrySet('TN')",
						"uri" : "/sap/opu/odata/IWBEP/GWSAMPLE_BASIC/VH_CountrySet('TN')",
						"type" : "GWSAMPLE_BASIC.VH_Country"
					},
					"Land1" : "TN",
					"Landx" : "Tunisia",
					"Natio" : "Tunisian"
				},
				{
					"__metadata" : {
						"id" : "/sap/opu/odata/IWBEP/GWSAMPLE_BASIC/VH_CountrySet('TO')",
						"uri" : "/sap/opu/odata/IWBEP/GWSAMPLE_BASIC/VH_CountrySet('TO')",
						"type" : "GWSAMPLE_BASIC.VH_Country"
					},
					"Land1" : "TO",
					"Landx" : "Tonga",
					"Natio" : "Tongan"
				},
				{
					"__metadata" : {
						"id" : "/sap/opu/odata/IWBEP/GWSAMPLE_BASIC/VH_CountrySet('TP')",
						"uri" : "/sap/opu/odata/IWBEP/GWSAMPLE_BASIC/VH_CountrySet('TP')",
						"type" : "GWSAMPLE_BASIC.VH_Country"
					},
					"Land1" : "TP",
					"Landx" : "East Timor",
					"Natio" : "East Timor"
				},
				{
					"__metadata" : {
						"id" : "/sap/opu/odata/IWBEP/GWSAMPLE_BASIC/VH_CountrySet('TR')",
						"uri" : "/sap/opu/odata/IWBEP/GWSAMPLE_BASIC/VH_CountrySet('TR')",
						"type" : "GWSAMPLE_BASIC.VH_Country"
					},
					"Land1" : "TR",
					"Landx" : "Turkey",
					"Natio" : "Turkish"
				},
				{
					"__metadata" : {
						"id" : "/sap/opu/odata/IWBEP/GWSAMPLE_BASIC/VH_CountrySet('TT')",
						"uri" : "/sap/opu/odata/IWBEP/GWSAMPLE_BASIC/VH_CountrySet('TT')",
						"type" : "GWSAMPLE_BASIC.VH_Country"
					},
					"Land1" : "TT",
					"Landx" : "Trinidad,Tobago",
					"Natio" : "F. Trinidad & T"
				},
				{
					"__metadata" : {
						"id" : "/sap/opu/odata/IWBEP/GWSAMPLE_BASIC/VH_CountrySet('TV')",
						"uri" : "/sap/opu/odata/IWBEP/GWSAMPLE_BASIC/VH_CountrySet('TV')",
						"type" : "GWSAMPLE_BASIC.VH_Country"
					},
					"Land1" : "TV",
					"Landx" : "Tuvalu",
					"Natio" : "Tuvaluese"
				},
				{
					"__metadata" : {
						"id" : "/sap/opu/odata/IWBEP/GWSAMPLE_BASIC/VH_CountrySet('TW')",
						"uri" : "/sap/opu/odata/IWBEP/GWSAMPLE_BASIC/VH_CountrySet('TW')",
						"type" : "GWSAMPLE_BASIC.VH_Country"
					},
					"Land1" : "TW",
					"Landx" : "Taiwan",
					"Natio" : "Chinese"
				},
				{
					"__metadata" : {
						"id" : "/sap/opu/odata/IWBEP/GWSAMPLE_BASIC/VH_CountrySet('TZ')",
						"uri" : "/sap/opu/odata/IWBEP/GWSAMPLE_BASIC/VH_CountrySet('TZ')",
						"type" : "GWSAMPLE_BASIC.VH_Country"
					},
					"Land1" : "TZ",
					"Landx" : "Tanzania",
					"Natio" : "Tanzanian"
				},
				{
					"__metadata" : {
						"id" : "/sap/opu/odata/IWBEP/GWSAMPLE_BASIC/VH_CountrySet('UA')",
						"uri" : "/sap/opu/odata/IWBEP/GWSAMPLE_BASIC/VH_CountrySet('UA')",
						"type" : "GWSAMPLE_BASIC.VH_Country"
					},
					"Land1" : "UA",
					"Landx" : "Ukraine",
					"Natio" : "Ukrainian"
				},
				{
					"__metadata" : {
						"id" : "/sap/opu/odata/IWBEP/GWSAMPLE_BASIC/VH_CountrySet('UG')",
						"uri" : "/sap/opu/odata/IWBEP/GWSAMPLE_BASIC/VH_CountrySet('UG')",
						"type" : "GWSAMPLE_BASIC.VH_Country"
					},
					"Land1" : "UG",
					"Landx" : "Uganda",
					"Natio" : "Ugandan"
				},
				{
					"__metadata" : {
						"id" : "/sap/opu/odata/IWBEP/GWSAMPLE_BASIC/VH_CountrySet('UM')",
						"uri" : "/sap/opu/odata/IWBEP/GWSAMPLE_BASIC/VH_CountrySet('UM')",
						"type" : "GWSAMPLE_BASIC.VH_Country"
					},
					"Land1" : "UM",
					"Landx" : "Minor Outl.Isl.",
					"Natio" : "Minor Outl.Isl."
				},
				{
					"__metadata" : {
						"id" : "/sap/opu/odata/IWBEP/GWSAMPLE_BASIC/VH_CountrySet('US')",
						"uri" : "/sap/opu/odata/IWBEP/GWSAMPLE_BASIC/VH_CountrySet('US')",
						"type" : "GWSAMPLE_BASIC.VH_Country"
					},
					"Land1" : "US",
					"Landx" : "USA",
					"Natio" : "American"
				},
				{
					"__metadata" : {
						"id" : "/sap/opu/odata/IWBEP/GWSAMPLE_BASIC/VH_CountrySet('UY')",
						"uri" : "/sap/opu/odata/IWBEP/GWSAMPLE_BASIC/VH_CountrySet('UY')",
						"type" : "GWSAMPLE_BASIC.VH_Country"
					},
					"Land1" : "UY",
					"Landx" : "Uruguay",
					"Natio" : "Uruguayan"
				},
				{
					"__metadata" : {
						"id" : "/sap/opu/odata/IWBEP/GWSAMPLE_BASIC/VH_CountrySet('UZ')",
						"uri" : "/sap/opu/odata/IWBEP/GWSAMPLE_BASIC/VH_CountrySet('UZ')",
						"type" : "GWSAMPLE_BASIC.VH_Country"
					},
					"Land1" : "UZ",
					"Landx" : "Uzbekistan",
					"Natio" : "Uzbekistani"
				},
				{
					"__metadata" : {
						"id" : "/sap/opu/odata/IWBEP/GWSAMPLE_BASIC/VH_CountrySet('VA')",
						"uri" : "/sap/opu/odata/IWBEP/GWSAMPLE_BASIC/VH_CountrySet('VA')",
						"type" : "GWSAMPLE_BASIC.VH_Country"
					},
					"Land1" : "VA",
					"Landx" : "Vatican City",
					"Natio" : "Vatican City"
				},
				{
					"__metadata" : {
						"id" : "/sap/opu/odata/IWBEP/GWSAMPLE_BASIC/VH_CountrySet('VC')",
						"uri" : "/sap/opu/odata/IWBEP/GWSAMPLE_BASIC/VH_CountrySet('VC')",
						"type" : "GWSAMPLE_BASIC.VH_Country"
					},
					"Land1" : "VC",
					"Landx" : "St. Vincent",
					"Natio" : "Vincentian"
				},
				{
					"__metadata" : {
						"id" : "/sap/opu/odata/IWBEP/GWSAMPLE_BASIC/VH_CountrySet('VE')",
						"uri" : "/sap/opu/odata/IWBEP/GWSAMPLE_BASIC/VH_CountrySet('VE')",
						"type" : "GWSAMPLE_BASIC.VH_Country"
					},
					"Land1" : "VE",
					"Landx" : "Venezuela",
					"Natio" : "Venezuelan"
				},
				{
					"__metadata" : {
						"id" : "/sap/opu/odata/IWBEP/GWSAMPLE_BASIC/VH_CountrySet('VG')",
						"uri" : "/sap/opu/odata/IWBEP/GWSAMPLE_BASIC/VH_CountrySet('VG')",
						"type" : "GWSAMPLE_BASIC.VH_Country"
					},
					"Land1" : "VG",
					"Landx" : "Brit.Virgin Is.",
					"Natio" : "British"
				},
				{
					"__metadata" : {
						"id" : "/sap/opu/odata/IWBEP/GWSAMPLE_BASIC/VH_CountrySet('VI')",
						"uri" : "/sap/opu/odata/IWBEP/GWSAMPLE_BASIC/VH_CountrySet('VI')",
						"type" : "GWSAMPLE_BASIC.VH_Country"
					},
					"Land1" : "VI",
					"Landx" : "Amer.Virgin Is.",
					"Natio" : "American"
				},
				{
					"__metadata" : {
						"id" : "/sap/opu/odata/IWBEP/GWSAMPLE_BASIC/VH_CountrySet('VN')",
						"uri" : "/sap/opu/odata/IWBEP/GWSAMPLE_BASIC/VH_CountrySet('VN')",
						"type" : "GWSAMPLE_BASIC.VH_Country"
					},
					"Land1" : "VN",
					"Landx" : "Vietnam",
					"Natio" : "Vietnamese"
				},
				{
					"__metadata" : {
						"id" : "/sap/opu/odata/IWBEP/GWSAMPLE_BASIC/VH_CountrySet('VU')",
						"uri" : "/sap/opu/odata/IWBEP/GWSAMPLE_BASIC/VH_CountrySet('VU')",
						"type" : "GWSAMPLE_BASIC.VH_Country"
					},
					"Land1" : "VU",
					"Landx" : "Vanuatu",
					"Natio" : "Ni-Vanuatu"
				},
				{
					"__metadata" : {
						"id" : "/sap/opu/odata/IWBEP/GWSAMPLE_BASIC/VH_CountrySet('WF')",
						"uri" : "/sap/opu/odata/IWBEP/GWSAMPLE_BASIC/VH_CountrySet('WF')",
						"type" : "GWSAMPLE_BASIC.VH_Country"
					},
					"Land1" : "WF",
					"Landx" : "Wallis,Futuna",
					"Natio" : "Wallis,Futuna"
				},
				{
					"__metadata" : {
						"id" : "/sap/opu/odata/IWBEP/GWSAMPLE_BASIC/VH_CountrySet('WS')",
						"uri" : "/sap/opu/odata/IWBEP/GWSAMPLE_BASIC/VH_CountrySet('WS')",
						"type" : "GWSAMPLE_BASIC.VH_Country"
					},
					"Land1" : "WS",
					"Landx" : "Samoa",
					"Natio" : "Samoan"
				},
				{
					"__metadata" : {
						"id" : "/sap/opu/odata/IWBEP/GWSAMPLE_BASIC/VH_CountrySet('YE')",
						"uri" : "/sap/opu/odata/IWBEP/GWSAMPLE_BASIC/VH_CountrySet('YE')",
						"type" : "GWSAMPLE_BASIC.VH_Country"
					},
					"Land1" : "YE",
					"Landx" : "Yemen",
					"Natio" : "Yemeni"
				},
				{
					"__metadata" : {
						"id" : "/sap/opu/odata/IWBEP/GWSAMPLE_BASIC/VH_CountrySet('YT')",
						"uri" : "/sap/opu/odata/IWBEP/GWSAMPLE_BASIC/VH_CountrySet('YT')",
						"type" : "GWSAMPLE_BASIC.VH_Country"
					},
					"Land1" : "YT",
					"Landx" : "Mayotte",
					"Natio" : "French"
				},
				{
					"__metadata" : {
						"id" : "/sap/opu/odata/IWBEP/GWSAMPLE_BASIC/VH_CountrySet('ZA')",
						"uri" : "/sap/opu/odata/IWBEP/GWSAMPLE_BASIC/VH_CountrySet('ZA')",
						"type" : "GWSAMPLE_BASIC.VH_Country"
					},
					"Land1" : "ZA",
					"Landx" : "South Africa",
					"Natio" : "South African"
				},
				{
					"__metadata" : {
						"id" : "/sap/opu/odata/IWBEP/GWSAMPLE_BASIC/VH_CountrySet('ZM')",
						"uri" : "/sap/opu/odata/IWBEP/GWSAMPLE_BASIC/VH_CountrySet('ZM')",
						"type" : "GWSAMPLE_BASIC.VH_Country"
					},
					"Land1" : "ZM",
					"Landx" : "Zambia",
					"Natio" : "Zambian"
				},
				{
					"__metadata" : {
						"id" : "/sap/opu/odata/IWBEP/GWSAMPLE_BASIC/VH_CountrySet('ZW')",
						"uri" : "/sap/opu/odata/IWBEP/GWSAMPLE_BASIC/VH_CountrySet('ZW')",
						"type" : "GWSAMPLE_BASIC.VH_Country"
					},
					"Land1" : "ZW",
					"Landx" : "Zimbabwe",
					"Natio" : "Zimbabwean"
				}]
	}
}