[{
  "name"     : "news",
  "title"    : "Team-News",
  "title.de" : "Team-News",
  "title.nl" : "Nieuws",
  "url"      : "/team-news"
},{
  "name"     : "intranet",
  "title"    : "Intranet",
  "url"      : "/myIntranet",
  "url.de"   : "/meinIntranet"
},{
  "name"     : "hr",
  "title"    : "HR Portal",
  "url"      : "https://corp.portal.rwe.com/web/cms/selectlink/en/2622826/hr",
  "url.de"   : "/web/cms/selectlink/de/2622826/hr",
  "url.nl"   : "/web/cms/selectlink/nl/2622826/hr"
},{
  "name"     : "addressbook",
  "title"    : "Directory",
  "title.de" : "Adressbuch",
  "title.nl" : "Telefoongids",
  "url"      : "https://rcd.rwe.com"
},{
  "name"     : "apps",
  "title"    : "Applications",
  "title.de" : "Anwendungen",
  "title.nl" : "Applicaties ",
  "url"      : "$PORTAL_ALIAS$"
},{
  "name"     : "internal_services",
  "title"    : "Internal Services",
  "title.de" : "Interne Dienstleistungen",
  "url"      : "/internalServices"
},{
  "name"     : "team",
  "title"    : "Collaboration",
  "title.de" : "Teamr\u00E4ume",
  "title.nl" : "Sharepoint",
  "url"      : "https://intranet5.portal.rwe.com/app/rwe_konzern/sharepoint/Infodashboard.asp"
},{
  "name"     : "yammer",
  "title"    : "Yammer",
  "url"      : "https://www.yammer.com/rwe.com"
}]
