[{
  "id": "KP1",
  "title": "KP1",
  "description": "ERP (Core)",
  "validClients":{
  	"110": "SAP_K1_110",
  	"130": "SAP_K1_130",
  	"140": "SAP_K1_140",
  	"150": "SAP_K1_150",
  	"160": "SAP_K1_160"
  }
},{
  "id": "KP1_CO",
  "title": "KP1",
  "description": "ERP (CO_alle)",
  "validClients":{
  	"110": "SAP_K1_110_CO",
  	"130": "SAP_K1_130_CO",
  	"140": "SAP_K1_140_CO",
  	"150": "SAP_K1_150_CO",
  	"160": "SAP_K1_160_CO"
  }
},{
  "id": "EP5",
  "title": "EP5",
  "description": "ESM (Energy Master)",
  "validClients":{
  	"210": "SAP_E5_210",
  	"220": "SAP_E5_220",
  	"410": "SAP_E5_410",
  	"420": "SAP_E5_420",
  	"500": "SAP_E5_500",
  	"510": "SAP_E5_510",
  	"520": "SAP_E5_520",
  	"800": "SAP_E5_800",
  	"810": "SAP_E5_810",
  	"820": "SAP_E5_820"
  }
},{
  "id": "KP3",
  "title": "KP3",
  "description": "HR (Human Resources)",
  "validClient":{
  	"100": "SAP_K3_100"
  }
},{
  "id": "BI",
  "title": "BI",
  "description": "Business Intelligence",
  "validClients":{
  	"BLP": "SAP_BL_100",
  	"BNP": "SAP_BN_100",
  	"LP2": "SAP_D2_100",
  	"PD5": "SAP_P5_100",
  	"RP7": "SAP_R7_100"
  }
},{
  "id": "BP7",
  "title": "BP7",
  "description": "SRM (Procurement)",
  "validClient":{
  	"140": "SAP_B7_140"
  }
},{
  "id": "SMP",
  "title": "SMP",
  "description": "Solution Manager",
  "validClients":{
  	"100": "SAP_SM_100",
  	"200": "SAP_SM_200"
  }
},{
  "id": "AP",
  "title": "AP",
  "description": "Atlas (UK)",
  "validClients":{
  	"AP2": "SAP_A2_100",
  	"AP3": "SAP_A3_100",
  	"AP4": "SAP_A4_100",
  	"AP5": "SAP_A5_100"
  }
},{
  "id": "NP7",
  "title": "NP7",
  "description": "NPower (UK)",
  "validClients":{
  	"FICA": "SAP_N7_600",
  	"BAR": "SAP_N7_610"
  }
},{
  "id": "FPE",
  "title": "FPE",
  "description": "Innogy",
  "validClient":{
  	"900": "SAP_FPE_900"
  }
}]
