{
"filter":
  [{
    "id": "ma",
    "title": "Mitarbeitersicht"
  },{
    "id": "mgr",
    "title": "Managersicht"
  },{
    "id": "ber",
    "title": "Berichtesicht"
  }],
"list":
  [{
    "id": "01",
    "href": "/dst/index.html",
    "title": "Home"
  },{
    "id": "02",
    "href": "#",
    "title": "Reporting"
  },{
    "id": "03",
    "href": "/dst/app.html",
    "title": "Konzerneinkaufsportal"
  },{
    "id": "04",
    "href": "/dst/kmtempl.html",
    "title": "APFM Reporting"
  },{
    "id": "05",
    "href": "/dst/kmnav.html",
    "title": "Markt- und Wettbewerberportal"
  },{
    "id": "06",
    "href": "#",
    "title": "Transportdisposition"
  },{
    "id": "07",
    "href": "#",
    "title": "CBPT"
  },{
    "id": "08",
    "href": "#",
    "title": "iRequirement"
  },{
    "id": "09",
    "href": "#",
    "title": "Flurstücksinformationsdienst"
  },{
    "id": "10",
    "href": "#",
    "title": "RM@FS"
  },{
    "id": "11",
    "href": "#",
    "title": "AMLID"
  },{
    "id": "12",
    "href": "#",
    "title": "Online Warenkorb"
  },{
    "id": "13",
    "href": "#",
    "title": "Organisationsübersicht"
  }]
}
