{
  "home": {
    "title": "Home",
    "link": "#",
    "id": "Home",
    "sub": {
      "smartblock1": {
        "title": "Teamkalender",
        "link": "#",
        "id": "",
        "smart_class": "team-calendar",
        "smart_width": "2",
        "smart_height": "2",
        "background_image": ""
      },
      "smartblock2": {
        "title": "Wichtige Links",
        "link": "#",
        "id": "",
        "smart_class": "important-links",
        "smart_width": "2",
        "smart_height": "1",
        "background_image": "",
        "important_links": {
        	"link_1": {
        		"title": "Link 1",
        		"link": "#link1"
        	},
        	"link_2": {
        		"title": "Link 2",
        		"link": "#link2"
        	},
        	"link_3": {
        		"title": "Link 3",
        		"link": "#link3"
        	}
        }
      },
      "smartblock3": {
        "title": "Name",
        "link": "#",
        "id": "",
        "smart_width": "3",
        "smart_height": "3",
        "background_image": ""
      }
    }
  },
  "arbeitszeiten": {
    "title": "Meine Arbeitszeiten",
    "link": "#",
    "id": "Arbeitszeiten",
    "sub": {
      "smartblock4": {
        "title": "Abwesenheiten",
        "link": "#",
        "id": "",
        "smart_width": "3",
        "smart_height": "3",
        "background_image": ""
      },
      "smartblock5": {
        "title": "Wichtige Links",
        "link": "#",
        "id": "",
        "smart_width": "2",
        "smart_height": "3",
        "background_image": ""
      },
      "smartblock6": {
        "title": "Zeitkontenübersicht",
        "link": "#",
        "id": "",
        "smart_width": "4",
        "smart_height": "2",
        "background_image": ""
      }
    }
  },
  "gehalt": {
    "title": "Mein Gehalt",
    "link": "#",
    "id": "Gehalt",
    "sub": {
      "smartblock7": {
        "title": "Infobox",
        "link": "#",
        "id": "",
        "smart_width": "1",
        "smart_height": "1",
        "background_image": ""
      },
      "smartblock8": {
        "title": "Wichtige Links",
        "link": "#",
        "id": "",
        "smart_width": "2",
        "smart_height": "2",
        "background_image": ""
      }
    }
  },
  "trainings": {
    "title": "Meine Trainings",
    "link": "#",
    "id": "Trainings",
    "sub": {
      "smartblock9": {
        "title": "Infobox",
        "link": "#",
        "id": "",
        "smart_width": "1",
        "smart_height": "2",
        "background_image": ""
      },
      "smartblock10": {
        "title": "Terminkalender",
        "link": "#",
        "id": "",
        "smart_width": "3",
        "smart_height": "2",
        "background_image": ""
      }
    }
  },
  "auswertungen": {
    "title": "Auswertungen",
    "link": "#",
    "id": "Auswertungen",
    "sub": {
      "smartblock9": {
        "title": "Infobox",
        "link": "#",
        "id": "",
        "smart_width": "4",
        "smart_height": "4",
        "background_image": ""
      }
    }
  }
}