{
  "data": [
  	{
    "title": "Home",
    "link": "#",
    "id": "Home",
    "sub": [
      {
        "title": "Abwesenheiten",
        "link": "#",
        "id": "HomeAbwesenheiten",
        "smart_class": "chart",
        "smart_width": "1",
        "smart_height": "1",
        "chart_data": [
        	{
        		"label": "Im Büro",
        		"value": "12",
        		"color": "#BC9777",
        		"number": "75%"
        	},
        	{
        		"label": "Abwesenheiten",
        		"value": "4",
        		"color": "#67686A"
        	}
        ]
      },
      {
        "title": "Teamkalender",
        "link": "#",
        "id": "",
        "smart_width": "4",
        "smart_height": "2",
        "smart_class": "team-calendar",
        "events": [
        	{
	        	"event_date": "28.02.2018",
	        	"weekday": "Mittwoch",
	        	"day": "28",
	        	"month": "Februar",
	        	"event_details": [
		        	{
		        		"title": "Dienstreise",
		        		"name": "Max Mustermann"
		        	},
		        	{
		        		"title": "abwesend",
		        		"name": "Rudi Rüssel",
		        		"class": "secondary-color"
		        	}
	        	]
        	},
        	{
        		"event_date": "01.03.2018",
        		"weekday": "Donnerstag",
        		"day": "01",
        		"month": "März",
        		"event_details": [
        	  	{
        	  		"title": "abwesend",
        	  		"name": "Bettina Schmidt",
        	  		"class": "secondary-color"
        	  	},
        	  	{
        	  		"title": "abwesend",
        	  		"name": "Rudi Rüssel",
        	  		"class": "secondary-color"
        	  	}
        		]
        	},
        	{
        		"event_date": "02.03.2018",
        		"weekday": "Freitag",
        		"day": "02",
        		"month": "März",
        		"event_details": [
        	  	{
        	  		"title": "Dienstreise",
        	  		"name": "Bettina Schmidt"
        	  	},
        	  	{
        	  		"title": "Dienstreise",
        	  		"name": "Max Mustermann"
        	  	},
        	  	{
        	  		"title": "abwesend",
        	  		"name": "Rudi Rüssel",
        	  		"class": "secondary-color"
        	  	}
        		]
        	}
        ]
      },
      {
        "title": "Rekrutierung",
        "link": "#",
        "id": "",
        "smart_width": "1",
        "smart_height": "1",
        "background_image": "media/Rekrutierung.jpg"
      },
      {
        "title": "Dienstreisen",
        "link": "#",
        "id": "",
        "smart_width": "1",
        "smart_height": "1",
        "background_image": "media/Dienstreisen.jpg"
      },
      {
        "title": "Wichtige Links",
        "link": "#",
        "id": "",
        "smart_class": "important-links",
        "smart_width": "2",
        "smart_height": "2",
        "background_image": "",
        "important_links": [
        	{
        		"title": "Bereich Konzern-Personal",
        		"link": "#link1"
        	},
        	{
        		"title": "HR DIREKT",
        		"link": "#link2"
        	},
        	{
        		"title": "Weiterbildung",
        		"link": "#link3"
        	},
        	{
        		"title": "Erfolgsprinzip WIR",
        		"link": "#link4"
        	},
        	{
        		"title": "Informationen für Neueintritte",
        		"link": "#link5"
        	},
        	{
        		"title": "Unterschriftenverzeichnis",
        		"link": "#link6"
        	},
        	{
        		"title": "Zeitwirtschaftsdatenbank",
        		"link": "#link7"
        	}
        ]
      },
      {
        "title": "Meine Aufgaben",
        "link": "#",
        "id": "",
        "smart_class": "my-tasks",
        "smart_width": "2",
        "smart_height": "2",
        "my_tasks": [
        	{
        		"title": "Abwesenheitsantrag",
        		"date": "11.01.2018",
        		"description": "Lorem ipsum, dolor sit amet",
        		"class": "urgent"
        	},
        	{
        		"title": "Genehmigung",
        		"date": "14.01.2018",
        		"description": "Lorem ipsum, dolor sit amet",
        		"class": "urgent"
        	},
        	{
        		"title": "Abwesenheitsantrag",
        		"date": "15.01.2018",
        		"description": "Lorem ipsum, dolor sit amet"
        	},
        	{
        		"title": "Kenntnis",
        		"date": "Gestern",
        		"description": "Lorem ipsum, dolor sit amet"
        	}
        ]
      },
      {
        "title": "Stellenangebote",
        "link": "#",
        "id": "",
        "smart_width": "1",
        "smart_height": "1",
        "background_image": "media/Stellenangebote.jpg"
      },
      {
      	"title": "Infobox",
      	"link": "#",
      	"id": "",
      	"smart_class": "infobox",
      	"smart_width": "2",
      	"smart_height": "2",
      	"infobox_notes": [
      		{
      			"user_name": "Sabrina Mustermann",
      			"user_image": "media/users/SabrinaMustermann.jpg",
      			"date": "11.01.2018",
      			"note": "Wir bitten um Verständnis, aber aufgrund einiger Ausfälle von Kollegen ist die Hotline gerade etwas unterbesetzt."
      		},
      		{
      			"user_name": "Reiner Zufall",
      			"user_image": "media/users/ReinerZufall.jpg",
      			"date": "11.01.2018",
      			"note": "Ab dem 21. März 2018 wird es eine neue Notizfunktion hier im Portal geben. Jeder Nutzer kann dann eigene Notizen erstellen und hier anpinnen."
      		}
      	]
      }
    ]
  },
  {
    "title": "Meine Arbeitszeiten",
    "link": "#",
    "id": "Arbeitszeiten",
    "sub": [
    	{
    	  "title": "Anwesenheiten",
    	  "link": "#",
    	  "id": "HomeAnwesenheiten",
    	  "smart_class": "chart",
    	  "smart_width": "1",
    	  "smart_height": "1",
    	  "chart_data": [
    	  	{
    	  		"label": "Anwesenheiten",
    	  		"value": "6",
    	  		"color": "#BC9777",
    	  		"number": "14%"
    	  	},
    	  	{
    	  		"label": "Krank",
    	  		"value": "1",
    	  		"color": "#67686A"
    	  	}
    	  ]
    	},
      {
        "title": "Abwesenheiten",
        "link": "#",
        "id": "",
        "smart_width": "3",
        "smart_height": "3",
        "background_image": ""
      },
      {
        "title": "Wichtige Links",
        "link": "#",
        "id": "",
        "smart_width": "2",
        "smart_height": "2",
        "background_image": ""
      },
      {
        "title": "Zeitkontenübersicht",
        "link": "#",
        "id": "",
        "smart_width": "4",
        "smart_height": "2",
        "background_image": ""
      }
    ]
  },
  {
    "title": "Mein Gehalt",
    "link": "#",
    "id": "Gehalt",
    "sub": [
      {
        "title": "Infobox",
        "link": "#",
        "id": "",
        "smart_width": "1",
        "smart_height": "1",
        "background_image": ""
      },
      {
        "title": "Wichtige Links",
        "link": "#",
        "id": "",
        "smart_width": "2",
        "smart_height": "2",
        "background_image": ""
      }
    ]
  },
  {
    "title": "Meine Trainings",
    "link": "#",
    "id": "Trainings",
    "sub": [
      {
        "title": "Infobox",
        "link": "#",
        "id": "",
        "smart_width": "1",
        "smart_height": "2",
        "background_image": ""
      },
      {
        "title": "Terminkalender",
        "link": "#",
        "id": "",
        "smart_width": "3",
        "smart_height": "2",
        "background_image": ""
      }
    ]
  },
  {
    "title": "Auswertungen",
    "link": "#",
    "id": "Auswertungen",
    "sub": [
      {
        "title": "Infobox",
        "link": "#",
        "id": "",
        "smart_width": "4",
        "smart_height": "4",
        "background_image": ""
      }
    ]
  }]
}