{
	"IcoMoonType": "selection",
	"icons": [
		{
			"icon": {
				"paths": [
					"M880 256h-48v-48c0-44.112-35.888-80-80-80h-48v-48c0-44.112-35.886-80-80-80h-480c-44.112 0-80 35.888-80 80v608c0 44.114 35.888 80 80 80h48v48c0 44.114 35.888 80 80 80h48v48c0 44.112 35.888 80 80 80h480c44.112 0 80-35.888 80-80v-608c0-44.112-35.888-80-80-80zM144.002 704c-8.8 0-16-7.2-16-16v-608c0-8.8 7.2-16 16-16h480c8.8 0 16 7.2 16 16v48h-368.002c-44.112 0-80 35.888-80 80v496h-47.998zM272 832c-8.8 0-16-7.2-16-16v-608c0-8.8 7.2-16 16-16h480c8.8 0 16 7.2 16 16v48h-368c-44.112 0-80 35.888-80 80v496h-48zM896 944c0 8.8-7.2 16-16 16h-480c-8.8 0-16-7.2-16-16v-608c0-8.8 7.2-16 16-16h480c8.8 0 16 7.2 16 16v608z"
				],
				"attrs": [],
				"isMulticolor": false,
				"tags": [
					"stack",
					"files",
					"archive",
					"category",
					"papers",
					"documents",
					"layers"
				],
				"defaultCode": 59853,
				"grid": 16
			},
			"attrs": [],
			"properties": {
				"order": 12,
				"prevSize": 16,
				"ligatures": "stack, files3",
				"name": "stack",
				"id": 205,
				"code": 59853
			},
			"setIdx": 0,
			"setId": 0,
			"iconIdx": 205
		},
		{
			"icon": {
				"paths": [
					"M928 128h-832c-52.8 0-96 43.2-96 96v576c0 52.8 43.2 96 96 96h832c52.8 0 96-43.2 96-96v-576c0-52.8-43.2-96-96-96zM96 192h832c17.346 0 32 14.654 32 32v96h-896v-96c0-17.346 14.654-32 32-32zM928 832h-832c-17.346 0-32-14.654-32-32v-288h896v288c0 17.346-14.654 32-32 32zM128 640h64v128h-64zM256 640h64v128h-64zM384 640h64v128h-64z"
				],
				"attrs": [],
				"isMulticolor": false,
				"tags": [
					"credit-card",
					"money",
					"payment",
					"ecommerce"
				],
				"defaultCode": 59925,
				"grid": 16
			},
			"attrs": [],
			"properties": {
				"order": 2,
				"prevSize": 16,
				"ligatures": "credit-card, money12",
				"name": "credit-card",
				"id": 277,
				"code": 59925
			},
			"setIdx": 0,
			"setId": 0,
			"iconIdx": 277
		},
		{
			"icon": {
				"paths": [
					"M768 0h-512c-35.2 0-64 28.8-64 64v896c0 35.2 28.8 64 64 64h512c35.2 0 64-28.8 64-64v-896c0-35.2-28.8-64-64-64zM384 960h-128v-128h128v128zM384 768h-128v-128h128v128zM384 576h-128v-128h128v128zM576 960h-128v-128h128v128zM576 768h-128v-128h128v128zM576 576h-128v-128h128v128zM768 960h-128v-128h128v128zM768 768h-128v-128h128v128zM768 576h-128v-128h128v128zM768 384h-512v-320h512v320z"
				],
				"attrs": [],
				"isMulticolor": false,
				"tags": [
					"calculator",
					"compute",
					"math",
					"arithmetic",
					"sum"
				],
				"defaultCode": 59927,
				"grid": 16
			},
			"attrs": [],
			"properties": {
				"order": 14,
				"prevSize": 16,
				"ligatures": "calculator, compute",
				"name": "calculator",
				"id": 279,
				"code": 59927
			},
			"setIdx": 0,
			"setId": 0,
			"iconIdx": 279
		},
		{
			"icon": {
				"paths": [
					"M1024 864l-300.486-300.486c28.384-53.576 44.486-114.66 44.486-179.514 0-212.078-171.922-384-384-384-212.076 0-384 171.922-384 384s171.922 384 384 384c64.854 0 125.938-16.102 179.514-44.486l300.486 300.486 160-160zM128 384c0-141.384 114.616-256 256-256s256 114.616 256 256-114.616 256-256 256-256-114.616-256-256z"
				],
				"attrs": [],
				"isMulticolor": false,
				"tags": [
					"search",
					"magnifier",
					"magnifying-glass",
					"inspect",
					"find"
				],
				"defaultCode": 60208,
				"grid": 16
			},
			"attrs": [],
			"properties": {
				"order": 11,
				"prevSize": 16,
				"ligatures": "search, magnifier",
				"name": "search",
				"id": 560,
				"code": 60208
			},
			"setIdx": 0,
			"setId": 0,
			"iconIdx": 560
		},
		{
			"icon": {
				"paths": [
					"M592 448h-16v-192c0-105.87-86.13-192-192-192h-128c-105.87 0-192 86.13-192 192v192h-16c-26.4 0-48 21.6-48 48v480c0 26.4 21.6 48 48 48h544c26.4 0 48-21.6 48-48v-480c0-26.4-21.6-48-48-48zM384 896h-128l27.84-139.2c-16.808-11.532-27.84-30.874-27.84-52.8 0-35.346 28.654-64 64-64s64 28.654 64 64c0 21.926-11.032 41.268-27.84 52.8l27.84 139.2zM448 448h-256v-192c0-35.29 28.71-64 64-64h128c35.29 0 64 28.71 64 64v192z"
				],
				"attrs": [],
				"isMulticolor": false,
				"tags": [
					"lock",
					"secure",
					"private",
					"encrypted"
				],
				"defaultCode": 60245,
				"grid": 16
			},
			"attrs": [],
			"properties": {
				"order": 23,
				"prevSize": 16,
				"ligatures": "lock5, secure5",
				"name": "lock5",
				"id": 597,
				"code": 60245
			},
			"setIdx": 0,
			"setId": 0,
			"iconIdx": 597
		},
		{
			"icon": {
				"paths": [
					"M768 64h-128c-105.87 0-192 86.13-192 192v192h-400c-26.4 0-48 21.6-48 48v480c0 26.4 21.6 48 48 48h544c26.4 0 48-21.6 48-48v-480c0-26.4-21.6-48-48-48h-16v-192c0-35.29 28.71-64 64-64h128c35.29 0 64 28.71 64 64v192h128v-192c0-105.87-86.13-192-192-192zM384 896h-128l27.84-139.2c-16.808-11.532-27.84-30.874-27.84-52.8 0-35.346 28.654-64 64-64s64 28.654 64 64c0 21.926-11.032 41.268-27.84 52.8l27.84 139.2z"
				],
				"attrs": [],
				"isMulticolor": false,
				"tags": [
					"unlocked",
					"lock-open"
				],
				"defaultCode": 60246,
				"grid": 16
			},
			"attrs": [],
			"properties": {
				"order": 22,
				"prevSize": 16,
				"ligatures": "unlocked2, lock-open2",
				"name": "unlocked2",
				"id": 598,
				"code": 60246
			},
			"setIdx": 0,
			"setId": 0,
			"iconIdx": 598
		},
		{
			"icon": {
				"paths": [
					"M0 0h256v256h-256zM384 64h640v128h-640zM0 384h256v256h-256zM384 448h640v128h-640zM0 768h256v256h-256zM384 832h640v128h-640z"
				],
				"attrs": [],
				"isMulticolor": false,
				"tags": [
					"list",
					"todo",
					"bullet",
					"menu",
					"options"
				],
				"defaultCode": 60505,
				"grid": 16
			},
			"attrs": [],
			"properties": {
				"order": 13,
				"prevSize": 16,
				"ligatures": "list, todo",
				"name": "list",
				"id": 857,
				"code": 60505
			},
			"setIdx": 0,
			"setId": 0,
			"iconIdx": 857
		},
		{
			"icon": {
				"paths": [
					"M64 192h896v128h-896v-128z",
					"M64 448h896v128h-896v-128z",
					"M64 704h896v128h-896v-128z"
				],
				"attrs": [],
				"isMulticolor": false,
				"tags": [
					"menu",
					"list",
					"options",
					"lines",
					"hamburger"
				],
				"defaultCode": 60529,
				"grid": 16
			},
			"attrs": [],
			"properties": {
				"order": 4,
				"prevSize": 16,
				"ligatures": "menu7, list5",
				"name": "menu7",
				"id": 881,
				"code": 60529
			},
			"setIdx": 0,
			"setId": 0,
			"iconIdx": 881
		},
		{
			"icon": {
				"paths": [
					"M512 192c-223.318 0-416.882 130.042-512 320 95.118 189.958 288.682 320 512 320 223.312 0 416.876-130.042 512-320-95.116-189.958-288.688-320-512-320zM764.45 361.704c60.162 38.374 111.142 89.774 149.434 150.296-38.292 60.522-89.274 111.922-149.436 150.296-75.594 48.218-162.89 73.704-252.448 73.704-89.56 0-176.858-25.486-252.452-73.704-60.158-38.372-111.138-89.772-149.432-150.296 38.292-60.524 89.274-111.924 149.434-150.296 3.918-2.5 7.876-4.922 11.86-7.3-9.96 27.328-15.41 56.822-15.41 87.596 0 141.382 114.616 256 256 256 141.382 0 256-114.618 256-256 0-30.774-5.452-60.268-15.408-87.598 3.978 2.378 7.938 4.802 11.858 7.302v0zM512 416c0 53.020-42.98 96-96 96s-96-42.98-96-96 42.98-96 96-96 96 42.982 96 96z"
				],
				"attrs": [],
				"isMulticolor": false,
				"tags": [
					"eye",
					"views",
					"vision",
					"visit"
				],
				"defaultCode": 60590,
				"grid": 16
			},
			"attrs": [],
			"properties": {
				"order": 3,
				"prevSize": 16,
				"ligatures": "eye, views",
				"name": "eye",
				"id": 942,
				"code": 60590
			},
			"setIdx": 0,
			"setId": 0,
			"iconIdx": 942
		},
		{
			"icon": {
				"paths": [
					"M945.942 14.058c-18.746-18.744-49.136-18.744-67.882 0l-202.164 202.164c-51.938-15.754-106.948-24.222-163.896-24.222-223.318 0-416.882 130.042-512 320 41.122 82.124 100.648 153.040 173.022 207.096l-158.962 158.962c-18.746 18.746-18.746 49.136 0 67.882 9.372 9.374 21.656 14.060 33.94 14.060s24.568-4.686 33.942-14.058l864-864c18.744-18.746 18.744-49.138 0-67.884zM416 320c42.24 0 78.082 27.294 90.92 65.196l-121.724 121.724c-37.902-12.838-65.196-48.68-65.196-90.92 0-53.020 42.98-96 96-96zM110.116 512c38.292-60.524 89.274-111.924 149.434-150.296 3.918-2.5 7.876-4.922 11.862-7.3-9.962 27.328-15.412 56.822-15.412 87.596 0 54.89 17.286 105.738 46.7 147.418l-60.924 60.924c-52.446-36.842-97.202-83.882-131.66-138.342z",
					"M768 442c0-27.166-4.256-53.334-12.102-77.898l-321.808 321.808c24.568 7.842 50.742 12.090 77.91 12.090 141.382 0 256-114.618 256-256z",
					"M830.026 289.974l-69.362 69.362c1.264 0.786 2.53 1.568 3.786 2.368 60.162 38.374 111.142 89.774 149.434 150.296-38.292 60.522-89.274 111.922-149.436 150.296-75.594 48.218-162.89 73.704-252.448 73.704-38.664 0-76.902-4.76-113.962-14.040l-76.894 76.894c59.718 21.462 123.95 33.146 190.856 33.146 223.31 0 416.876-130.042 512-320-45.022-89.916-112.118-166.396-193.974-222.026z"
				],
				"attrs": [],
				"isMulticolor": false,
				"tags": [
					"eye-blocked",
					"views",
					"vision",
					"visit",
					"banned",
					"blocked",
					"forbidden",
					"private"
				],
				"defaultCode": 60593,
				"grid": 16
			},
			"attrs": [],
			"properties": {
				"order": 15,
				"prevSize": 16,
				"ligatures": "eye-blocked, views4",
				"name": "eye-blocked",
				"id": 945,
				"code": 60593
			},
			"setIdx": 0,
			"setId": 0,
			"iconIdx": 945
		},
		{
			"icon": {
				"paths": [
					"M192 0v1024l320-320 320 320v-1024z"
				],
				"attrs": [],
				"isMulticolor": false,
				"tags": [
					"bookmark",
					"ribbon"
				],
				"defaultCode": 60599,
				"grid": 16
			},
			"attrs": [],
			"properties": {
				"order": 5,
				"prevSize": 16,
				"ligatures": "bookmark2, ribbon",
				"name": "bookmark2",
				"id": 951,
				"code": 60599
			},
			"setIdx": 0,
			"setId": 0,
			"iconIdx": 951
		},
		{
			"icon": {
				"paths": [
					"M192 0v1024l320-320 320 320v-1024h-640zM768 869.49l-256-256-256 256v-805.49h512v805.49z"
				],
				"attrs": [],
				"isMulticolor": false,
				"tags": [
					"bookmark",
					"ribbon"
				],
				"defaultCode": 60600,
				"grid": 16
			},
			"attrs": [],
			"properties": {
				"order": 6,
				"prevSize": 16,
				"ligatures": "bookmark3, ribbon2",
				"name": "bookmark3",
				"id": 952,
				"code": 60600
			},
			"setIdx": 0,
			"setId": 0,
			"iconIdx": 952
		},
		{
			"icon": {
				"paths": [
					"M768 640v-128h-320v-128h320v-128l192 192zM704 576v256h-320v192l-384-192v-832h704v320h-64v-256h-512l256 128v576h256v-192z"
				],
				"attrs": [],
				"isMulticolor": false,
				"tags": [
					"exit",
					"signout",
					"logout",
					"quit",
					"close"
				],
				"defaultCode": 60795,
				"grid": 16
			},
			"attrs": [],
			"properties": {
				"order": 1,
				"prevSize": 16,
				"ligatures": "exit3, signout3",
				"name": "exit3",
				"id": 1147,
				"code": 60795
			},
			"setIdx": 0,
			"setId": 0,
			"iconIdx": 1147
		},
		{
			"icon": {
				"paths": [
					"M0 672l64 64 448-448 448 448 64-64-511.998-512-512.002 512z"
				],
				"attrs": [],
				"isMulticolor": false,
				"tags": [
					"arrow-up",
					"up",
					"top"
				],
				"defaultCode": 60858,
				"grid": 16
			},
			"attrs": [],
			"properties": {
				"order": 7,
				"prevSize": 16,
				"ligatures": "arrow-up4, up4",
				"name": "arrow-up4",
				"id": 1210,
				"code": 60858
			},
			"setIdx": 0,
			"setId": 0,
			"iconIdx": 1210
		},
		{
			"icon": {
				"paths": [
					"M352 0l-64 64 448 448-448 448 64 64 512-511.998-512-512.002z"
				],
				"attrs": [],
				"isMulticolor": false,
				"tags": [
					"arrow-right",
					"right",
					"next"
				],
				"defaultCode": 60862,
				"grid": 16
			},
			"attrs": [],
			"properties": {
				"order": 8,
				"prevSize": 16,
				"ligatures": "arrow-right4, right6",
				"name": "arrow-right4",
				"id": 1214,
				"code": 60862
			},
			"setIdx": 0,
			"setId": 0,
			"iconIdx": 1214
		},
		{
			"icon": {
				"paths": [
					"M1024 352l-64-64-448 448-448-448-64 64 511.998 512 512.002-512z"
				],
				"attrs": [],
				"isMulticolor": false,
				"tags": [
					"arrow-down",
					"down",
					"buttom"
				],
				"defaultCode": 60866,
				"grid": 16
			},
			"attrs": [],
			"properties": {
				"order": 9,
				"prevSize": 16,
				"ligatures": "arrow-down4, down4",
				"name": "arrow-down4",
				"id": 1218,
				"code": 60866
			},
			"setIdx": 0,
			"setId": 0,
			"iconIdx": 1218
		},
		{
			"icon": {
				"paths": [
					"M672 1024l64-64-448-448 448-448-64-64-512 511.998 512 512.002z"
				],
				"attrs": [],
				"isMulticolor": false,
				"tags": [
					"arrow-left",
					"left",
					"previous"
				],
				"defaultCode": 60870,
				"grid": 16
			},
			"attrs": [],
			"properties": {
				"order": 10,
				"prevSize": 16,
				"ligatures": "arrow-left4, left7",
				"name": "arrow-left4",
				"id": 1222,
				"code": 60870
			},
			"setIdx": 0,
			"setId": 0,
			"iconIdx": 1222
		},
		{
			"icon": {
				"paths": [
					"M842.012 589.48c-13.648-13.446-43.914-20.566-89.972-21.172-31.178-0.344-68.702 2.402-108.17 7.928-17.674-10.198-35.892-21.294-50.188-34.658-38.462-35.916-70.568-85.772-90.576-140.594 1.304-5.12 2.414-9.62 3.448-14.212 0 0 21.666-123.060 15.932-164.666-0.792-5.706-1.276-7.362-2.808-11.796l-1.882-4.834c-5.894-13.592-17.448-27.994-35.564-27.208l-10.916-0.344c-20.202 0-36.664 10.332-40.986 25.774-13.138 48.434 0.418 120.892 24.98 214.738l-6.288 15.286c-17.588 42.876-39.63 86.060-59.078 124.158l-2.528 4.954c-20.46 40.040-39.026 74.028-55.856 102.822l-17.376 9.188c-1.264 0.668-31.044 16.418-38.028 20.644-59.256 35.38-98.524 75.542-105.038 107.416-2.072 10.17-0.53 23.186 10.014 29.212l16.806 8.458c7.292 3.652 14.978 5.502 22.854 5.502 42.206 0 91.202-52.572 158.698-170.366 77.93-25.37 166.652-46.458 244.412-58.090 59.258 33.368 132.142 56.544 178.142 56.544 8.168 0 15.212-0.78 20.932-2.294 8.822-2.336 16.258-7.368 20.792-14.194 8.926-13.432 10.734-31.932 8.312-50.876-0.72-5.622-5.21-12.574-10.068-17.32zM211.646 814.048c7.698-21.042 38.16-62.644 83.206-99.556 2.832-2.296 9.808-8.832 16.194-14.902-47.104 75.124-78.648 105.066-99.4 114.458zM478.434 199.686c13.566 0 21.284 34.194 21.924 66.254s-6.858 54.56-16.158 71.208c-7.702-24.648-11.426-63.5-11.426-88.904 0 0-0.566-48.558 5.66-48.558v0zM398.852 637.494c9.45-16.916 19.282-34.756 29.33-53.678 24.492-46.316 39.958-82.556 51.478-112.346 22.91 41.684 51.444 77.12 84.984 105.512 4.186 3.542 8.62 7.102 13.276 10.65-68.21 13.496-127.164 29.91-179.068 49.862v0zM828.902 633.652c-4.152 2.598-16.052 4.1-23.708 4.1-24.708 0-55.272-11.294-98.126-29.666 16.468-1.218 31.562-1.838 45.102-1.838 24.782 0 32.12-0.108 56.35 6.072 24.228 6.18 24.538 18.734 20.382 21.332v0z",
					"M917.806 229.076c-22.21-30.292-53.174-65.7-87.178-99.704s-69.412-64.964-99.704-87.178c-51.574-37.82-76.592-42.194-90.924-42.194h-496c-44.112 0-80 35.888-80 80v864c0 44.112 35.886 80 80 80h736c44.112 0 80-35.888 80-80v-624c0-14.332-4.372-39.35-42.194-90.924v0zM785.374 174.626c30.7 30.7 54.8 58.398 72.58 81.374h-153.954v-153.946c22.982 17.78 50.678 41.878 81.374 72.572v0zM896 944c0 8.672-7.328 16-16 16h-736c-8.672 0-16-7.328-16-16v-864c0-8.672 7.328-16 16-16 0 0 495.956-0.002 496 0v224c0 17.672 14.324 32 32 32h224v624z"
				],
				"attrs": [],
				"isMulticolor": false,
				"tags": [
					"file-pdf",
					"file",
					"file-format"
				],
				"defaultCode": 61246,
				"grid": 16
			},
			"attrs": [],
			"properties": {
				"order": 19,
				"prevSize": 16,
				"ligatures": "file-pdf, file41",
				"name": "file-pdf",
				"id": 1598,
				"code": 61246
			},
			"setIdx": 0,
			"setId": 0,
			"iconIdx": 1598
		},
		{
			"icon": {
				"paths": [
					"M639.778 475.892h44.21l-51.012 226.178-66.324-318.010h-106.55l-77.114 318.010-57.816-318.010h-111.394l113.092 511.88h108.838l76.294-302.708 68.256 302.708h100.336l129.628-511.88h-170.446v91.832z",
					"M917.806 229.076c-22.21-30.292-53.174-65.7-87.178-99.704s-69.412-64.964-99.704-87.178c-51.574-37.82-76.592-42.194-90.924-42.194h-496c-44.112 0-80 35.888-80 80v864c0 44.112 35.886 80 80 80h736c44.112 0 80-35.888 80-80v-624c0-14.332-4.372-39.35-42.194-90.924v0zM785.374 174.626c30.7 30.7 54.8 58.398 72.58 81.374h-153.954v-153.946c22.982 17.78 50.678 41.878 81.374 72.572v0zM896 944c0 8.672-7.328 16-16 16h-736c-8.672 0-16-7.328-16-16v-864c0-8.672 7.328-16 16-16 0 0 495.956-0.002 496 0v224c0 17.672 14.324 32 32 32h224v624z"
				],
				"attrs": [],
				"isMulticolor": false,
				"tags": [
					"file-word",
					"file",
					"file-format",
					"word",
					"docx"
				],
				"defaultCode": 61248,
				"grid": 16
			},
			"attrs": [],
			"properties": {
				"order": 21,
				"prevSize": 16,
				"ligatures": "file-word, file43",
				"name": "file-word",
				"id": 1600,
				"code": 61248
			},
			"setIdx": 0,
			"setId": 0,
			"iconIdx": 1600
		},
		{
			"icon": {
				"paths": [
					"M743.028 384h-135.292l-95.732 141.032-95.742-141.032h-135.29l162.162 242.464-182.972 269.536h251.838v-91.576h-50.156l50.156-74.994 111.396 166.57h140.444l-182.976-269.536 162.164-242.464z",
					"M917.806 229.076c-22.21-30.292-53.174-65.7-87.178-99.704s-69.412-64.964-99.704-87.178c-51.574-37.82-76.592-42.194-90.924-42.194h-496c-44.112 0-80 35.888-80 80v864c0 44.112 35.886 80 80 80h736c44.112 0 80-35.888 80-80v-624c0-14.332-4.372-39.35-42.194-90.924v0zM785.374 174.626c30.7 30.7 54.8 58.398 72.58 81.374h-153.954v-153.946c22.982 17.78 50.678 41.878 81.374 72.572v0zM896 944c0 8.672-7.328 16-16 16h-736c-8.672 0-16-7.328-16-16v-864c0-8.672 7.328-16 16-16 0 0 495.956-0.002 496 0v224c0 17.672 14.324 32 32 32h224v624z"
				],
				"attrs": [],
				"isMulticolor": false,
				"tags": [
					"file-excel",
					"file",
					"file-format",
					"xlc"
				],
				"defaultCode": 61249,
				"grid": 16
			},
			"attrs": [],
			"properties": {
				"order": 20,
				"prevSize": 16,
				"ligatures": "file-excel, file44",
				"name": "file-excel",
				"id": 1601,
				"code": 61249
			},
			"setIdx": 0,
			"setId": 0,
			"iconIdx": 1601
		}
	],
	"height": 1024,
	"metadata": {
		"name": "icons"
	},
	"preferences": {
		"showGlyphs": true,
		"showCodes": true,
		"showQuickUse": true,
		"showQuickUse2": true,
		"showSVGs": true,
		"fontPref": {
			"prefix": "icon-",
			"metadata": {
				"fontFamily": "icons",
				"majorVersion": 1,
				"minorVersion": 0
			},
			"metrics": {
				"emSize": 1024,
				"baseline": 6.25,
				"whitespace": 50
			},
			"embed": false,
			"noie8": true,
			"ie7": false,
			"showSelector": false,
			"showMetrics": false,
			"showVersion": false,
			"showMetadata": false,
			"cssVars": true,
			"cssVarsFormat": "less"
		},
		"imagePref": {
			"prefix": "icon-",
			"png": true,
			"useClassSelector": true,
			"color": 0,
			"bgColor": 16777215,
			"classSelector": ".icon",
			"height": 32,
			"columns": 16,
			"margin": 16
		},
		"historySize": 100
	}
}