<?xml version="1.0" encoding="UTF-8" ?>
<application 
	xmlns="http://java.sun.com/xml/ns/j2ee" 
	xmlns:j2ee="http://java.sun.com/xml/ns/j2ee" 
	xmlns:xsi="http://www.w3.org/2001/XMLSchema-instance" 
	xsi:schemaLocation="http://java.sun.com/xml/ns/j2ee http://java.sun.com/xml/ns/j2ee/application_1_4.xsd" 
	version="1.4"
>
	<description>@component@ ear</description>
	<display-name>@component@</display-name>
	<module>
		<web>
			<web-uri>@component@.war</web-uri>
			<context-root>@component@</context-root>
		</web>
	</module>
</application>