{
    "application": {
        "id": "",
        "title": "demo.ovp.BusinessOverview.OVPDemo",
        "type": "SAP_UI5_Component",
        "componentUrl": "/webapp",
        "appUrl": "#OVPDemo-Display",
        "navigationComponentName": "demo.ovp.BusinessOverview",
        "intentSemanticObject": "OVPDemo",
        "intentAction": "Display",
        "html5ApplicationName": "ovpdemo",
        "HCPParentApplicationName": ""
    },
    "assignment": {
        "groups": [
            "ca1ac604-f2a8-4d00-a6f9-2e8b167a8ef1"
        ],
        "contentPackages": [
            "367a716a-e9b7-40a3-ab4b-d7a4fbe3914d"
        ],
        "categories": []
    },
    "tile": {
        "type": "StaticTile",
        "title": "DZ BANK Overview 7",
        "subtitle": "Subtitle",
        "searchKeywords": "DZ BANK Overview 7,Subtitle",
        "displayIconUrl": "sap-icon://approvals",
        "displayInfoText": "",
        "size": "1x1",
        "serviceURL": "",
        "refreshInterval": ""
    }
}