[{
	"Currency": "ADP",
	"Currency_Text": "Andorran Peseta --> (Old --> EUR)",
	"Decimals": 0,
	"CurrencyISOCode": "ADP"
}, {
	"Currency": "AED",
	"Currency_Text": "United Arab Emirates Dirham",
	"Decimals": 2,
	"CurrencyISOCode": "AED"
}, {
	"Currency": "AFA",
	"Currency_Text": "Afghani (Old)",
	"Decimals": 0,
	"CurrencyISOCode": "AFA"
}, {
	"Currency": "AFN",
	"Currency_Text": "Afghani",
	"Decimals": 2,
	"CurrencyISOCode": "AFN"
}, {
	"Currency": "ALL",
	"Currency_Text": "Albanian Lek",
	"Decimals": 2,
	"CurrencyISOCode": "ALL"
}, {
	"Currency": "AMD",
	"Currency_Text": "Armenian Dram",
	"Decimals": 2,
	"CurrencyISOCode": "AMD"
}, {
	"Currency": "ANG",
	"Currency_Text": "West Indian Guilder",
	"Decimals": 2,
	"CurrencyISOCode": "ANG"
}, {
	"Currency": "AOA",
	"Currency_Text": "Angolanische Kwanza",
	"Decimals": 2,
	"CurrencyISOCode": "AOA"
}, {
	"Currency": "AOK",
	"Currency_Text": "Angolan Kwanza",
	"Decimals": 2,
	"CurrencyISOCode": "AOK"
}, {
	"Currency": "AON",
	"Currency_Text": "Angolan New Kwanza (Old)",
	"Decimals": 2,
	"CurrencyISOCode": "AON"
}, {
	"Currency": "AOR",
	"Currency_Text": "Angolan Kwanza Reajustado (Old)",
	"Decimals": 2,
	"CurrencyISOCode": "AOR"
}, {
	"Currency": "ARA",
	"Currency_Text": "Argentinian Austral",
	"Decimals": 2,
	"CurrencyISOCode": "ARA"
}, {
	"Currency": "ARS",
	"Currency_Text": "Argentine Peso",
	"Decimals": 2,
	"CurrencyISOCode": "ARS"
}, {
	"Currency": "ATS",
	"Currency_Text": "Austrian Schilling (Old --> EUR)",
	"Decimals": 2,
	"CurrencyISOCode": "ATS"
}, {
	"Currency": "AUD",
	"Currency_Text": "Australian Dollar",
	"Decimals": 2,
	"CurrencyISOCode": "AUD"
}, {
	"Currency": "AWG",
	"Currency_Text": "Aruban Florin",
	"Decimals": 2,
	"CurrencyISOCode": "AWG"
}, {
	"Currency": "AZM",
	"Currency_Text": "Azerbaijani Manat (Old)",
	"Decimals": 2,
	"CurrencyISOCode": "AZM"
}, {
	"Currency": "AZN",
	"Currency_Text": "Azerbaijani Manat",
	"Decimals": 2,
	"CurrencyISOCode": "AZN"
}, {
	"Currency": "BAD",
	"Currency_Text": "Bosnia-Herzogovinian Dinar",
	"Decimals": 2,
	"CurrencyISOCode": "BAD"
}, {
	"Currency": "BAM",
	"Currency_Text": "Bosnia and Herzegovina Convertible Mark",
	"Decimals": 2,
	"CurrencyISOCode": "BAM"
}, {
	"Currency": "BBD",
	"Currency_Text": "Barbados Dollar",
	"Decimals": 2,
	"CurrencyISOCode": "BBD"
}, {
	"Currency": "BDT",
	"Currency_Text": "Bangladesh Taka",
	"Decimals": 2,
	"CurrencyISOCode": "BDT"
}, {
	"Currency": "BEF",
	"Currency_Text": "Belgian Franc (Old --> EUR)",
	"Decimals": 0,
	"CurrencyISOCode": "BEF"
}, {
	"Currency": "BGL",
	"Currency_Text": "Bulgarian Lev",
	"Decimals": 2,
	"CurrencyISOCode": "BGL"
}, {
	"Currency": "BGN",
	"Currency_Text": "Bulgarian Lev",
	"Decimals": 2,
	"CurrencyISOCode": "BGN"
}, {
	"Currency": "BHD",
	"Currency_Text": "Bahraini Dinar",
	"Decimals": 3,
	"CurrencyISOCode": "BHD"
}, {
	"Currency": "BIF",
	"Currency_Text": "Burundi Franc",
	"Decimals": 0,
	"CurrencyISOCode": "BIF"
}, {
	"Currency": "BMD",
	"Currency_Text": "Bermudan Dollar",
	"Decimals": 2,
	"CurrencyISOCode": "BMD"
}, {
	"Currency": "BND",
	"Currency_Text": "Brunei Dollar",
	"Decimals": 2,
	"CurrencyISOCode": "BND"
}, {
	"Currency": "BOB",
	"Currency_Text": "Boliviano",
	"Decimals": 2,
	"CurrencyISOCode": "BOB"
}, {
	"Currency": "BRC",
	"Currency_Text": "Brazilian Real",
	"Decimals": 2,
	"CurrencyISOCode": "BRC"
}, {
	"Currency": "BRL",
	"Currency_Text": "Brazilian Real",
	"Decimals": 2,
	"CurrencyISOCode": "BRL"
}, {
	"Currency": "BSD",
	"Currency_Text": "Bahaman Dollar",
	"Decimals": 2,
	"CurrencyISOCode": "BSD"
}, {
	"Currency": "BTN",
	"Currency_Text": "Bhutan Ngultrum",
	"Decimals": 2,
	"CurrencyISOCode": "BTN"
}, {
	"Currency": "BWP",
	"Currency_Text": "Botswana Pula",
	"Decimals": 2,
	"CurrencyISOCode": "BWP"
}, {
	"Currency": "BYB",
	"Currency_Text": "Belarusian Ruble (Old)",
	"Decimals": 0,
	"CurrencyISOCode": "BYB"
}, {
	"Currency": "BYR",
	"Currency_Text": "Belarusian Ruble",
	"Decimals": 0,
	"CurrencyISOCode": "BYR"
}, {
	"Currency": "BZD",
	"Currency_Text": "Belize Dollar",
	"Decimals": 2,
	"CurrencyISOCode": "BZD"
}, {
	"Currency": "CAD",
	"Currency_Text": "Canadian Dollar",
	"Decimals": 2,
	"CurrencyISOCode": "CAD"
}, {
	"Currency": "CDF",
	"Currency_Text": "Congolese Franc",
	"Decimals": 2,
	"CurrencyISOCode": "CDF"
}, {
	"Currency": "XPF",
	"Currency_Text": "French Franc (Pacific Islands)",
	"Decimals": 2,
	"CurrencyISOCode": "XPF"
}, {
	"Currency": "CHF",
	"Currency_Text": "Swiss Franc",
	"Decimals": 2,
	"CurrencyISOCode": "CHF"
}, {
	"Currency": "CLP",
	"Currency_Text": "Chilean Peso",
	"Decimals": 0,
	"CurrencyISOCode": "CLP"
}, {
	"Currency": "CNY",
	"Currency_Text": "Chinese Renminbi",
	"Decimals": 2,
	"CurrencyISOCode": "CNY"
}, {
	"Currency": "COP",
	"Currency_Text": "Colombian Peso",
	"Decimals": 0,
	"CurrencyISOCode": "COP"
}, {
	"Currency": "CRC",
	"Currency_Text": "Costa Rica Colon",
	"Decimals": 2,
	"CurrencyISOCode": "CRC"
}, {
	"Currency": "CSD",
	"Currency_Text": "Serbian Dinar (Old)",
	"Decimals": 2,
	"CurrencyISOCode": "CSD"
}, {
	"Currency": "CUC",
	"Currency_Text": "Peso Convertible",
	"Decimals": 2,
	"CurrencyISOCode": "CUC"
}, {
	"Currency": "CUP",
	"Currency_Text": "Cuban Peso",
	"Decimals": 2,
	"CurrencyISOCode": "CUP"
}, {
	"Currency": "CVE",
	"Currency_Text": "Cape Verde Escudo",
	"Decimals": 2,
	"CurrencyISOCode": "CVE"
}, {
	"Currency": "CYP",
	"Currency_Text": "Cyprus Pound  (Old --> EUR)",
	"Decimals": 2,
	"CurrencyISOCode": "CYP"
}, {
	"Currency": "CZK",
	"Currency_Text": "Czech Krona",
	"Decimals": 2,
	"CurrencyISOCode": "CZK"
}, {
	"Currency": "DEM",
	"Currency_Text": "German Mark    (Old --> EUR)",
	"Decimals": 2,
	"CurrencyISOCode": "DEM"
}, {
	"Currency": "EUR",
	"Currency_Text": "European Euro",
	"Decimals": 2,
	"CurrencyISOCode": "EUR"
}, {
	"Currency": "DJF",
	"Currency_Text": "Djibouti Franc",
	"Decimals": 0,
	"CurrencyISOCode": "DJF"
}, {
	"Currency": "DKK",
	"Currency_Text": "Danish Krone",
	"Decimals": 2,
	"CurrencyISOCode": "DKK"
}, {
	"Currency": "DOP",
	"Currency_Text": "Dominican Peso",
	"Decimals": 2,
	"CurrencyISOCode": "DOP"
}, {
	"Currency": "DZD",
	"Currency_Text": "Algerian Dinar",
	"Decimals": 2,
	"CurrencyISOCode": "DZD"
}, {
	"Currency": "ECS",
	"Currency_Text": "Ecuadorian Sucre (Old --> USD)",
	"Decimals": 0,
	"CurrencyISOCode": "ECS"
}, {
	"Currency": "EUR",
	"Currency_Text": "Euro (EMU currency as of 01/01/1999)",
	"Decimals": 2,
	"CurrencyISOCode": ""
}, {
	"Currency": "EEK",
	"Currency_Text": "Estonian Krone (Old --> EUR)",
	"Decimals": 2,
	"CurrencyISOCode": "EEK"
}, {
	"Currency": "EGP",
	"Currency_Text": "Egyptian Pound",
	"Decimals": 2,
	"CurrencyISOCode": "EGP"
}, {
	"Currency": "ERN",
	"Currency_Text": "Eritrean Nafka",
	"Decimals": 2,
	"CurrencyISOCode": "ERN"
}, {
	"Currency": "ESP",
	"Currency_Text": "Spanish Peseta (Old --> EUR)",
	"Decimals": 0,
	"CurrencyISOCode": "ESP"
}, {
	"Currency": "ETB",
	"Currency_Text": "Ethiopian Birr",
	"Decimals": 2,
	"CurrencyISOCode": "ETB"
}, {
	"Currency": "DEM",
	"Currency_Text": "(Internal) German Mark (3 dec.places)",
	"Decimals": 3,
	"CurrencyISOCode": ""
}, {
	"Currency": "USD",
	"Currency_Text": "(Internal) United States Dollar (5 Dec.)",
	"Decimals": 5,
	"CurrencyISOCode": ""
}, {
	"Currency": "FIM",
	"Currency_Text": "Finnish Markka (Old --> EUR)",
	"Decimals": 2,
	"CurrencyISOCode": "FIM"
}, {
	"Currency": "FJD",
	"Currency_Text": "Fiji Dollar",
	"Decimals": 2,
	"CurrencyISOCode": "FJD"
}, {
	"Currency": "FKP",
	"Currency_Text": "Falkland Pound",
	"Decimals": 2,
	"CurrencyISOCode": "FKP"
}, {
	"Currency": "FRF",
	"Currency_Text": "French Franc (Old --> EUR)",
	"Decimals": 2,
	"CurrencyISOCode": "FRF"
}, {
	"Currency": "GBP",
	"Currency_Text": "British Pound",
	"Decimals": 2,
	"CurrencyISOCode": "GBP"
}, {
	"Currency": "GEK",
	"Currency_Text": "Georgian Kupon",
	"Decimals": 2,
	"CurrencyISOCode": "GEK"
}, {
	"Currency": "GEL",
	"Currency_Text": "Georgian Lari",
	"Decimals": 2,
	"CurrencyISOCode": "GEL"
}, {
	"Currency": "GHC",
	"Currency_Text": "Ghanaian Cedi (Old)",
	"Decimals": 2,
	"CurrencyISOCode": "GHC"
}, {
	"Currency": "GHS",
	"Currency_Text": "Ghanian Cedi",
	"Decimals": 2,
	"CurrencyISOCode": "GHS"
}, {
	"Currency": "GIP",
	"Currency_Text": "Gibraltar Pound",
	"Decimals": 2,
	"CurrencyISOCode": "GIP"
}, {
	"Currency": "GMD",
	"Currency_Text": "Gambian Dalasi",
	"Decimals": 2,
	"CurrencyISOCode": "GMD"
}, {
	"Currency": "GNF",
	"Currency_Text": "Guinean Franc",
	"Decimals": 0,
	"CurrencyISOCode": "GNF"
}, {
	"Currency": "GRD",
	"Currency_Text": "Greek Drachma (Old --> EUR)",
	"Decimals": 0,
	"CurrencyISOCode": "GRD"
}, {
	"Currency": "GTQ",
	"Currency_Text": "Guatemalan Quetzal",
	"Decimals": 2,
	"CurrencyISOCode": "GTQ"
}, {
	"Currency": "GWP",
	"Currency_Text": "Guinea Peso (Old --> SHP)",
	"Decimals": 2,
	"CurrencyISOCode": "GWP"
}, {
	"Currency": "GYD",
	"Currency_Text": "Guyana Dollar",
	"Decimals": 2,
	"CurrencyISOCode": "GYD"
}, {
	"Currency": "HKD",
	"Currency_Text": "Hong Kong Dollar",
	"Decimals": 2,
	"CurrencyISOCode": "HKD"
}, {
	"Currency": "HNL",
	"Currency_Text": "Honduran Lempira",
	"Decimals": 2,
	"CurrencyISOCode": "HNL"
}, {
	"Currency": "HRK",
	"Currency_Text": "Croatian Kuna",
	"Decimals": 2,
	"CurrencyISOCode": "HRK"
}, {
	"Currency": "HTG",
	"Currency_Text": "Haitian Gourde",
	"Decimals": 2,
	"CurrencyISOCode": "HTG"
}, {
	"Currency": "HUF",
	"Currency_Text": "Hungarian Forint",
	"Decimals": 0,
	"CurrencyISOCode": "HUF"
}, {
	"Currency": "IDR",
	"Currency_Text": "Indonesian Rupiah",
	"Decimals": 0,
	"CurrencyISOCode": "IDR"
}, {
	"Currency": "IEP",
	"Currency_Text": "Irish Punt (Old --> EUR)",
	"Decimals": 2,
	"CurrencyISOCode": "IEP"
}, {
	"Currency": "ILS",
	"Currency_Text": "Israeli Scheckel",
	"Decimals": 2,
	"CurrencyISOCode": "ILS"
}, {
	"Currency": "INR",
	"Currency_Text": "Indian Rupee",
	"Decimals": 2,
	"CurrencyISOCode": "INR"
}, {
	"Currency": "IQD",
	"Currency_Text": "Iraqui Dinar",
	"Decimals": 3,
	"CurrencyISOCode": "IQD"
}, {
	"Currency": "IRR",
	"Currency_Text": "Iranian Rial",
	"Decimals": 2,
	"CurrencyISOCode": "IRR"
}, {
	"Currency": "ISK",
	"Currency_Text": "Iceland Krona",
	"Decimals": 2,
	"CurrencyISOCode": "ISK"
}, {
	"Currency": "ITL",
	"Currency_Text": "Italian Lira (Old --> EUR)",
	"Decimals": 0,
	"CurrencyISOCode": "ITL"
}, {
	"Currency": "JMD",
	"Currency_Text": "Jamaican Dollar",
	"Decimals": 2,
	"CurrencyISOCode": "JMD"
}, {
	"Currency": "JOD",
	"Currency_Text": "Jordanian Dinar",
	"Decimals": 3,
	"CurrencyISOCode": "JOD"
}, {
	"Currency": "JPY",
	"Currency_Text": "Japanese Yen",
	"Decimals": 0,
	"CurrencyISOCode": "JPY"
}, {
	"Currency": "KES",
	"Currency_Text": "Kenyan Shilling",
	"Decimals": 2,
	"CurrencyISOCode": "KES"
}, {
	"Currency": "KGS",
	"Currency_Text": "Kyrgyzstan Som",
	"Decimals": 2,
	"CurrencyISOCode": "KGS"
}, {
	"Currency": "KHR",
	"Currency_Text": "Cambodian Riel",
	"Decimals": 2,
	"CurrencyISOCode": "KHR"
}, {
	"Currency": "KIS",
	"Currency_Text": "Kirghizstan Som",
	"Decimals": 2,
	"CurrencyISOCode": "KIS"
}, {
	"Currency": "KMF",
	"Currency_Text": "Comoros Franc",
	"Decimals": 0,
	"CurrencyISOCode": "KMF"
}, {
	"Currency": "KPW",
	"Currency_Text": "North Korean Won",
	"Decimals": 2,
	"CurrencyISOCode": "KPW"
}, {
	"Currency": "KRW",
	"Currency_Text": "South Korean Won",
	"Decimals": 0,
	"CurrencyISOCode": "KRW"
}, {
	"Currency": "KWD",
	"Currency_Text": "Kuwaiti Dinar",
	"Decimals": 3,
	"CurrencyISOCode": "KWD"
}, {
	"Currency": "KYD",
	"Currency_Text": "Cayman Dollar",
	"Decimals": 2,
	"CurrencyISOCode": "KYD"
}, {
	"Currency": "KZT",
	"Currency_Text": "Kazakstanian Tenge",
	"Decimals": 2,
	"CurrencyISOCode": "KZT"
}, {
	"Currency": "LAK",
	"Currency_Text": "Laotian Kip",
	"Decimals": 0,
	"CurrencyISOCode": "LAK"
}, {
	"Currency": "LBP",
	"Currency_Text": "Lebanese Pound",
	"Decimals": 2,
	"CurrencyISOCode": "LBP"
}, {
	"Currency": "LKR",
	"Currency_Text": "Sri Lankan Rupee",
	"Decimals": 2,
	"CurrencyISOCode": "LKR"
}, {
	"Currency": "LRD",
	"Currency_Text": "Liberian Dollar",
	"Decimals": 2,
	"CurrencyISOCode": "LRD"
}, {
	"Currency": "LSL",
	"Currency_Text": "Lesotho Loti",
	"Decimals": 2,
	"CurrencyISOCode": "LSL"
}, {
	"Currency": "LTL",
	"Currency_Text": "Lithuanian Lita",
	"Decimals": 2,
	"CurrencyISOCode": "LTL"
}, {
	"Currency": "LUF",
	"Currency_Text": "Luxembourg Franc (Old --> EUR)",
	"Decimals": 0,
	"CurrencyISOCode": "LUF"
}, {
	"Currency": "LVL",
	"Currency_Text": "Latvian Lat",
	"Decimals": 2,
	"CurrencyISOCode": "LVL"
}, {
	"Currency": "LYD",
	"Currency_Text": "Libyan Dinar",
	"Decimals": 3,
	"CurrencyISOCode": "LYD"
}, {
	"Currency": "MAD",
	"Currency_Text": "Moroccan Dirham",
	"Decimals": 2,
	"CurrencyISOCode": "MAD"
}, {
	"Currency": "MDL",
	"Currency_Text": "Moldavian Leu",
	"Decimals": 2,
	"CurrencyISOCode": "MDL"
}, {
	"Currency": "MGA",
	"Currency_Text": "Madagascan Ariary",
	"Decimals": 2,
	"CurrencyISOCode": "MGA"
}, {
	"Currency": "MGF",
	"Currency_Text": "Madagascan Franc (Old",
	"Decimals": 0,
	"CurrencyISOCode": "MGF"
}, {
	"Currency": "MKD",
	"Currency_Text": "Macedonian Denar",
	"Decimals": 2,
	"CurrencyISOCode": "MKD"
}, {
	"Currency": "MMK",
	"Currency_Text": "Myanmar Kyat",
	"Decimals": 2,
	"CurrencyISOCode": "MMK"
}, {
	"Currency": "MNT",
	"Currency_Text": "Mongolian Tugrik",
	"Decimals": 2,
	"CurrencyISOCode": "MNT"
}, {
	"Currency": "MOP",
	"Currency_Text": "Macao Pataca",
	"Decimals": 2,
	"CurrencyISOCode": "MOP"
}, {
	"Currency": "MRO",
	"Currency_Text": "Mauritanian Ouguiya",
	"Decimals": 2,
	"CurrencyISOCode": "MRO"
}, {
	"Currency": "MTL",
	"Currency_Text": "Maltese Lira (Old --> EUR)",
	"Decimals": 2,
	"CurrencyISOCode": "MTL"
}, {
	"Currency": "MUR",
	"Currency_Text": "Mauritian Rupee",
	"Decimals": 2,
	"CurrencyISOCode": "MUR"
}, {
	"Currency": "MVR",
	"Currency_Text": "Maldive Rufiyaa",
	"Decimals": 2,
	"CurrencyISOCode": "MVR"
}, {
	"Currency": "MWK",
	"Currency_Text": "Malawi Kwacha",
	"Decimals": 2,
	"CurrencyISOCode": "MWK"
}, {
	"Currency": "MXN",
	"Currency_Text": "Mexican Pesos",
	"Decimals": 2,
	"CurrencyISOCode": "MXN"
}, {
	"Currency": "MXP",
	"Currency_Text": "Mexican Peso (old)",
	"Decimals": 2,
	"CurrencyISOCode": "MXP"
}, {
	"Currency": "MYR",
	"Currency_Text": "Malaysian Ringgit",
	"Decimals": 2,
	"CurrencyISOCode": "MYR"
}, {
	"Currency": "MZM",
	"Currency_Text": "Mozambique Metical (Old)",
	"Decimals": 0,
	"CurrencyISOCode": "MZM"
}, {
	"Currency": "MZN",
	"Currency_Text": "Mozambique Metical",
	"Decimals": 2,
	"CurrencyISOCode": "MZN"
}, {
	"Currency": "NAD",
	"Currency_Text": "Namibian Dollar",
	"Decimals": 2,
	"CurrencyISOCode": "NAD"
}, {
	"Currency": "NGN",
	"Currency_Text": "Nigerian Naira",
	"Decimals": 2,
	"CurrencyISOCode": "NGN"
}, {
	"Currency": "NIC",
	"Currency_Text": "Nicaraguan Cordoba",
	"Decimals": 2,
	"CurrencyISOCode": "NIC"
}, {
	"Currency": "NIO",
	"Currency_Text": "Nicaraguan Cordoba Oro",
	"Decimals": 2,
	"CurrencyISOCode": "NIO"
}, {
	"Currency": "NLG",
	"Currency_Text": "Dutch Guilder (Old --> EUR)",
	"Decimals": 2,
	"CurrencyISOCode": "NLG"
}, {
	"Currency": "NOK",
	"Currency_Text": "Norwegian Krone",
	"Decimals": 2,
	"CurrencyISOCode": "NOK"
}, {
	"Currency": "NPR",
	"Currency_Text": "Nepalese Rupee",
	"Decimals": 2,
	"CurrencyISOCode": "NPR"
}, {
	"Currency": "NUC",
	"Currency_Text": "",
	"Decimals": 2,
	"CurrencyISOCode": ""
}, {
	"Currency": "NZD",
	"Currency_Text": "New Zealand Dollars",
	"Decimals": 2,
	"CurrencyISOCode": "NZD"
}, {
	"Currency": "OMR",
	"Currency_Text": "Omani Rial",
	"Decimals": 3,
	"CurrencyISOCode": "OMR"
}, {
	"Currency": "PAB",
	"Currency_Text": "Panamanian Balboa",
	"Decimals": 2,
	"CurrencyISOCode": "PAB"
}, {
	"Currency": "PEI",
	"Currency_Text": "Peruvian Inti",
	"Decimals": 2,
	"CurrencyISOCode": "PEI"
}, {
	"Currency": "PEN",
	"Currency_Text": "Peruvian New Sol",
	"Decimals": 2,
	"CurrencyISOCode": "PEN"
}, {
	"Currency": "PGK",
	"Currency_Text": "Papua New Guinea Kina",
	"Decimals": 2,
	"CurrencyISOCode": "PGK"
}, {
	"Currency": "PHP",
	"Currency_Text": "Philippine Peso",
	"Decimals": 2,
	"CurrencyISOCode": "PHP"
}, {
	"Currency": "PKR",
	"Currency_Text": "Pakistani Rupee",
	"Decimals": 2,
	"CurrencyISOCode": "PKR"
}, {
	"Currency": "PKT",
	"Currency_Text": "",
	"Decimals": 2,
	"CurrencyISOCode": ""
}, {
	"Currency": "PLN",
	"Currency_Text": "Polish Zloty (new)",
	"Decimals": 2,
	"CurrencyISOCode": "PLN"
}, {
	"Currency": "PLZ",
	"Currency_Text": "Polish Zloty",
	"Decimals": 2,
	"CurrencyISOCode": "PLZ"
}, {
	"Currency": "PTE",
	"Currency_Text": "Portuguese Escudo (Old --> EUR)",
	"Decimals": 0,
	"CurrencyISOCode": "PTE"
}, {
	"Currency": "PYG",
	"Currency_Text": "Paraguayan Guarani",
	"Decimals": 0,
	"CurrencyISOCode": "PYG"
}, {
	"Currency": "QAR",
	"Currency_Text": "Qatar Rial",
	"Decimals": 2,
	"CurrencyISOCode": "QAR"
}, {
	"Currency": "CNY",
	"Currency_Text": "Chinese Yuan Renminbi",
	"Decimals": 2,
	"CurrencyISOCode": "CNY"
}, {
	"Currency": "ROL",
	"Currency_Text": "Romanian Leu (Old)",
	"Decimals": 0,
	"CurrencyISOCode": "ROL"
}, {
	"Currency": "RON",
	"Currency_Text": "Romanian Leu",
	"Decimals": 2,
	"CurrencyISOCode": "RON"
}, {
	"Currency": "RSD",
	"Currency_Text": "Serbian Dinar",
	"Decimals": 2,
	"CurrencyISOCode": "RSD"
}, {
	"Currency": "RUB",
	"Currency_Text": "Russian Ruble",
	"Decimals": 2,
	"CurrencyISOCode": "RUB"
}, {
	"Currency": "RUR",
	"Currency_Text": "Russian Rubel",
	"Decimals": 2,
	"CurrencyISOCode": "RUR"
}, {
	"Currency": "RWF",
	"Currency_Text": "Rwandan Franc",
	"Decimals": 0,
	"CurrencyISOCode": "RWF"
}, {
	"Currency": "SAR",
	"Currency_Text": "Saudi Riyal",
	"Decimals": 2,
	"CurrencyISOCode": "SAR"
}, {
	"Currency": "SBD",
	"Currency_Text": "Solomon Islands Dollar",
	"Decimals": 2,
	"CurrencyISOCode": "SBD"
}, {
	"Currency": "SCR",
	"Currency_Text": "Seychelles Rupee",
	"Decimals": 2,
	"CurrencyISOCode": "SCR"
}, {
	"Currency": "SDD",
	"Currency_Text": "Sudanese Dinar (Old)",
	"Decimals": 2,
	"CurrencyISOCode": "SDD"
}, {
	"Currency": "SDG",
	"Currency_Text": "Sudanese Pound",
	"Decimals": 2,
	"CurrencyISOCode": "SDG"
}, {
	"Currency": "SDP",
	"Currency_Text": "Sudanese Pound (until 1992)",
	"Decimals": 2,
	"CurrencyISOCode": "SDP"
}, {
	"Currency": "SEK",
	"Currency_Text": "Swedish Krona",
	"Decimals": 2,
	"CurrencyISOCode": "SEK"
}, {
	"Currency": "SGD",
	"Currency_Text": "Singapore Dollar",
	"Decimals": 2,
	"CurrencyISOCode": "SGD"
}, {
	"Currency": "SHP",
	"Currency_Text": "St.Helena Pound",
	"Decimals": 2,
	"CurrencyISOCode": "SHP"
}, {
	"Currency": "SIT",
	"Currency_Text": "Slovenian Tolar (Old --> EUR)",
	"Decimals": 2,
	"CurrencyISOCode": "SIT"
}, {
	"Currency": "SKK",
	"Currency_Text": "Slovakian Krona (Old --> EUR)",
	"Decimals": 2,
	"CurrencyISOCode": "SKK"
}, {
	"Currency": "SLL",
	"Currency_Text": "Sierra Leone Leone",
	"Decimals": 2,
	"CurrencyISOCode": "SLL"
}, {
	"Currency": "SOS",
	"Currency_Text": "Somalian Shilling",
	"Decimals": 2,
	"CurrencyISOCode": "SOS"
}, {
	"Currency": "SRD",
	"Currency_Text": "Surinam Dollar",
	"Decimals": 2,
	"CurrencyISOCode": "SRD"
}, {
	"Currency": "SRG",
	"Currency_Text": "Surinam Guilder (Old)",
	"Decimals": 2,
	"CurrencyISOCode": "SRG"
}, {
	"Currency": "SSP",
	"Currency_Text": "South Sudanese Pound",
	"Decimals": 2,
	"CurrencyISOCode": "SSP"
}, {
	"Currency": "STD",
	"Currency_Text": "Sao Tome / Principe Dobra",
	"Decimals": 2,
	"CurrencyISOCode": "STD"
}, {
	"Currency": "SUR",
	"Currency_Text": "Russian Ruble (old)",
	"Decimals": 2,
	"CurrencyISOCode": "SUR"
}, {
	"Currency": "SVC",
	"Currency_Text": "El Salvador Colon",
	"Decimals": 2,
	"CurrencyISOCode": "SVC"
}, {
	"Currency": "SYP",
	"Currency_Text": "Syrian Pound",
	"Decimals": 2,
	"CurrencyISOCode": "SYP"
}, {
	"Currency": "SZL",
	"Currency_Text": "Swaziland Lilangeni",
	"Decimals": 2,
	"CurrencyISOCode": "SZL"
}, {
	"Currency": "THB",
	"Currency_Text": "Thailand Baht",
	"Decimals": 2,
	"CurrencyISOCode": "THB"
}, {
	"Currency": "TJR",
	"Currency_Text": "Tajikistani Ruble (Old)",
	"Decimals": 0,
	"CurrencyISOCode": "TJR"
}, {
	"Currency": "TJS",
	"Currency_Text": "Tajikistani Somoni",
	"Decimals": 2,
	"CurrencyISOCode": "TJS"
}, {
	"Currency": "TMM",
	"Currency_Text": "Turkmenistani Manat (Old)",
	"Decimals": 0,
	"CurrencyISOCode": "TMM"
}, {
	"Currency": "TMT",
	"Currency_Text": "Turkmenistani Manat",
	"Decimals": 2,
	"CurrencyISOCode": "TMT"
}, {
	"Currency": "TND",
	"Currency_Text": "Tunisian Dinar",
	"Decimals": 3,
	"CurrencyISOCode": "TND"
}, {
	"Currency": "TOP",
	"Currency_Text": "Tongan Pa'anga",
	"Decimals": 2,
	"CurrencyISOCode": "TOP"
}, {
	"Currency": "TPE",
	"Currency_Text": "Timor Escudo --> USD",
	"Decimals": 0,
	"CurrencyISOCode": "TPE"
}, {
	"Currency": "TRL",
	"Currency_Text": "Turkish Lira (Old)",
	"Decimals": 0,
	"CurrencyISOCode": "TRL"
}, {
	"Currency": "TRY",
	"Currency_Text": "Turkish Lira",
	"Decimals": 2,
	"CurrencyISOCode": "TRY"
}, {
	"Currency": "TTD",
	"Currency_Text": "Trinidad and Tobago Dollar",
	"Decimals": 2,
	"CurrencyISOCode": "TTD"
}, {
	"Currency": "TWD",
	"Currency_Text": "New Taiwan Dollar",
	"Decimals": 0,
	"CurrencyISOCode": "TWD"
}, {
	"Currency": "TZS",
	"Currency_Text": "Tanzanian Shilling",
	"Decimals": 2,
	"CurrencyISOCode": "TZS"
}, {
	"Currency": "UAH",
	"Currency_Text": "Ukraine Hryvnia",
	"Decimals": 2,
	"CurrencyISOCode": "UAH"
}, {
	"Currency": "UAK",
	"Currency_Text": "Ukrainian Karbowanez",
	"Decimals": 2,
	"CurrencyISOCode": "UAK"
}, {
	"Currency": "UGS",
	"Currency_Text": "Ugandan Shilling",
	"Decimals": 2,
	"CurrencyISOCode": "UGS"
}, {
	"Currency": "UGX",
	"Currency_Text": "Ugandan Shilling",
	"Decimals": 0,
	"CurrencyISOCode": "UGX"
}, {
	"Currency": "UNI",
	"Currency_Text": "Universal Currency",
	"Decimals": 2,
	"CurrencyISOCode": "UNI"
}, {
	"Currency": "USD",
	"Currency_Text": "United States Dollar",
	"Decimals": 2,
	"CurrencyISOCode": "USD"
}, {
	"Currency": "ECU",
	"Currency_Text": "European Currency Unit",
	"Decimals": 2,
	"CurrencyISOCode": ""
}, {
	"Currency": "UYP",
	"Currency_Text": "Uruguayan New Peso",
	"Decimals": 2,
	"CurrencyISOCode": "UYP"
}, {
	"Currency": "UYU",
	"Currency_Text": "Uruguayan Peso",
	"Decimals": 2,
	"CurrencyISOCode": "UYU"
}, {
	"Currency": "UZS",
	"Currency_Text": "Uzbekistan Som",
	"Decimals": 2,
	"CurrencyISOCode": "UZS"
}, {
	"Currency": "VEB",
	"Currency_Text": "Venezuelan Bolivar (Old)",
	"Decimals": 2,
	"CurrencyISOCode": "VEB"
}, {
	"Currency": "VEF",
	"Currency_Text": "Venezuelan Bolivar",
	"Decimals": 2,
	"CurrencyISOCode": "VEF"
}, {
	"Currency": "VND",
	"Currency_Text": "Vietnamese Dong",
	"Decimals": 0,
	"CurrencyISOCode": "VND"
}, {
	"Currency": "VUV",
	"Currency_Text": "Vanuatu Vatu",
	"Decimals": 0,
	"CurrencyISOCode": "VUV"
}, {
	"Currency": "WST",
	"Currency_Text": "Samoan Tala",
	"Decimals": 2,
	"CurrencyISOCode": "WST"
}, {
	"Currency": "XAF",
	"Currency_Text": "Gabon CFA Franc BEAC",
	"Decimals": 0,
	"CurrencyISOCode": "XAF"
}, {
	"Currency": "XCD",
	"Currency_Text": "East Carribean Dollar",
	"Decimals": 2,
	"CurrencyISOCode": "XCD"
}, {
	"Currency": "XCU",
	"Currency_Text": "European Currency Unit",
	"Decimals": 2,
	"CurrencyISOCode": "XCU"
}, {
	"Currency": "XEU",
	"Currency_Text": "European Currency Unit (E.C.U.)",
	"Decimals": 2,
	"CurrencyISOCode": "XEU"
}, {
	"Currency": "XOF",
	"Currency_Text": "Benin CFA Franc BCEAO",
	"Decimals": 0,
	"CurrencyISOCode": "XOF"
}, {
	"Currency": "XPF",
	"Currency_Text": "CFP Franc",
	"Decimals": 0,
	"CurrencyISOCode": "XPF"
}, {
	"Currency": "YER",
	"Currency_Text": "Yemeni Ryal",
	"Decimals": 2,
	"CurrencyISOCode": "YER"
}, {
	"Currency": "YUM",
	"Currency_Text": "New Yugoslavian Dinar (Old)",
	"Decimals": 2,
	"CurrencyISOCode": "YUM"
}, {
	"Currency": "ZAR",
	"Currency_Text": "South African Rand",
	"Decimals": 2,
	"CurrencyISOCode": "ZAR"
}, {
	"Currency": "ZMK",
	"Currency_Text": "Zambian Kwacha (Old)",
	"Decimals": 2,
	"CurrencyISOCode": "ZMK"
}, {
	"Currency": "ZMW",
	"Currency_Text": "Zambian Kwacha (New)",
	"Decimals": 2,
	"CurrencyISOCode": "ZMW"
}, {
	"Currency": "ZRN",
	"Currency_Text": "Zaire (Old)",
	"Decimals": 2,
	"CurrencyISOCode": "ZRN"
}, {
	"Currency": "ZRZ",
	"Currency_Text": "Zaire",
	"Decimals": 2,
	"CurrencyISOCode": "ZRZ"
}, {
	"Currency": "ZWD",
	"Currency_Text": "Zimbabwean Dollar (Old)",
	"Decimals": 2,
	"CurrencyISOCode": "ZWD"
}, {
	"Currency": "ZWL",
	"Currency_Text": "Zimbabwean Dollar (New)",
	"Decimals": 2,
	"CurrencyISOCode": "ZWL"
}, {
	"Currency": "ZWN",
	"Currency_Text": "Zimbabwean Dollar (Old)",
	"Decimals": 2,
	"CurrencyISOCode": "ZWN"
}, {
	"Currency": "ZWR",
	"Currency_Text": "Zimbabwean Dollar (Old)",
	"Decimals": 2,
	"CurrencyISOCode": "ZWR"
}]