[{
	"Supplier": "100000000",
	"CompanyName": "SAP",
	"EmailAddress": "do.not.reply@sap.com",
	"FaxNumber": "+490622734004",
	"PhoneNumber": "+490622734567",
	"URL": "http://www.sap.com"
}, {
	"Supplier": "100000001",
	"CompanyName": "Becker Berlin",
	"EmailAddress": "dagmar.schulze@beckerberlin.de",
	"FaxNumber": "+493088004",
	"PhoneNumber": "+493088530",
	"URL": "http://www.beckerberlin.de"
}, {
	"Supplier": "100000002",
	"CompanyName": "DelBont Industries",
	"EmailAddress": "maria.brown@delbont.com",
	"FaxNumber": "+493023352004",
	"PhoneNumber": "+493023352668",
	"URL": "http://www.delbont.com"
}, {
	"Supplier": "100000003",
	"CompanyName": "Talpa",
	"EmailAddress": "saskia.sommer@talpa-hannover.de",
	"FaxNumber": "+49511403004",
	"PhoneNumber": "+49511403266",
	"URL": "http://www.talpa-hannover.de"
}, {
	"Supplier": "100000004",
	"CompanyName": "Panorama Studios",
	"EmailAddress": "bob.buyer@panorama-studios.biz",
	"FaxNumber": "+492244668004",
	"PhoneNumber": "+492244668800",
	"URL": "http://www.panorama-studios.biz"
}, {
	"Supplier": "100000005",
	"CompanyName": "TECUM",
	"EmailAddress": "bart.koenig@tecum-ag.de",
	"FaxNumber": "+492511004",
	"PhoneNumber": "+492511415",
	"URL": "http://www.tecum-ag.de"
}, {
	"Supplier": "100000006",
	"CompanyName": "Asia High tech",
	"EmailAddress": "yoko.nakamura@asia-ht.com",
	"FaxNumber": "+499078563004",
	"PhoneNumber": "+499078563412",
	"URL": "http://www.asia-ht.com"
}, {
	"Supplier": "100000007",
	"CompanyName": "Laurent",
	"EmailAddress": "sophie.ribery@laurent-paris.com",
	"FaxNumber": "+49149744004",
	"PhoneNumber": "+49149744423",
	"URL": "http://www.laurent-paris.com"
}, {
	"Supplier": "100000008",
	"CompanyName": "AVANTEL",
	"EmailAddress": "victor.sanchez@avantel.com",
	"FaxNumber": "+497257004",
	"PhoneNumber": "+497257716",
	"URL": "http://www.avantel.com"
}, {
	"Supplier": "100000009",
	"CompanyName": "Telecomunicaciones Star",
	"EmailAddress": "jorge.velez@telecomunicacionesstar.com",
	"FaxNumber": "+491133557004",
	"PhoneNumber": "+491133557799",
	"URL": "http://www.telecomunicacionesstar.com"
}, {
	"Supplier": "100000010",
	"CompanyName": "Pear Computing Services",
	"EmailAddress": "franklin.jones@pear-computing.com",
	"FaxNumber": "+496789012004",
	"PhoneNumber": "+496789012345",
	"URL": "http://www.pear-computing.com"
}, {
	"Supplier": "100000011",
	"CompanyName": "Alpine Systems",
	"EmailAddress": "joseph_gschwandtner@alp-systems.at",
	"FaxNumber": "+496623612004",
	"PhoneNumber": "+496623612804",
	"URL": "http://www.alp-systems.at"
}, {
	"Supplier": "100000012",
	"CompanyName": "New Line Design",
	"EmailAddress": "george_d_grant@newlinedesign.co.uk",
	"FaxNumber": "+492589436004",
	"PhoneNumber": "+492589436180",
	"URL": "http://www.newlinedesign.co.uk"
}, {
	"Supplier": "100000013",
	"CompanyName": "HEPA Tec",
	"EmailAddress": "sarah.schwind@hepa-tec.de",
	"FaxNumber": "+494507867004",
	"PhoneNumber": "+494507867136",
	"URL": "http://www.hepa-tec.de"
}, {
	"Supplier": "100000014",
	"CompanyName": "Anav Ideon",
	"EmailAddress": "theodor.monathy@anavideon.com",
	"FaxNumber": "+495850428004",
	"PhoneNumber": "+495850428367",
	"URL": "http://www.anavideon.com"
}, {
	"Supplier": "100000015",
	"CompanyName": "Robert Brown Entertainment",
	"EmailAddress": "robert_brown@rb-entertainment.ca",
	"FaxNumber": "+497609448004",
	"PhoneNumber": "+497609448173",
	"URL": "http://www.rb-entertainment.ca"
}, {
	"Supplier": "100000016",
	"CompanyName": "Mexican Oil Trading Company",
	"EmailAddress": "jorgemontalban@motc.mx",
	"FaxNumber": "+496879342004",
	"PhoneNumber": "+496879342945",
	"URL": "http://www.motc.mx"
}, {
	"Supplier": "100000017",
	"CompanyName": "Meliva",
	"EmailAddress": "johanna.esther@meliva.de",
	"FaxNumber": "+492208791004",
	"PhoneNumber": "+492208791738",
	"URL": "http://www.meliva.de"
}, {
	"Supplier": "100000018",
	"CompanyName": "Compostela",
	"EmailAddress": "miguel.luengo@compostela.ar",
	"FaxNumber": "+494440238004",
	"PhoneNumber": "+494440238917",
	"URL": "http://www.compostela.ar"
}, {
	"Supplier": "100000019",
	"CompanyName": "Pateu",
	"EmailAddress": "isabel.nemours@pateu.fr",
	"FaxNumber": "+496328490004",
	"PhoneNumber": "+496328490087",
	"URL": "http://www.pateu.fr"
}, {
	"Supplier": "100000020",
	"CompanyName": "Russian Electronic Trading Company",
	"EmailAddress": "igor.tarassow@retc.ru",
	"FaxNumber": "+494050378004",
	"PhoneNumber": "+494050378468",
	"URL": "http://www.retc.ru"
}, {
	"Supplier": "100000021",
	"CompanyName": "Florida Holiday Company",
	"EmailAddress": "alexis.harper@flor-hc.com",
	"FaxNumber": "+496065470004",
	"PhoneNumber": "+496065470312",
	"URL": "http://www.flor-hc.com"
}, {
	"Supplier": "100000022",
	"CompanyName": "Quimica Madrilenos",
	"EmailAddress": "c.alfaro@quimica-madrilenos.es",
	"FaxNumber": "+497980023004",
	"PhoneNumber": "+497980023486",
	"URL": "http://www.quimica-madrilenos.es"
}, {
	"Supplier": "100000023",
	"CompanyName": "Getränkegroßhandel Janssen",
	"EmailAddress": "sven.j@getraenke-janssen.de",
	"FaxNumber": "+493629731004",
	"PhoneNumber": "+493629731486",
	"URL": "http://www.getraenke-janssen.de"
}, {
	"Supplier": "100000024",
	"CompanyName": "JaTeCo",
	"EmailAddress": "yoshiko.kakuji@jateco.jp",
	"FaxNumber": "+493206580004",
	"PhoneNumber": "+493206580974",
	"URL": "http://www.jateco.jp"
}, {
	"Supplier": "100000025",
	"CompanyName": "Tessile Casa Di Roma",
	"EmailAddress": "alessio.galasso@tcdr.it",
	"FaxNumber": "+494580963004",
	"PhoneNumber": "+494580963184",
	"URL": "http://www.tcdr.it"
}, {
	"Supplier": "100000026",
	"CompanyName": "Vente Et Réparation de Ordinateur",
	"EmailAddress": "romain.le_mason@verdo.fr",
	"FaxNumber": "+491012697004",
	"PhoneNumber": "+491012697341",
	"URL": "http://www.verdo.fr"
}, {
	"Supplier": "100000027",
	"CompanyName": "Developement Para O Governo",
	"EmailAddress": "martha.calcagno@dpg.ar",
	"FaxNumber": "+497345697004",
	"PhoneNumber": "+497345697824",
	"URL": "http://www.dpg.ar"
}, {
	"Supplier": "100000028",
	"CompanyName": "Brazil Technologies",
	"EmailAddress": "beatriz.da_silva@brazil-tec.br",
	"FaxNumber": "+49469614004",
	"PhoneNumber": "+49469614115",
	"URL": "http://www.brazil-tec.br"
}, {
	"Supplier": "100000029",
	"CompanyName": "C.R.T.U.",
	"EmailAddress": "anthony.lebouef@crtu.ca",
	"FaxNumber": "+496839542004",
	"PhoneNumber": "+496839542781",
	"URL": "http://www.crtu.ca"
}, {
	"Supplier": "100000030",
	"CompanyName": "Jologa",
	"EmailAddress": "lisa.felske@jologa.ch",
	"FaxNumber": "+496714954004",
	"PhoneNumber": "+496714954542",
	"URL": "http://www.jologa.ch"
}, {
	"Supplier": "100000031",
	"CompanyName": "Baleda",
	"EmailAddress": "jonathan.d.mason@baleda.com",
	"FaxNumber": "+492483693004",
	"PhoneNumber": "+492483693027",
	"URL": "http://www.baleda.com"
}, {
	"Supplier": "100000032",
	"CompanyName": "Angeré",
	"EmailAddress": "amelie.troyat@angere.fr",
	"FaxNumber": "+492094573004",
	"PhoneNumber": "+492094573421",
	"URL": "http://www.angere.fr"
}, {
	"Supplier": "100000033",
	"CompanyName": "PC Gym Tec",
	"EmailAddress": "pete_waltham@pc-gym-tec.com",
	"FaxNumber": "+494136278004",
	"PhoneNumber": "+494136278910",
	"URL": "http://www.pc-gym-tec.com"
}, {
	"Supplier": "100000034",
	"CompanyName": "Japan Insurance Partner",
	"EmailAddress": "ryu.toshiro@jip.jp",
	"FaxNumber": "+493540671004",
	"PhoneNumber": "+493540671320",
	"URL": "http://www.jip.jp"
}, {
	"Supplier": "100000035",
	"CompanyName": "Entertainment Argentinia",
	"EmailAddress": "jose-lopez@en-ar.ar",
	"FaxNumber": "+497315064004",
	"PhoneNumber": "+497315064077",
	"URL": "http://www.en-ar.ar"
}, {
	"Supplier": "100000036",
	"CompanyName": "African Gold And Diamond Corporation",
	"EmailAddress": "dahoma.lawla@agadc.co.za",
	"FaxNumber": "+494381762004",
	"PhoneNumber": "+494381762683",
	"URL": "http://www.agadc.co.za"
}, {
	"Supplier": "100000037",
	"CompanyName": "PicoBit",
	"EmailAddress": "jefferson.parker@pico-bit.com",
	"FaxNumber": "+499703586004",
	"PhoneNumber": "+499703586412",
	"URL": "http://www.pico-bit.com"
}, {
	"Supplier": "100000038",
	"CompanyName": "Bionic Research Lab",
	"EmailAddress": "tamara.flaig@brl-ag.de",
	"FaxNumber": "+496843585004",
	"PhoneNumber": "+496843585642",
	"URL": "http://www.brl-ag.de"
}, {
	"Supplier": "100000039",
	"CompanyName": "Indian IT Trading Company",
	"EmailAddress": "sunita-kapoor@it-trade.in",
	"FaxNumber": "+494203876004",
	"PhoneNumber": "+494203876954",
	"URL": "http://www.it-trade.in"
}, {
	"Supplier": "100000040",
	"CompanyName": "Chemia A Technicznie Fabryka",
	"EmailAddress": "pawel-lewandoski@catf.pl",
	"FaxNumber": "+498367920004",
	"PhoneNumber": "+498367920106",
	"URL": "http://www.catf.pl"
}, {
	"Supplier": "100000041",
	"CompanyName": "South American IT Company",
	"EmailAddress": "laura.campillo@saitc.ar",
	"FaxNumber": "+491438907004",
	"PhoneNumber": "+491438907230",
	"URL": "http://www.saitc.ar"
}, {
	"Supplier": "100000042",
	"CompanyName": "Siwusha",
	"EmailAddress": "jian.si@siwusha.cn",
	"FaxNumber": "+497412697004",
	"PhoneNumber": "+497412697340",
	"URL": "http://www.siwusha.cn"
}, {
	"Supplier": "100000043",
	"CompanyName": "Danish Fish Trading Company",
	"EmailAddress": "frederik.christensen@dftc.dk",
	"FaxNumber": "+493102050004",
	"PhoneNumber": "+493102050749",
	"URL": "http://www.dftc.dk"
}, {
	"Supplier": "100000044",
	"CompanyName": "Sorali",
	"EmailAddress": "mirjam.schmidt@sorali.de",
	"FaxNumber": "+493102050004",
	"PhoneNumber": "+493102050749",
	"URL": "http://www.sorali.de"
}]
