[{
	"UnitOfMeasure": "FT",
	"UnitOfMeasure_Text": "Foot",
	"UnitOfMeasureISOCode": "FOT"
}, {
	"UnitOfMeasure": "CM",
	"UnitOfMeasure_Text": "cm",
	"UnitOfMeasureISOCode": "CMT"
}, {
	"UnitOfMeasure": "DM",
	"UnitOfMeasure_Text": "dm",
	"UnitOfMeasureISOCode": "DMT"
}, {
	"UnitOfMeasure": "YD",
	"UnitOfMeasure_Text": "Yards",
	"UnitOfMeasureISOCode": "YRD"
}, {
	"UnitOfMeasure": "\"",
	"UnitOfMeasure_Text": "Inches",
	"UnitOfMeasureISOCode": "INH"
}, {
	"UnitOfMeasure": "KM",
	"UnitOfMeasure_Text": "km",
	"UnitOfMeasureISOCode": "KMT"
}, {
	"UnitOfMeasure": "M",
	"UnitOfMeasure_Text": "m",
	"UnitOfMeasureISOCode": "MTR"
}, {
	"UnitOfMeasure": "MI",
	"UnitOfMeasure_Text": "Mile",
	"UnitOfMeasureISOCode": "SMI"
}, {
	"UnitOfMeasure": "µM",
	"UnitOfMeasure_Text": "µm",
	"UnitOfMeasureISOCode": "4H"
}, {
	"UnitOfMeasure": "MM",
	"UnitOfMeasure_Text": "mm",
	"UnitOfMeasureISOCode": "MMT"
}, {
	"UnitOfMeasure": "NAM",
	"UnitOfMeasure_Text": "nm",
	"UnitOfMeasureISOCode": "C45"
}]