[{
	"UnitOfMeasure": "G",
	"UnitOfMeasure_Text": "g",
	"UnitOfMeasureISOCode": "GRM"
}, {
	"UnitOfMeasure": "KG",
	"UnitOfMeasure_Text": "kg",
	"UnitOfMeasureISOCode": "KGM"
}, {
	"UnitOfMeasure": "MG",
	"UnitOfMeasure_Text": "mg",
	"UnitOfMeasureISOCode": "MGM"
}, {
	"UnitOfMeasure": "OZ",
	"UnitOfMeasure_Text": "Ounce",
	"UnitOfMeasureISOCode": "ONZ"
}, {
	"UnitOfMeasure": "TO",
	"UnitOfMeasure_Text": "t",
	"UnitOfMeasureISOCode": "TNE"
}, {
	"UnitOfMeasure": "TON",
	"UnitOfMeasure_Text": "US Ton",
	"UnitOfMeasureISOCode": "STN"
}]