[{
	"ProductImageDraftUUID": "00000000-0000-0000-0000-000000000000",
	"ActiveProduct": "HT-1000",
	"ActiveProductImage": "FOL39000000000004EXT40000000025510",
	"FileName": "Image of HT-1000",
	"MIMEType": "",
	"Description": "Image of HT-1000",
	"CreationDateTime": "/Date(1440510063000+0000)/",
	"LastChangedDateTime": "/Date(1440510063000+0000)/",
	"IsActiveEntity": true,
	"HasActiveEntity": false,
	"HasDraftEntity": false
}, {
	"ProductImageDraftUUID": "00000000-0000-0000-0000-000000000000",
	"ActiveProduct": "HT-1001",
	"ActiveProductImage": "FOL39000000000004EXT40000000025511",
	"FileName": "Image of the Notebook Basic 17",
	"MIMEType": "",
	"Description": "Image of the Notebook Basic 17",
	"CreationDateTime": "/Date(1440510067000+0000)/",
	"LastChangedDateTime": "/Date(1440510067000+0000)/",
	"IsActiveEntity": true,
	"HasActiveEntity": false,
	"HasDraftEntity": false
}, {
	"ProductImageDraftUUID": "00000000-0000-0000-0000-000000000000",
	"ActiveProduct": "HT-1002",
	"ActiveProductImage": "FOL39000000000004EXT40000000025512",
	"FileName": "Image of the Notebook Basic 18",
	"MIMEType": "",
	"Description": "Image of the Notebook Basic 18",
	"CreationDateTime": "/Date(1440510067000+0000)/",
	"LastChangedDateTime": "/Date(1440510067000+0000)/",
	"IsActiveEntity": true,
	"HasActiveEntity": false,
	"HasDraftEntity": false
}, {
	"ProductImageDraftUUID": "00000000-0000-0000-0000-000000000000",
	"ActiveProduct": "HT-1003",
	"ActiveProductImage": "FOL39000000000004EXT40000000025513",
	"FileName": "Image of the Notebook Basic 19",
	"MIMEType": "",
	"Description": "Image of the Notebook Basic 19",
	"CreationDateTime": "/Date(1440510068000+0000)/",
	"LastChangedDateTime": "/Date(1440510068000+0000)/",
	"IsActiveEntity": true,
	"HasActiveEntity": false,
	"HasDraftEntity": true
}, {
	"ProductImageDraftUUID": "00000000-0000-0000-0000-000000000000",
	"ActiveProduct": "HT-1007",
	"ActiveProductImage": "FOL39000000000004EXT40000000025514",
	"FileName": "Image of the 1UMTS PDA",
	"MIMEType": "",
	"Description": "Image of the 1UMTS PDA",
	"CreationDateTime": "/Date(1440510069000+0000)/",
	"LastChangedDateTime": "/Date(1440510069000+0000)/",
	"IsActiveEntity": true,
	"HasActiveEntity": false,
	"HasDraftEntity": false
}, {
	"ProductImageDraftUUID": "00000000-0000-0000-0000-000000000000",
	"ActiveProduct": "HT-1010",
	"ActiveProductImage": "FOL39000000000004EXT40000000025515",
	"FileName": "Image of the Notebook Professional 15",
	"MIMEType": "",
	"Description": "Image of the Notebook Professional 15",
	"CreationDateTime": "/Date(1440510069000+0000)/",
	"LastChangedDateTime": "/Date(1440510069000+0000)/",
	"IsActiveEntity": true,
	"HasActiveEntity": false,
	"HasDraftEntity": false
}, {
	"ProductImageDraftUUID": "00000000-0000-0000-0000-000000000000",
	"ActiveProduct": "HT-1011",
	"ActiveProductImage": "FOL39000000000004EXT40000000025516",
	"FileName": "Image of the Notebook Professional 17",
	"MIMEType": "",
	"Description": "Image of the Notebook Professional 17",
	"CreationDateTime": "/Date(1440510070000+0000)/",
	"LastChangedDateTime": "/Date(1440510070000+0000)/",
	"IsActiveEntity": true,
	"HasActiveEntity": false,
	"HasDraftEntity": false
}, {
	"ProductImageDraftUUID": "00000000-0000-0000-0000-000000000000",
	"ActiveProduct": "HT-1020",
	"ActiveProductImage": "FOL39000000000004EXT40000000025517",
	"FileName": "Image of the Easy Hand III",
	"MIMEType": "",
	"Description": "Image of the Easy Hand III",
	"CreationDateTime": "/Date(1440510070000+0000)/",
	"LastChangedDateTime": "/Date(1440510070000+0000)/",
	"IsActiveEntity": true,
	"HasActiveEntity": false,
	"HasDraftEntity": false
}, {
	"ProductImageDraftUUID": "00000000-0000-0000-0000-000000000000",
	"ActiveProduct": "HT-1021",
	"ActiveProductImage": "FOL39000000000004EXT40000000025518",
	"FileName": "Image of the Easy Hand V",
	"MIMEType": "",
	"Description": "Image of the Easy Hand V",
	"CreationDateTime": "/Date(1440510071000+0000)/",
	"LastChangedDateTime": "/Date(1440510071000+0000)/",
	"IsActiveEntity": true,
	"HasActiveEntity": false,
	"HasDraftEntity": false
}, {
	"ProductImageDraftUUID": "00000000-0000-0000-0000-000000000000",
	"ActiveProduct": "HT-1022",
	"ActiveProductImage": "FOL39000000000004EXT40000000025519",
	"FileName": "Image of the Easy Hand VII",
	"MIMEType": "",
	"Description": "Image of the Easy Hand VII",
	"CreationDateTime": "/Date(1440510072000+0000)/",
	"LastChangedDateTime": "/Date(1440510072000+0000)/",
	"IsActiveEntity": true,
	"HasActiveEntity": false,
	"HasDraftEntity": false
}, {
	"ProductImageDraftUUID": "00000000-0000-0000-0000-000000000000",
	"ActiveProduct": "HT-1023",
	"ActiveProductImage": "FOL39000000000004EXT40000000025520",
	"FileName": "Image of the Easy Power",
	"MIMEType": "",
	"Description": "Image of the Easy Power",
	"CreationDateTime": "/Date(1440510072000+0000)/",
	"LastChangedDateTime": "/Date(1440510072000+0000)/",
	"IsActiveEntity": true,
	"HasActiveEntity": false,
	"HasDraftEntity": false
}, {
	"ProductImageDraftUUID": "00000000-0000-0000-0000-000000000000",
	"ActiveProduct": "HT-1030",
	"ActiveProductImage": "FOL39000000000004EXT40000000025521",
	"FileName": "Image of the Ergo Screen",
	"MIMEType": "",
	"Description": "Image of the Ergo Screen",
	"CreationDateTime": "/Date(1440510073000+0000)/",
	"LastChangedDateTime": "/Date(1440510073000+0000)/",
	"IsActiveEntity": true,
	"HasActiveEntity": false,
	"HasDraftEntity": false
}, {
	"ProductImageDraftUUID": "00000000-0000-0000-0000-000000000000",
	"ActiveProduct": "HT-1031",
	"ActiveProductImage": "FOL39000000000004EXT40000000025522",
	"FileName": "Image of the Easy Pixel",
	"MIMEType": "",
	"Description": "Image of the Easy Pixel",
	"CreationDateTime": "/Date(1440510074000+0000)/",
	"LastChangedDateTime": "/Date(1440510074000+0000)/",
	"IsActiveEntity": true,
	"HasActiveEntity": false,
	"HasDraftEntity": false
}, {
	"ProductImageDraftUUID": "00000000-0000-0000-0000-000000000000",
	"ActiveProduct": "HT-1032",
	"ActiveProductImage": "FOL39000000000004EXT40000000025523",
	"FileName": "Image of the Beam Screen",
	"MIMEType": "",
	"Description": "Image of the Beam Screen",
	"CreationDateTime": "/Date(1440510074000+0000)/",
	"LastChangedDateTime": "/Date(1440510074000+0000)/",
	"IsActiveEntity": true,
	"HasActiveEntity": false,
	"HasDraftEntity": false
}, {
	"ProductImageDraftUUID": "00000000-0000-0000-0000-000000000000",
	"ActiveProduct": "HT-1035",
	"ActiveProductImage": "FOL39000000000004EXT40000000025524",
	"FileName": "Image of the Flat Basic 15",
	"MIMEType": "",
	"Description": "Image of the Flat Basic 15",
	"CreationDateTime": "/Date(1440510075000+0000)/",
	"LastChangedDateTime": "/Date(1440510075000+0000)/",
	"IsActiveEntity": true,
	"HasActiveEntity": false,
	"HasDraftEntity": false
}, {
	"ProductImageDraftUUID": "00000000-0000-0000-0000-000000000000",
	"ActiveProduct": "HT-1036",
	"ActiveProductImage": "FOL39000000000004EXT40000000025525",
	"FileName": "Image of the Flat Future",
	"MIMEType": "",
	"Description": "Image of the Flat Future",
	"CreationDateTime": "/Date(1440510076000+0000)/",
	"LastChangedDateTime": "/Date(1440510076000+0000)/",
	"IsActiveEntity": true,
	"HasActiveEntity": false,
	"HasDraftEntity": false
}, {
	"ProductImageDraftUUID": "00000000-0000-0000-0000-000000000000",
	"ActiveProduct": "HT-1037",
	"ActiveProductImage": "FOL39000000000004EXT40000000025526",
	"FileName": "Image of the Flat X-large",
	"MIMEType": "",
	"Description": "Image of the Flat X-large",
	"CreationDateTime": "/Date(1440510076000+0000)/",
	"LastChangedDateTime": "/Date(1440510076000+0000)/",
	"IsActiveEntity": true,
	"HasActiveEntity": false,
	"HasDraftEntity": false
}, {
	"ProductImageDraftUUID": "00000000-0000-0000-0000-000000000000",
	"ActiveProduct": "HT-1040",
	"ActiveProductImage": "FOL39000000000004EXT40000000025527",
	"FileName": "Image of the Laser Professional Eco",
	"MIMEType": "",
	"Description": "Image of the Laser Professional Eco",
	"CreationDateTime": "/Date(1440510077000+0000)/",
	"LastChangedDateTime": "/Date(1440510077000+0000)/",
	"IsActiveEntity": true,
	"HasActiveEntity": false,
	"HasDraftEntity": false
}, {
	"ProductImageDraftUUID": "00000000-0000-0000-0000-000000000000",
	"ActiveProduct": "HT-1041",
	"ActiveProductImage": "FOL39000000000004EXT40000000025528",
	"FileName": "Image of the Laser Basic",
	"MIMEType": "",
	"Description": "Image of the Laser Basic",
	"CreationDateTime": "/Date(1440510078000+0000)/",
	"LastChangedDateTime": "/Date(1440510078000+0000)/",
	"IsActiveEntity": true,
	"HasActiveEntity": false,
	"HasDraftEntity": false
}, {
	"ProductImageDraftUUID": "00000000-0000-0000-0000-000000000000",
	"ActiveProduct": "HT-1042",
	"ActiveProductImage": "FOL39000000000004EXT40000000025529",
	"FileName": "Image of the Laser Allround",
	"MIMEType": "",
	"Description": "Image of the Laser Allround",
	"CreationDateTime": "/Date(1440510078000+0000)/",
	"LastChangedDateTime": "/Date(1440510078000+0000)/",
	"IsActiveEntity": true,
	"HasActiveEntity": false,
	"HasDraftEntity": false
}, {
	"ProductImageDraftUUID": "00000000-0000-0000-0000-000000000000",
	"ActiveProduct": "HT-1050",
	"ActiveProductImage": "FOL39000000000004EXT40000000025530",
	"FileName": "Image of the Deskjet Super Color",
	"MIMEType": "",
	"Description": "Image of the Deskjet Super Color",
	"CreationDateTime": "/Date(1440510079000+0000)/",
	"LastChangedDateTime": "/Date(1440510079000+0000)/",
	"IsActiveEntity": true,
	"HasActiveEntity": false,
	"HasDraftEntity": false
}, {
	"ProductImageDraftUUID": "00000000-0000-0000-0000-000000000000",
	"ActiveProduct": "HT-1051",
	"ActiveProductImage": "FOL39000000000004EXT40000000025531",
	"FileName": "Image of the Deskjet Mobile",
	"MIMEType": "",
	"Description": "Image of the Deskjet Mobile",
	"CreationDateTime": "/Date(1440510080000+0000)/",
	"LastChangedDateTime": "/Date(1440510080000+0000)/",
	"IsActiveEntity": true,
	"HasActiveEntity": false,
	"HasDraftEntity": false
}, {
	"ProductImageDraftUUID": "00000000-0000-0000-0000-000000000000",
	"ActiveProduct": "HT-1052",
	"ActiveProductImage": "FOL39000000000004EXT40000000025532",
	"FileName": "Image of the Deskjet Super Highspeed",
	"MIMEType": "",
	"Description": "Image of the Deskjet Super Highspeed",
	"CreationDateTime": "/Date(1440510080000+0000)/",
	"LastChangedDateTime": "/Date(1440510080000+0000)/",
	"IsActiveEntity": true,
	"HasActiveEntity": false,
	"HasDraftEntity": false
}, {
	"ProductImageDraftUUID": "00000000-0000-0000-0000-000000000000",
	"ActiveProduct": "HT-1055",
	"ActiveProductImage": "FOL39000000000004EXT40000000025533",
	"FileName": "Image of the Multi Print",
	"MIMEType": "",
	"Description": "Image of the Multi Print",
	"CreationDateTime": "/Date(1440510081000+0000)/",
	"LastChangedDateTime": "/Date(1440510081000+0000)/",
	"IsActiveEntity": true,
	"HasActiveEntity": false,
	"HasDraftEntity": false
}, {
	"ProductImageDraftUUID": "00000000-0000-0000-0000-000000000000",
	"ActiveProduct": "HT-1056",
	"ActiveProductImage": "FOL39000000000004EXT40000000025534",
	"FileName": "Image of the Multi Color",
	"MIMEType": "",
	"Description": "Image of the Multi Color",
	"CreationDateTime": "/Date(1440510082000+0000)/",
	"LastChangedDateTime": "/Date(1440510082000+0000)/",
	"IsActiveEntity": true,
	"HasActiveEntity": false,
	"HasDraftEntity": false
}, {
	"ProductImageDraftUUID": "00000000-0000-0000-0000-000000000000",
	"ActiveProduct": "HT-1060",
	"ActiveProductImage": "FOL39000000000004EXT40000000025535",
	"FileName": "Image of the Cordless Mouse",
	"MIMEType": "",
	"Description": "Image of the Cordless Mouse",
	"CreationDateTime": "/Date(1440510082000+0000)/",
	"LastChangedDateTime": "/Date(1440510082000+0000)/",
	"IsActiveEntity": true,
	"HasActiveEntity": false,
	"HasDraftEntity": false
}, {
	"ProductImageDraftUUID": "00000000-0000-0000-0000-000000000000",
	"ActiveProduct": "HT-1061",
	"ActiveProductImage": "FOL39000000000004EXT40000000025536",
	"FileName": "Image of the Speed Mouse",
	"MIMEType": "",
	"Description": "Image of the Speed Mouse",
	"CreationDateTime": "/Date(1440510083000+0000)/",
	"LastChangedDateTime": "/Date(1440510083000+0000)/",
	"IsActiveEntity": true,
	"HasActiveEntity": false,
	"HasDraftEntity": false
}, {
	"ProductImageDraftUUID": "00000000-0000-0000-0000-000000000000",
	"ActiveProduct": "HT-1062",
	"ActiveProductImage": "FOL39000000000004EXT40000000025537",
	"FileName": "Image of the Track Mouse",
	"MIMEType": "",
	"Description": "Image of the Track Mouse",
	"CreationDateTime": "/Date(1440510084000+0000)/",
	"LastChangedDateTime": "/Date(1440510084000+0000)/",
	"IsActiveEntity": true,
	"HasActiveEntity": false,
	"HasDraftEntity": false
}, {
	"ProductImageDraftUUID": "00000000-0000-0000-0000-000000000000",
	"ActiveProduct": "HT-1063",
	"ActiveProductImage": "FOL39000000000004EXT40000000025538",
	"FileName": "Image of the Ergonomic",
	"MIMEType": "",
	"Description": "Image of the Ergonomic",
	"CreationDateTime": "/Date(1440510085000+0000)/",
	"LastChangedDateTime": "/Date(1440510085000+0000)/",
	"IsActiveEntity": true,
	"HasActiveEntity": false,
	"HasDraftEntity": false
}, {
	"ProductImageDraftUUID": "00000000-0000-0000-0000-000000000000",
	"ActiveProduct": "HT-1064",
	"ActiveProductImage": "FOL39000000000004EXT40000000025539",
	"FileName": "Image of the Internet Keyboard",
	"MIMEType": "",
	"Description": "Image of the Internet Keyboard",
	"CreationDateTime": "/Date(1440510085000+0000)/",
	"LastChangedDateTime": "/Date(1440510085000+0000)/",
	"IsActiveEntity": true,
	"HasActiveEntity": false,
	"HasDraftEntity": false
}, {
	"ProductImageDraftUUID": "00000000-0000-0000-0000-000000000000",
	"ActiveProduct": "HT-1065",
	"ActiveProductImage": "FOL39000000000004EXT40000000025540",
	"FileName": "Image of the Media Keyboard",
	"MIMEType": "",
	"Description": "Image of the Media Keyboard",
	"CreationDateTime": "/Date(1440510086000+0000)/",
	"LastChangedDateTime": "/Date(1440510086000+0000)/",
	"IsActiveEntity": true,
	"HasActiveEntity": false,
	"HasDraftEntity": false
}, {
	"ProductImageDraftUUID": "00000000-0000-0000-0000-000000000000",
	"ActiveProduct": "HT-1066",
	"ActiveProductImage": "FOL39000000000004EXT40000000025541",
	"FileName": "Image of the Mousepad",
	"MIMEType": "",
	"Description": "Image of the Mousepad",
	"CreationDateTime": "/Date(1440510087000+0000)/",
	"LastChangedDateTime": "/Date(1440510087000+0000)/",
	"IsActiveEntity": true,
	"HasActiveEntity": false,
	"HasDraftEntity": false
}, {
	"ProductImageDraftUUID": "00000000-0000-0000-0000-000000000000",
	"ActiveProduct": "HT-1067",
	"ActiveProductImage": "FOL39000000000004EXT40000000025542",
	"FileName": "Image of the Ergo Mousepad",
	"MIMEType": "",
	"Description": "Image of the Ergo Mousepad",
	"CreationDateTime": "/Date(1440510087000+0000)/",
	"LastChangedDateTime": "/Date(1440510087000+0000)/",
	"IsActiveEntity": true,
	"HasActiveEntity": false,
	"HasDraftEntity": false
}, {
	"ProductImageDraftUUID": "00000000-0000-0000-0000-000000000000",
	"ActiveProduct": "HT-1068",
	"ActiveProductImage": "FOL39000000000004EXT40000000025543",
	"FileName": "Image of the Designer Mousepad",
	"MIMEType": "",
	"Description": "Image of the Designer Mousepad",
	"CreationDateTime": "/Date(1440510088000+0000)/",
	"LastChangedDateTime": "/Date(1440510088000+0000)/",
	"IsActiveEntity": true,
	"HasActiveEntity": false,
	"HasDraftEntity": false
}, {
	"ProductImageDraftUUID": "00000000-0000-0000-0000-000000000000",
	"ActiveProduct": "HT-1069",
	"ActiveProductImage": "FOL39000000000004EXT40000000025544",
	"FileName": "Image of the universal card reader",
	"MIMEType": "",
	"Description": "Image of the universal card reader",
	"CreationDateTime": "/Date(1440510089000+0000)/",
	"LastChangedDateTime": "/Date(1440510089000+0000)/",
	"IsActiveEntity": true,
	"HasActiveEntity": false,
	"HasDraftEntity": false
}, {
	"ProductImageDraftUUID": "00000000-0000-0000-0000-000000000000",
	"ActiveProduct": "HT-1070",
	"ActiveProductImage": "FOL39000000000004EXT40000000025545",
	"FileName": "Image of the Proctra X",
	"MIMEType": "",
	"Description": "Image of the Proctra X",
	"CreationDateTime": "/Date(1440510090000+0000)/",
	"LastChangedDateTime": "/Date(1440510090000+0000)/",
	"IsActiveEntity": true,
	"HasActiveEntity": false,
	"HasDraftEntity": false
}, {
	"ProductImageDraftUUID": "00000000-0000-0000-0000-000000000000",
	"ActiveProduct": "HT-1071",
	"ActiveProductImage": "FOL39000000000004EXT40000000025546",
	"FileName": "Image of the Gladiator MX",
	"MIMEType": "",
	"Description": "Image of the Gladiator MX",
	"CreationDateTime": "/Date(1440510090000+0000)/",
	"LastChangedDateTime": "/Date(1440510090000+0000)/",
	"IsActiveEntity": true,
	"HasActiveEntity": false,
	"HasDraftEntity": false
}, {
	"ProductImageDraftUUID": "00000000-0000-0000-0000-000000000000",
	"ActiveProduct": "HT-1072",
	"ActiveProductImage": "FOL39000000000004EXT40000000025547",
	"FileName": "Image of the Hurricane GX",
	"MIMEType": "",
	"Description": "Image of the Hurricane GX",
	"CreationDateTime": "/Date(1440510091000+0000)/",
	"LastChangedDateTime": "/Date(1440510091000+0000)/",
	"IsActiveEntity": true,
	"HasActiveEntity": false,
	"HasDraftEntity": false
}, {
	"ProductImageDraftUUID": "00000000-0000-0000-0000-000000000000",
	"ActiveProduct": "HT-1073",
	"ActiveProductImage": "FOL39000000000004EXT40000000025548",
	"FileName": "Image of the Psimax",
	"MIMEType": "",
	"Description": "Image of the Psimax",
	"CreationDateTime": "/Date(1440510092000+0000)/",
	"LastChangedDateTime": "/Date(1440510092000+0000)/",
	"IsActiveEntity": true,
	"HasActiveEntity": false,
	"HasDraftEntity": false
}, {
	"ProductImageDraftUUID": "00000000-0000-0000-0000-000000000000",
	"ActiveProduct": "HT-1080",
	"ActiveProductImage": "FOL39000000000004EXT40000000025549",
	"FileName": "Image of the Photo Scan",
	"MIMEType": "",
	"Description": "Image of the Photo Scan",
	"CreationDateTime": "/Date(1440510092000+0000)/",
	"LastChangedDateTime": "/Date(1440510092000+0000)/",
	"IsActiveEntity": true,
	"HasActiveEntity": false,
	"HasDraftEntity": false
}, {
	"ProductImageDraftUUID": "00000000-0000-0000-0000-000000000000",
	"ActiveProduct": "HT-1081",
	"ActiveProductImage": "FOL39000000000004EXT40000000025550",
	"FileName": "Image of the Power Scan",
	"MIMEType": "",
	"Description": "Image of the Power Scan",
	"CreationDateTime": "/Date(1440510093000+0000)/",
	"LastChangedDateTime": "/Date(1440510093000+0000)/",
	"IsActiveEntity": true,
	"HasActiveEntity": false,
	"HasDraftEntity": false
}, {
	"ProductImageDraftUUID": "00000000-0000-0000-0000-000000000000",
	"ActiveProduct": "HT-1082",
	"ActiveProductImage": "FOL39000000000004EXT40000000025551",
	"FileName": "Image of the Jet Scan Professional",
	"MIMEType": "",
	"Description": "Image of the Jet Scan Professional",
	"CreationDateTime": "/Date(1440510094000+0000)/",
	"LastChangedDateTime": "/Date(1440510094000+0000)/",
	"IsActiveEntity": true,
	"HasActiveEntity": false,
	"HasDraftEntity": false
}, {
	"ProductImageDraftUUID": "00000000-0000-0000-0000-000000000000",
	"ActiveProduct": "HT-1083",
	"ActiveProductImage": "FOL39000000000004EXT40000000025552",
	"FileName": "Image of the Jet Scan Professional",
	"MIMEType": "",
	"Description": "Image of the Jet Scan Professional",
	"CreationDateTime": "/Date(1440510095000+0000)/",
	"LastChangedDateTime": "/Date(1440510095000+0000)/",
	"IsActiveEntity": true,
	"HasActiveEntity": false,
	"HasDraftEntity": false
}, {
	"ProductImageDraftUUID": "00000000-0000-0000-0000-000000000000",
	"ActiveProduct": "HT-1085",
	"ActiveProductImage": "FOL39000000000004EXT40000000025553",
	"FileName": "Image of the Copymaster",
	"MIMEType": "",
	"Description": "Image of the Copymaster",
	"CreationDateTime": "/Date(1440510095000+0000)/",
	"LastChangedDateTime": "/Date(1440510095000+0000)/",
	"IsActiveEntity": true,
	"HasActiveEntity": false,
	"HasDraftEntity": false
}, {
	"ProductImageDraftUUID": "00000000-0000-0000-0000-000000000000",
	"ActiveProduct": "HT-1090",
	"ActiveProductImage": "FOL39000000000004EXT40000000025554",
	"FileName": "Image of the Surround Sound",
	"MIMEType": "",
	"Description": "Image of the Surround Sound",
	"CreationDateTime": "/Date(1440510096000+0000)/",
	"LastChangedDateTime": "/Date(1440510096000+0000)/",
	"IsActiveEntity": true,
	"HasActiveEntity": false,
	"HasDraftEntity": false
}, {
	"ProductImageDraftUUID": "00000000-0000-0000-0000-000000000000",
	"ActiveProduct": "HT-1091",
	"ActiveProductImage": "FOL39000000000004EXT40000000025555",
	"FileName": "Image of the Blaster Extreme",
	"MIMEType": "",
	"Description": "Image of the Blaster Extreme",
	"CreationDateTime": "/Date(1440510097000+0000)/",
	"LastChangedDateTime": "/Date(1440510097000+0000)/",
	"IsActiveEntity": true,
	"HasActiveEntity": false,
	"HasDraftEntity": false
}, {
	"ProductImageDraftUUID": "00000000-0000-0000-0000-000000000000",
	"ActiveProduct": "HT-1092",
	"ActiveProductImage": "FOL39000000000004EXT40000000025556",
	"FileName": "Image of the Sound Booster",
	"MIMEType": "",
	"Description": "Image of the Sound Booster",
	"CreationDateTime": "/Date(1440510098000+0000)/",
	"LastChangedDateTime": "/Date(1440510098000+0000)/",
	"IsActiveEntity": true,
	"HasActiveEntity": false,
	"HasDraftEntity": false
}, {
	"ProductImageDraftUUID": "00000000-0000-0000-0000-000000000000",
	"ActiveProduct": "HT-1100",
	"ActiveProductImage": "FOL39000000000004EXT40000000025557",
	"FileName": "Image of the Smart Office",
	"MIMEType": "",
	"Description": "Image of the Smart Office",
	"CreationDateTime": "/Date(1440510098000+0000)/",
	"LastChangedDateTime": "/Date(1440510098000+0000)/",
	"IsActiveEntity": true,
	"HasActiveEntity": false,
	"HasDraftEntity": false
}, {
	"ProductImageDraftUUID": "00000000-0000-0000-0000-000000000000",
	"ActiveProduct": "HT-1101",
	"ActiveProductImage": "FOL39000000000004EXT40000000025558",
	"FileName": "Image of the Smart Design",
	"MIMEType": "",
	"Description": "Image of the Smart Design",
	"CreationDateTime": "/Date(1440510099000+0000)/",
	"LastChangedDateTime": "/Date(1440510099000+0000)/",
	"IsActiveEntity": true,
	"HasActiveEntity": false,
	"HasDraftEntity": false
}, {
	"ProductImageDraftUUID": "00000000-0000-0000-0000-000000000000",
	"ActiveProduct": "HT-1102",
	"ActiveProductImage": "FOL39000000000004EXT40000000025559",
	"FileName": "Image of the Smart Network",
	"MIMEType": "",
	"Description": "Image of the Smart Network",
	"CreationDateTime": "/Date(1440510100000+0000)/",
	"LastChangedDateTime": "/Date(1440510100000+0000)/",
	"IsActiveEntity": true,
	"HasActiveEntity": false,
	"HasDraftEntity": false
}, {
	"ProductImageDraftUUID": "00000000-0000-0000-0000-000000000000",
	"ActiveProduct": "HT-1103",
	"ActiveProductImage": "FOL39000000000004EXT40000000025560",
	"FileName": "Image of the Smart Multimedia",
	"MIMEType": "",
	"Description": "Image of the Smart Multimedia",
	"CreationDateTime": "/Date(1440510101000+0000)/",
	"LastChangedDateTime": "/Date(1440510101000+0000)/",
	"IsActiveEntity": true,
	"HasActiveEntity": false,
	"HasDraftEntity": false
}, {
	"ProductImageDraftUUID": "00000000-0000-0000-0000-000000000000",
	"ActiveProduct": "HT-1104",
	"ActiveProductImage": "FOL39000000000004EXT40000000025561",
	"FileName": "Image of the Smart Games",
	"MIMEType": "",
	"Description": "Image of the Smart Games",
	"CreationDateTime": "/Date(1440510102000+0000)/",
	"LastChangedDateTime": "/Date(1440510102000+0000)/",
	"IsActiveEntity": true,
	"HasActiveEntity": false,
	"HasDraftEntity": false
}, {
	"ProductImageDraftUUID": "00000000-0000-0000-0000-000000000000",
	"ActiveProduct": "HT-1105",
	"ActiveProductImage": "FOL39000000000004EXT40000000025562",
	"FileName": "Image of the Smart Internet Antivirus",
	"MIMEType": "",
	"Description": "Image of the Smart Internet Antivirus",
	"CreationDateTime": "/Date(1440510103000+0000)/",
	"LastChangedDateTime": "/Date(1440510103000+0000)/",
	"IsActiveEntity": true,
	"HasActiveEntity": false,
	"HasDraftEntity": false
}, {
	"ProductImageDraftUUID": "00000000-0000-0000-0000-000000000000",
	"ActiveProduct": "HT-1106",
	"ActiveProductImage": "FOL39000000000004EXT40000000025563",
	"FileName": "Image of the Smart Firewall",
	"MIMEType": "",
	"Description": "Image of the Smart Firewall",
	"CreationDateTime": "/Date(1440510104000+0000)/",
	"LastChangedDateTime": "/Date(1440510104000+0000)/",
	"IsActiveEntity": true,
	"HasActiveEntity": false,
	"HasDraftEntity": false
}, {
	"ProductImageDraftUUID": "00000000-0000-0000-0000-000000000000",
	"ActiveProduct": "HT-1107",
	"ActiveProductImage": "FOL39000000000004EXT40000000025564",
	"FileName": "Image of the Smart Money",
	"MIMEType": "",
	"Description": "Image of the Smart Money",
	"CreationDateTime": "/Date(1440510104000+0000)/",
	"LastChangedDateTime": "/Date(1440510104000+0000)/",
	"IsActiveEntity": true,
	"HasActiveEntity": false,
	"HasDraftEntity": false
}, {
	"ProductImageDraftUUID": "00000000-0000-0000-0000-000000000000",
	"ActiveProduct": "HT-1110",
	"ActiveProductImage": "FOL39000000000004EXT40000000025565",
	"FileName": "Image of the PC Lock",
	"MIMEType": "",
	"Description": "Image of the PC Lock",
	"CreationDateTime": "/Date(1440510105000+0000)/",
	"LastChangedDateTime": "/Date(1440510105000+0000)/",
	"IsActiveEntity": true,
	"HasActiveEntity": false,
	"HasDraftEntity": false
}, {
	"ProductImageDraftUUID": "00000000-0000-0000-0000-000000000000",
	"ActiveProduct": "HT-1111",
	"ActiveProductImage": "FOL39000000000004EXT40000000025566",
	"FileName": "Image of the Notebook Lock",
	"MIMEType": "",
	"Description": "Image of the Notebook Lock",
	"CreationDateTime": "/Date(1440510106000+0000)/",
	"LastChangedDateTime": "/Date(1440510106000+0000)/",
	"IsActiveEntity": true,
	"HasActiveEntity": false,
	"HasDraftEntity": false
}, {
	"ProductImageDraftUUID": "00000000-0000-0000-0000-000000000000",
	"ActiveProduct": "HT-1112",
	"ActiveProductImage": "FOL39000000000004EXT40000000025567",
	"FileName": "Image of the Web cam reality",
	"MIMEType": "",
	"Description": "Image of the Web cam reality",
	"CreationDateTime": "/Date(1440510107000+0000)/",
	"LastChangedDateTime": "/Date(1440510107000+0000)/",
	"IsActiveEntity": true,
	"HasActiveEntity": false,
	"HasDraftEntity": false
}, {
	"ProductImageDraftUUID": "00000000-0000-0000-0000-000000000000",
	"ActiveProduct": "HT-1113",
	"ActiveProductImage": "FOL39000000000004EXT40000000025568",
	"FileName": "Image of the Screen Clean",
	"MIMEType": "",
	"Description": "Image of the Screen Clean",
	"CreationDateTime": "/Date(1440510108000+0000)/",
	"LastChangedDateTime": "/Date(1440510108000+0000)/",
	"IsActiveEntity": true,
	"HasActiveEntity": false,
	"HasDraftEntity": false
}, {
	"ProductImageDraftUUID": "00000000-0000-0000-0000-000000000000",
	"ActiveProduct": "HT-1114",
	"ActiveProductImage": "FOL39000000000004EXT40000000025569",
	"FileName": "Image of the fabric bag professional",
	"MIMEType": "",
	"Description": "Image of the fabric bag professional",
	"CreationDateTime": "/Date(1440510109000+0000)/",
	"LastChangedDateTime": "/Date(1440510109000+0000)/",
	"IsActiveEntity": true,
	"HasActiveEntity": false,
	"HasDraftEntity": false
}, {
	"ProductImageDraftUUID": "00000000-0000-0000-0000-000000000000",
	"ActiveProduct": "HT-1115",
	"ActiveProductImage": "FOL39000000000004EXT40000000025570",
	"FileName": "Image of router (blue)",
	"MIMEType": "",
	"Description": "Image of router (blue)",
	"CreationDateTime": "/Date(1440510110000+0000)/",
	"LastChangedDateTime": "/Date(1440510110000+0000)/",
	"IsActiveEntity": true,
	"HasActiveEntity": false,
	"HasDraftEntity": false
}, {
	"ProductImageDraftUUID": "00000000-0000-0000-0000-000000000000",
	"ActiveProduct": "HT-1116",
	"ActiveProductImage": "FOL39000000000004EXT40000000025571",
	"FileName": "Image of router (blue)",
	"MIMEType": "",
	"Description": "Image of router (blue)",
	"CreationDateTime": "/Date(1440510111000+0000)/",
	"LastChangedDateTime": "/Date(1440510111000+0000)/",
	"IsActiveEntity": true,
	"HasActiveEntity": false,
	"HasDraftEntity": false
}, {
	"ProductImageDraftUUID": "00000000-0000-0000-0000-000000000000",
	"ActiveProduct": "HT-1117",
	"ActiveProductImage": "FOL39000000000004EXT40000000025572",
	"FileName": "Image of router (blue)",
	"MIMEType": "",
	"Description": "Image of router (blue)",
	"CreationDateTime": "/Date(1440510111000+0000)/",
	"LastChangedDateTime": "/Date(1440510111000+0000)/",
	"IsActiveEntity": true,
	"HasActiveEntity": false,
	"HasDraftEntity": false
}, {
	"ProductImageDraftUUID": "00000000-0000-0000-0000-000000000000",
	"ActiveProduct": "HT-1118",
	"ActiveProductImage": "FOL39000000000004EXT40000000025573",
	"FileName": "Image of the USB Stick 64 GB",
	"MIMEType": "",
	"Description": "Image of the USB Stick 64 GB",
	"CreationDateTime": "/Date(1440510112000+0000)/",
	"LastChangedDateTime": "/Date(1440510112000+0000)/",
	"IsActiveEntity": true,
	"HasActiveEntity": false,
	"HasDraftEntity": false
}, {
	"ProductImageDraftUUID": "00000000-0000-0000-0000-000000000000",
	"ActiveProduct": "HT-1120",
	"ActiveProductImage": "FOL39000000000004EXT40000000025574",
	"FileName": "Image of the keyboard, english international",
	"MIMEType": "",
	"Description": "Image of the keyboard, english international",
	"CreationDateTime": "/Date(1440510113000+0000)/",
	"LastChangedDateTime": "/Date(1440510113000+0000)/",
	"IsActiveEntity": true,
	"HasActiveEntity": false,
	"HasDraftEntity": false
}, {
	"ProductImageDraftUUID": "00000000-0000-0000-0000-000000000000",
	"ActiveProduct": "HT-1137",
	"ActiveProductImage": "FOL39000000000004EXT40000000025575",
	"FileName": "Image of the Flat X-large II",
	"MIMEType": "",
	"Description": "Image of the Flat X-large II",
	"CreationDateTime": "/Date(1440510114000+0000)/",
	"LastChangedDateTime": "/Date(1440510114000+0000)/",
	"IsActiveEntity": true,
	"HasActiveEntity": false,
	"HasDraftEntity": false
}, {
	"ProductImageDraftUUID": "00000000-0000-0000-0000-000000000000",
	"ActiveProduct": "HT-1138",
	"ActiveProductImage": "FOL39000000000004EXT40000000025576",
	"FileName": "Image of pocket mouse",
	"MIMEType": "",
	"Description": "Image of pocket mouse",
	"CreationDateTime": "/Date(1440510115000+0000)/",
	"LastChangedDateTime": "/Date(1440510115000+0000)/",
	"IsActiveEntity": true,
	"HasActiveEntity": false,
	"HasDraftEntity": false
}, {
	"ProductImageDraftUUID": "00000000-0000-0000-0000-000000000000",
	"ActiveProduct": "HT-1210",
	"ActiveProductImage": "FOL39000000000004EXT40000000025577",
	"FileName": "Image of the PC Power Station",
	"MIMEType": "",
	"Description": "Image of the PC Power Station",
	"CreationDateTime": "/Date(1440510116000+0000)/",
	"LastChangedDateTime": "/Date(1440510116000+0000)/",
	"IsActiveEntity": true,
	"HasActiveEntity": false,
	"HasDraftEntity": false
}, {
	"ProductImageDraftUUID": "00000000-0000-0000-0000-000000000000",
	"ActiveProduct": "HT-1500",
	"ActiveProductImage": "FOL39000000000004EXT40000000025578",
	"FileName": "Image of the Server Basic",
	"MIMEType": "",
	"Description": "Image of the Server Basic",
	"CreationDateTime": "/Date(1440510117000+0000)/",
	"LastChangedDateTime": "/Date(1440510117000+0000)/",
	"IsActiveEntity": true,
	"HasActiveEntity": false,
	"HasDraftEntity": false
}, {
	"ProductImageDraftUUID": "00000000-0000-0000-0000-000000000000",
	"ActiveProduct": "HT-1501",
	"ActiveProductImage": "FOL39000000000004EXT40000000025579",
	"FileName": "Image of the Server Professional",
	"MIMEType": "",
	"Description": "Image of the Server Professional",
	"CreationDateTime": "/Date(1440510118000+0000)/",
	"LastChangedDateTime": "/Date(1440510118000+0000)/",
	"IsActiveEntity": true,
	"HasActiveEntity": false,
	"HasDraftEntity": false
}, {
	"ProductImageDraftUUID": "00000000-0000-0000-0000-000000000000",
	"ActiveProduct": "HT-1502",
	"ActiveProductImage": "FOL39000000000004EXT40000000025580",
	"FileName": "Image of the Server Power Pro",
	"MIMEType": "",
	"Description": "Image of the Server Power Pro",
	"CreationDateTime": "/Date(1440510118000+0000)/",
	"LastChangedDateTime": "/Date(1440510118000+0000)/",
	"IsActiveEntity": true,
	"HasActiveEntity": false,
	"HasDraftEntity": false
}, {
	"ProductImageDraftUUID": "00000000-0000-0000-0000-000000000000",
	"ActiveProduct": "HT-6130",
	"ActiveProductImage": "FOL39000000000004EXT40000000025581",
	"FileName": "Image of the Flat Watch HD32",
	"MIMEType": "",
	"Description": "Image of the Flat Watch HD32",
	"CreationDateTime": "/Date(1440510119000+0000)/",
	"LastChangedDateTime": "/Date(1440510119000+0000)/",
	"IsActiveEntity": true,
	"HasActiveEntity": false,
	"HasDraftEntity": false
}, {
	"ProductImageDraftUUID": "00000000-0000-0000-0000-000000000000",
	"ActiveProduct": "HT-6131",
	"ActiveProductImage": "FOL39000000000004EXT40000000025582",
	"FileName": "Image of the Flat Watch HD37",
	"MIMEType": "",
	"Description": "Image of the Flat Watch HD37",
	"CreationDateTime": "/Date(1440510120000+0000)/",
	"LastChangedDateTime": "/Date(1440510120000+0000)/",
	"IsActiveEntity": true,
	"HasActiveEntity": false,
	"HasDraftEntity": false
}, {
	"ProductImageDraftUUID": "00000000-0000-0000-0000-000000000000",
	"ActiveProduct": "HT-6132",
	"ActiveProductImage": "FOL39000000000004EXT40000000025583",
	"FileName": "Image of the Flat Watch HD41",
	"MIMEType": "",
	"Description": "Image of the Flat Watch HD41",
	"CreationDateTime": "/Date(1440510121000+0000)/",
	"LastChangedDateTime": "/Date(1440510121000+0000)/",
	"IsActiveEntity": true,
	"HasActiveEntity": false,
	"HasDraftEntity": false
}, {
	"ProductImageDraftUUID": "00000000-0000-0000-0000-000000000000",
	"ActiveProduct": "HT-7030",
	"ActiveProductImage": "FOL39000000000004EXT40000000025584",
	"FileName": "Image of the Platinberry",
	"MIMEType": "",
	"Description": "Image of the Platinberry",
	"CreationDateTime": "/Date(1440510122000+0000)/",
	"LastChangedDateTime": "/Date(1440510122000+0000)/",
	"IsActiveEntity": true,
	"HasActiveEntity": false,
	"HasDraftEntity": false
}, {
	"ProductImageDraftUUID": "00000000-0000-0000-0000-000000000000",
	"ActiveProduct": "HT-7020",
	"ActiveProductImage": "FOL39000000000004EXT40000000025585",
	"FileName": "Image of the Platinberry",
	"MIMEType": "",
	"Description": "Image of the Platinberry",
	"CreationDateTime": "/Date(1440510123000+0000)/",
	"LastChangedDateTime": "/Date(1440510123000+0000)/",
	"IsActiveEntity": true,
	"HasActiveEntity": false,
	"HasDraftEntity": false
}, {
	"ProductImageDraftUUID": "00000000-0000-0000-0000-000000000000",
	"ActiveProduct": "HT-7010",
	"ActiveProductImage": "FOL39000000000004EXT40000000025586",
	"FileName": "Image of the Silverberry",
	"MIMEType": "",
	"Description": "Image of the Silverberry",
	"CreationDateTime": "/Date(1440510124000+0000)/",
	"LastChangedDateTime": "/Date(1440510124000+0000)/",
	"IsActiveEntity": true,
	"HasActiveEntity": false,
	"HasDraftEntity": false
}, {
	"ProductImageDraftUUID": "00000000-0000-0000-0000-000000000000",
	"ActiveProduct": "HT-7000",
	"ActiveProductImage": "FOL39000000000004EXT40000000025587",
	"FileName": "Image of the Copperberry",
	"MIMEType": "",
	"Description": "Image of the Copperberry",
	"CreationDateTime": "/Date(1440510124000+0000)/",
	"LastChangedDateTime": "/Date(1440510124000+0000)/",
	"IsActiveEntity": true,
	"HasActiveEntity": false,
	"HasDraftEntity": false
}, {
	"ProductImageDraftUUID": "00000000-0000-0000-0000-000000000000",
	"ActiveProduct": "HT-1095",
	"ActiveProductImage": "FOL39000000000004EXT40000000025588",
	"FileName": "Image of the Lovely Sound 5.1 Wireless",
	"MIMEType": "",
	"Description": "Image of the Lovely Sound 5.1 Wireless",
	"CreationDateTime": "/Date(1440510125000+0000)/",
	"LastChangedDateTime": "/Date(1440510125000+0000)/",
	"IsActiveEntity": true,
	"HasActiveEntity": false,
	"HasDraftEntity": false
}, {
	"ProductImageDraftUUID": "00000000-0000-0000-0000-000000000000",
	"ActiveProduct": "HT-1096",
	"ActiveProductImage": "FOL39000000000004EXT40000000025589",
	"FileName": "Image of the Lovely Sound 5.1",
	"MIMEType": "",
	"Description": "Image of the Lovely Sound 5.1",
	"CreationDateTime": "/Date(1440510126000+0000)/",
	"LastChangedDateTime": "/Date(1440510126000+0000)/",
	"IsActiveEntity": true,
	"HasActiveEntity": false,
	"HasDraftEntity": false
}, {
	"ProductImageDraftUUID": "00000000-0000-0000-0000-000000000000",
	"ActiveProduct": "HT-1097",
	"ActiveProductImage": "FOL39000000000004EXT40000000025590",
	"FileName": "Image of the Lovely Sound Stereo",
	"MIMEType": "",
	"Description": "Image of the Lovely Sound Stereo",
	"CreationDateTime": "/Date(1440510127000+0000)/",
	"LastChangedDateTime": "/Date(1440510127000+0000)/",
	"IsActiveEntity": true,
	"HasActiveEntity": false,
	"HasDraftEntity": false
}, {
	"ProductImageDraftUUID": "00000000-0000-0000-0000-000000000000",
	"ActiveProduct": "HT-6123",
	"ActiveProductImage": "FOL39000000000004EXT40000000025591",
	"FileName": "Image of the Power Pro Player 80 SSD",
	"MIMEType": "",
	"Description": "Image of the Power Pro Player 80 SSD",
	"CreationDateTime": "/Date(1440510128000+0000)/",
	"LastChangedDateTime": "/Date(1440510128000+0000)/",
	"IsActiveEntity": true,
	"HasActiveEntity": false,
	"HasDraftEntity": false
}, {
	"ProductImageDraftUUID": "00000000-0000-0000-0000-000000000000",
	"ActiveProduct": "HT-6122",
	"ActiveProductImage": "FOL39000000000004EXT40000000025592",
	"FileName": "Image of the Power Pro Player 40",
	"MIMEType": "",
	"Description": "Image of the Power Pro Player 40",
	"CreationDateTime": "/Date(1440510129000+0000)/",
	"LastChangedDateTime": "/Date(1440510129000+0000)/",
	"IsActiveEntity": true,
	"HasActiveEntity": false,
	"HasDraftEntity": false
}, {
	"ProductImageDraftUUID": "00000000-0000-0000-0000-000000000000",
	"ActiveProduct": "HT-6121",
	"ActiveProductImage": "FOL39000000000004EXT40000000025593",
	"FileName": "Image of the Basic Booster B",
	"MIMEType": "",
	"Description": "Image of the Basic Booster B",
	"CreationDateTime": "/Date(1440510130000+0000)/",
	"LastChangedDateTime": "/Date(1440510130000+0000)/",
	"IsActiveEntity": true,
	"HasActiveEntity": false,
	"HasDraftEntity": false
}, {
	"ProductImageDraftUUID": "00000000-0000-0000-0000-000000000000",
	"ActiveProduct": "HT-6120",
	"ActiveProductImage": "FOL39000000000004EXT40000000025594",
	"FileName": "Image of the stick",
	"MIMEType": "",
	"Description": "Image of the stick",
	"CreationDateTime": "/Date(1440510131000+0000)/",
	"LastChangedDateTime": "/Date(1440510131000+0000)/",
	"IsActiveEntity": true,
	"HasActiveEntity": false,
	"HasDraftEntity": false
}, {
	"ProductImageDraftUUID": "00000000-0000-0000-0000-000000000000",
	"ActiveProduct": "HT-6111",
	"ActiveProductImage": "FOL39000000000004EXT40000000025595",
	"FileName": "Image of the Record Movie",
	"MIMEType": "",
	"Description": "Image of the Record Movie",
	"CreationDateTime": "/Date(1440510132000+0000)/",
	"LastChangedDateTime": "/Date(1440510132000+0000)/",
	"IsActiveEntity": true,
	"HasActiveEntity": false,
	"HasDraftEntity": false
}, {
	"ProductImageDraftUUID": "00000000-0000-0000-0000-000000000000",
	"ActiveProduct": "HT-6110",
	"ActiveProductImage": "FOL39000000000004EXT40000000025596",
	"FileName": "Image of the Play Movie",
	"MIMEType": "",
	"Description": "Image of the Play Movie",
	"CreationDateTime": "/Date(1440510133000+0000)/",
	"LastChangedDateTime": "/Date(1440510133000+0000)/",
	"IsActiveEntity": true,
	"HasActiveEntity": false,
	"HasDraftEntity": false
}, {
	"ProductImageDraftUUID": "00000000-0000-0000-0000-000000000000",
	"ActiveProduct": "HT-6102",
	"ActiveProductImage": "FOL39000000000004EXT40000000025597",
	"FileName": "Image of the Beam Breaker B-3",
	"MIMEType": "",
	"Description": "Image of the Beam Breaker B-3",
	"CreationDateTime": "/Date(1440510133000+0000)/",
	"LastChangedDateTime": "/Date(1440510133000+0000)/",
	"IsActiveEntity": true,
	"HasActiveEntity": false,
	"HasDraftEntity": true
}, {
	"ProductImageDraftUUID": "00000000-0000-0000-0000-000000000000",
	"ActiveProduct": "HT-6101",
	"ActiveProductImage": "FOL39000000000004EXT40000000025598",
	"FileName": "Image of the Beam Breaker B-2",
	"MIMEType": "",
	"Description": "Image of the Beam Breaker B-2",
	"CreationDateTime": "/Date(1440510134000+0000)/",
	"LastChangedDateTime": "/Date(1440510134000+0000)/",
	"IsActiveEntity": true,
	"HasActiveEntity": false,
	"HasDraftEntity": false
}, {
	"ProductImageDraftUUID": "00000000-0000-0000-0000-000000000000",
	"ActiveProduct": "HT-2002",
	"ActiveProductImage": "FOL39000000000004EXT40000000025599",
	"FileName": "Image of the Portable DVD Player with 9\" LCD Monit",
	"MIMEType": "",
	"Description": "Image of the Portable DVD Player with 9\" LCD Monit",
	"CreationDateTime": "/Date(1440510135000+0000)/",
	"LastChangedDateTime": "/Date(1440510135000+0000)/",
	"IsActiveEntity": true,
	"HasActiveEntity": false,
	"HasDraftEntity": false
}, {
	"ProductImageDraftUUID": "00000000-0000-0000-0000-000000000000",
	"ActiveProduct": "HT-6100",
	"ActiveProductImage": "FOL39000000000004EXT40000000025600",
	"FileName": "Image of the Beam Breaker B-1",
	"MIMEType": "",
	"Description": "Image of the Beam Breaker B-1",
	"CreationDateTime": "/Date(1440510136000+0000)/",
	"LastChangedDateTime": "/Date(1440510136000+0000)/",
	"IsActiveEntity": true,
	"HasActiveEntity": false,
	"HasDraftEntity": false
}, {
	"ProductImageDraftUUID": "00000000-0000-0000-0000-000000000000",
	"ActiveProduct": "HT-2027",
	"ActiveProductImage": "FOL39000000000004EXT40000000025601",
	"FileName": "Image of the Removeable CD/DVD Laser Labels",
	"MIMEType": "",
	"Description": "Image of the Removeable CD/DVD Laser Labels",
	"CreationDateTime": "/Date(1440510137000+0000)/",
	"LastChangedDateTime": "/Date(1440510137000+0000)/",
	"IsActiveEntity": true,
	"HasActiveEntity": false,
	"HasDraftEntity": false
}, {
	"ProductImageDraftUUID": "00000000-0000-0000-0000-000000000000",
	"ActiveProduct": "HT-2026",
	"ActiveProductImage": "FOL39000000000004EXT40000000025602",
	"FileName": "Image of the Audio/Video Cable Kit - 12 ft",
	"MIMEType": "",
	"Description": "Image of the Audio/Video Cable Kit - 12 ft",
	"CreationDateTime": "/Date(1440510138000+0000)/",
	"LastChangedDateTime": "/Date(1440510138000+0000)/",
	"IsActiveEntity": true,
	"HasActiveEntity": false,
	"HasDraftEntity": false
}, {
	"ProductImageDraftUUID": "00000000-0000-0000-0000-000000000000",
	"ActiveProduct": "HT-2025",
	"ActiveProductImage": "FOL39000000000004EXT40000000025603",
	"FileName": "Image of the CD/DVD case: 264 capacity",
	"MIMEType": "",
	"Description": "Image of the CD/DVD case: 264 capacity",
	"CreationDateTime": "/Date(1440510139000+0000)/",
	"LastChangedDateTime": "/Date(1440510139000+0000)/",
	"IsActiveEntity": true,
	"HasActiveEntity": false,
	"HasDraftEntity": false
}, {
	"ProductImageDraftUUID": "00000000-0000-0000-0000-000000000000",
	"ActiveProduct": "HT-2001",
	"ActiveProductImage": "FOL39000000000004EXT40000000025746",
	"FileName": "Image of the 10\" Portable DVD Player",
	"MIMEType": "",
	"Description": "Image of the 10\" Portable DVD Player",
	"CreationDateTime": "/Date(1445032909000+0000)/",
	"LastChangedDateTime": "/Date(1445032909000+0000)/",
	"IsActiveEntity": true,
	"HasActiveEntity": false,
	"HasDraftEntity": false
}, {
	"ProductImageDraftUUID": "00000000-0000-0000-0000-000000000000",
	"ActiveProduct": "HT-1603",
	"ActiveProductImage": "FOL39000000000004EXT40000000025610",
	"FileName": "Image of the Gaming Monster Pro",
	"MIMEType": "",
	"Description": "Image of the Gaming Monster Pro",
	"CreationDateTime": "/Date(1440510146000+0000)/",
	"LastChangedDateTime": "/Date(1440510146000+0000)/",
	"IsActiveEntity": true,
	"HasActiveEntity": false,
	"HasDraftEntity": false
}, {
	"ProductImageDraftUUID": "00000000-0000-0000-0000-000000000000",
	"ActiveProduct": "HT-1602",
	"ActiveProductImage": "FOL39000000000004EXT40000000025611",
	"FileName": "Image of the Gaming Monster",
	"MIMEType": "",
	"Description": "Image of the Gaming Monster",
	"CreationDateTime": "/Date(1440510147000+0000)/",
	"LastChangedDateTime": "/Date(1440510147000+0000)/",
	"IsActiveEntity": true,
	"HasActiveEntity": false,
	"HasDraftEntity": false
}, {
	"ProductImageDraftUUID": "00000000-0000-0000-0000-000000000000",
	"ActiveProduct": "HT-1601",
	"ActiveProductImage": "FOL39000000000004EXT40000000025612",
	"FileName": "Image of the Family PC Pro",
	"MIMEType": "",
	"Description": "Image of the Family PC Pro",
	"CreationDateTime": "/Date(1440510148000+0000)/",
	"LastChangedDateTime": "/Date(1440510148000+0000)/",
	"IsActiveEntity": true,
	"HasActiveEntity": false,
	"HasDraftEntity": false
}, {
	"ProductImageDraftUUID": "00000000-0000-0000-0000-000000000000",
	"ActiveProduct": "HT-1600",
	"ActiveProductImage": "FOL39000000000004EXT40000000025613",
	"FileName": "Image of the Family PC Basic",
	"MIMEType": "",
	"Description": "Image of the Family PC Basic",
	"CreationDateTime": "/Date(1440510149000+0000)/",
	"LastChangedDateTime": "/Date(1440510149000+0000)/",
	"IsActiveEntity": true,
	"HasActiveEntity": false,
	"HasDraftEntity": false
}, {
	"ProductImageDraftUUID": "00000000-0000-0000-0000-000000000000",
	"ActiveProduct": "HT-1119",
	"ActiveProductImage": "FOL39000000000004EXT40000000025614",
	"FileName": "Image of the Universal Travel Adapter",
	"MIMEType": "",
	"Description": "Image of the Universal Travel Adapter",
	"CreationDateTime": "/Date(1440510150000+0000)/",
	"LastChangedDateTime": "/Date(1440510150000+0000)/",
	"IsActiveEntity": true,
	"HasActiveEntity": false,
	"HasDraftEntity": false
}, {
	"ProductImageDraftUUID": "00000000-0000-0000-0000-000000000000",
	"ActiveProduct": "HT-8000",
	"ActiveProductImage": "FOL39000000000004EXT40000000025615",
	"FileName": "Image of the USB Stick 2 GB",
	"MIMEType": "",
	"Description": "Image of the USB Stick 2 GB",
	"CreationDateTime": "/Date(1440510151000+0000)/",
	"LastChangedDateTime": "/Date(1440510151000+0000)/",
	"IsActiveEntity": true,
	"HasActiveEntity": false,
	"HasDraftEntity": false
}, {
	"ProductImageDraftUUID": "00000000-0000-0000-0000-000000000000",
	"ActiveProduct": "HT-8001",
	"ActiveProductImage": "FOL39000000000004EXT40000000025616",
	"FileName": "Image of the USB Stick 2 GB",
	"MIMEType": "",
	"Description": "Image of the USB Stick 2 GB",
	"CreationDateTime": "/Date(1440510152000+0000)/",
	"LastChangedDateTime": "/Date(1440510152000+0000)/",
	"IsActiveEntity": true,
	"HasActiveEntity": false,
	"HasDraftEntity": false
}, {
	"ProductImageDraftUUID": "00000000-0000-0000-0000-000000000000",
	"ActiveProduct": "HT-8002",
	"ActiveProductImage": "FOL39000000000004EXT40000000025617",
	"FileName": "Image of the USB Stick 2 GB",
	"MIMEType": "",
	"Description": "Image of the USB Stick 2 GB",
	"CreationDateTime": "/Date(1440510153000+0000)/",
	"LastChangedDateTime": "/Date(1440510153000+0000)/",
	"IsActiveEntity": true,
	"HasActiveEntity": false,
	"HasDraftEntity": false
}, {
	"ProductImageDraftUUID": "00000000-0000-0000-0000-000000000000",
	"ActiveProduct": "HT-8003",
	"ActiveProductImage": "FOL39000000000004EXT40000000025618",
	"FileName": "Image of the USB Stick 2 GB",
	"MIMEType": "",
	"Description": "Image of the USB Stick 2 GB",
	"CreationDateTime": "/Date(1440510154000+0000)/",
	"LastChangedDateTime": "/Date(1440510154000+0000)/",
	"IsActiveEntity": true,
	"HasActiveEntity": false,
	"HasDraftEntity": false
}, {
	"ProductImageDraftUUID": "00000000-0000-0000-0000-000000000000",
	"ActiveProduct": "HT-9999",
	"ActiveProductImage": "FOL39000000000004EXT40000000025620",
	"FileName": "Image of tablet pc",
	"MIMEType": "",
	"Description": "Image of tablet pc",
	"CreationDateTime": "/Date(1440510156000+0000)/",
	"LastChangedDateTime": "/Date(1440510156000+0000)/",
	"IsActiveEntity": true,
	"HasActiveEntity": false,
	"HasDraftEntity": false
}, {
	"ProductImageDraftUUID": "00000000-0000-0000-0000-000000000000",
	"ActiveProduct": "HT-9998",
	"ActiveProductImage": "FOL39000000000004EXT40000000025621",
	"FileName": "Image of smartphone",
	"MIMEType": "",
	"Description": "Image of smartphone",
	"CreationDateTime": "/Date(1440510157000+0000)/",
	"LastChangedDateTime": "/Date(1440510157000+0000)/",
	"IsActiveEntity": true,
	"HasActiveEntity": false,
	"HasDraftEntity": false
}, {
	"ProductImageDraftUUID": "00000000-0000-0000-0000-000000000000",
	"ActiveProduct": "HT-9997",
	"ActiveProductImage": "FOL39000000000004EXT40000000025622",
	"FileName": "Image of reader",
	"MIMEType": "",
	"Description": "Image of reader",
	"CreationDateTime": "/Date(1440510158000+0000)/",
	"LastChangedDateTime": "/Date(1440510158000+0000)/",
	"IsActiveEntity": true,
	"HasActiveEntity": false,
	"HasDraftEntity": false
}, {
	"ProductImageDraftUUID": "00000000-0000-0000-0000-000000000000",
	"ActiveProduct": "HT-9996",
	"ActiveProductImage": "FOL39000000000004EXT40000000025623",
	"FileName": "Image of tablet case",
	"MIMEType": "",
	"Description": "Image of tablet case",
	"CreationDateTime": "/Date(1440510159000+0000)/",
	"LastChangedDateTime": "/Date(1440510159000+0000)/",
	"IsActiveEntity": true,
	"HasActiveEntity": false,
	"HasDraftEntity": false
}, {
	"ProductImageDraftUUID": "00000000-0000-0000-0000-000000000000",
	"ActiveProduct": "HT-9995",
	"ActiveProductImage": "FOL39000000000004EXT40000000025624",
	"FileName": "Image of smartphone cover",
	"MIMEType": "",
	"Description": "Image of smartphone cover",
	"CreationDateTime": "/Date(1440510160000+0000)/",
	"LastChangedDateTime": "/Date(1440510160000+0000)/",
	"IsActiveEntity": true,
	"HasActiveEntity": false,
	"HasDraftEntity": false
}, {
	"ProductImageDraftUUID": "00000000-0000-0000-0000-000000000000",
	"ActiveProduct": "HT-9994",
	"ActiveProductImage": "FOL39000000000004EXT40000000025625",
	"FileName": "Image of camcorder",
	"MIMEType": "",
	"Description": "Image of camcorder",
	"CreationDateTime": "/Date(1440510161000+0000)/",
	"LastChangedDateTime": "/Date(1440510161000+0000)/",
	"IsActiveEntity": true,
	"HasActiveEntity": false,
	"HasDraftEntity": false
}, {
	"ProductImageDraftUUID": "00000000-0000-0000-0000-000000000000",
	"ActiveProduct": "HT-9993",
	"ActiveProductImage": "FOL39000000000004EXT40000000025626",
	"FileName": "Image of mini tablet pc",
	"MIMEType": "",
	"Description": "Image of mini tablet pc",
	"CreationDateTime": "/Date(1440510163000+0000)/",
	"LastChangedDateTime": "/Date(1440510163000+0000)/",
	"IsActiveEntity": true,
	"HasActiveEntity": false,
	"HasDraftEntity": false
}, {
	"ProductImageDraftUUID": "00000000-0000-0000-0000-000000000000",
	"ActiveProduct": "HT-9992",
	"ActiveProductImage": "FOL39000000000004EXT40000000025627",
	"FileName": "Image of alpha smartphone",
	"MIMEType": "",
	"Description": "Image of alpha smartphone",
	"CreationDateTime": "/Date(1440510165000+0000)/",
	"LastChangedDateTime": "/Date(1440510165000+0000)/",
	"IsActiveEntity": true,
	"HasActiveEntity": false,
	"HasDraftEntity": false
}, {
	"ProductImageDraftUUID": "00000000-0000-0000-0000-000000000000",
	"ActiveProduct": "HT-9991",
	"ActiveProductImage": "FOL39000000000004EXT40000000025628",
	"FileName": "Image of smartphone case",
	"MIMEType": "",
	"Description": "Image of smartphone case",
	"CreationDateTime": "/Date(1440510167000+0000)/",
	"LastChangedDateTime": "/Date(1440510167000+0000)/",
	"IsActiveEntity": true,
	"HasActiveEntity": false,
	"HasDraftEntity": false
}, {
	"ProductImageDraftUUID": "00000000-0000-0000-0000-000000000000",
	"ActiveProduct": "HT-2000",
	"ActiveProductImage": "FOL39000000000004EXT40000000025749",
	"FileName": "Image of the 7\" Widescreen Portable DVD Player w M",
	"MIMEType": "",
	"Description": "Image of the 7\" Widescreen Portable DVD Player w M",
	"CreationDateTime": "/Date(1445032920000+0000)/",
	"LastChangedDateTime": "/Date(1445032920000+0000)/",
	"IsActiveEntity": true,
	"HasActiveEntity": false,
	"HasDraftEntity": false
}, {
	"ProductImageDraftUUID": "00000000-0000-0000-0000-000000000000",
	"ActiveProduct": "HT-1251",
	"ActiveProductImage": "FOL39000000000004EXT40000000025752",
	"FileName": "Image of the Astro Laptop 1516",
	"MIMEType": "",
	"Description": "Image of the Astro Laptop 1516",
	"CreationDateTime": "/Date(1445032937000+0000)/",
	"LastChangedDateTime": "/Date(1445032937000+0000)/",
	"IsActiveEntity": true,
	"HasActiveEntity": false,
	"HasDraftEntity": false
}, {
	"ProductImageDraftUUID": "00000000-0000-0000-0000-000000000000",
	"ActiveProduct": "HT-1251",
	"ActiveProductImage": "FOL39000000000004EXT40000000025753",
	"FileName": "Image of the Astro Laptop 1516",
	"MIMEType": "",
	"Description": "Image of the Astro Laptop 1516",
	"CreationDateTime": "/Date(1445032942000+0000)/",
	"LastChangedDateTime": "/Date(1445032942000+0000)/",
	"IsActiveEntity": true,
	"HasActiveEntity": false,
	"HasDraftEntity": false
}, {
	"ProductImageDraftUUID": "00000000-0000-0000-0000-000000000000",
	"ActiveProduct": "HT-1254",
	"ActiveProductImage": "FOL39000000000004EXT40000000025649",
	"FileName": "Image of the Bending Screen 21HD",
	"MIMEType": "",
	"Description": "Image of the Bending Screen 21HD",
	"CreationDateTime": "/Date(1440691967000+0000)/",
	"LastChangedDateTime": "/Date(1440691967000+0000)/",
	"IsActiveEntity": true,
	"HasActiveEntity": false,
	"HasDraftEntity": false
}, {
	"ProductImageDraftUUID": "00000000-0000-0000-0000-000000000000",
	"ActiveProduct": "HT-1254",
	"ActiveProductImage": "FOL39000000000004EXT40000000025650",
	"FileName": "Image of the Bending Screen 21HD",
	"MIMEType": "",
	"Description": "Image of the Bending Screen 21HD",
	"CreationDateTime": "/Date(1440691968000+0000)/",
	"LastChangedDateTime": "/Date(1440691968000+0000)/",
	"IsActiveEntity": true,
	"HasActiveEntity": false,
	"HasDraftEntity": false
}, {
	"ProductImageDraftUUID": "00000000-0000-0000-0000-000000000000",
	"ActiveProduct": "HT-1254",
	"ActiveProductImage": "FOL39000000000004EXT40000000025651",
	"FileName": "Image of the Bending Screen 21HD",
	"MIMEType": "",
	"Description": "Image of the Bending Screen 21HD",
	"CreationDateTime": "/Date(1440691970000+0000)/",
	"LastChangedDateTime": "/Date(1440691970000+0000)/",
	"IsActiveEntity": true,
	"HasActiveEntity": false,
	"HasDraftEntity": false
}, {
	"ProductImageDraftUUID": "00000000-0000-0000-0000-000000000000",
	"ActiveProduct": "HT-1254",
	"ActiveProductImage": "FOL39000000000004EXT40000000025652",
	"FileName": "Image of the Bending Screen 21HD",
	"MIMEType": "",
	"Description": "Image of the Bending Screen 21HD",
	"CreationDateTime": "/Date(1440691971000+0000)/",
	"LastChangedDateTime": "/Date(1440691971000+0000)/",
	"IsActiveEntity": true,
	"HasActiveEntity": false,
	"HasDraftEntity": false
}, {
	"ProductImageDraftUUID": "00000000-0000-0000-0000-000000000000",
	"ActiveProduct": "HT-1251",
	"ActiveProductImage": "FOL39000000000004EXT40000000025754",
	"FileName": "Image of the Astro Laptop 1516",
	"MIMEType": "",
	"Description": "Image of the Astro Laptop 1516",
	"CreationDateTime": "/Date(1445032948000+0000)/",
	"LastChangedDateTime": "/Date(1445032948000+0000)/",
	"IsActiveEntity": true,
	"HasActiveEntity": false,
	"HasDraftEntity": false
}, {
	"ProductImageDraftUUID": "00000000-0000-0000-0000-000000000000",
	"ActiveProduct": "HT-1251",
	"ActiveProductImage": "FOL39000000000004EXT40000000025755",
	"FileName": "Image of the Astro Laptop 1516",
	"MIMEType": "",
	"Description": "Image of the Astro Laptop 1516",
	"CreationDateTime": "/Date(1445032955000+0000)/",
	"LastChangedDateTime": "/Date(1445032955000+0000)/",
	"IsActiveEntity": true,
	"HasActiveEntity": false,
	"HasDraftEntity": false
}, {
	"ProductImageDraftUUID": "00000000-0000-0000-0000-000000000000",
	"ActiveProduct": "HT-1252",
	"ActiveProductImage": "FOL39000000000004EXT40000000025756",
	"FileName": "Image of the Astro Phone 6",
	"MIMEType": "",
	"Description": "Image of the Astro Phone 6",
	"CreationDateTime": "/Date(1445032960000+0000)/",
	"LastChangedDateTime": "/Date(1445032960000+0000)/",
	"IsActiveEntity": true,
	"HasActiveEntity": false,
	"HasDraftEntity": false
}, {
	"ProductImageDraftUUID": "00000000-0000-0000-0000-000000000000",
	"ActiveProduct": "HT-1256",
	"ActiveProductImage": "FOL39000000000004EXT40000000025656",
	"FileName": "Image of the Cerdik Phone 7",
	"MIMEType": "",
	"Description": "Image of the Cerdik Phone 7",
	"CreationDateTime": "/Date(1440691978000+0000)/",
	"LastChangedDateTime": "/Date(1440691978000+0000)/",
	"IsActiveEntity": true,
	"HasActiveEntity": false,
	"HasDraftEntity": false
}, {
	"ProductImageDraftUUID": "00000000-0000-0000-0000-000000000000",
	"ActiveProduct": "HT-1256",
	"ActiveProductImage": "FOL39000000000004EXT40000000025657",
	"FileName": "Image of the Cerdik Phone 7",
	"MIMEType": "",
	"Description": "Image of the Cerdik Phone 7",
	"CreationDateTime": "/Date(1440691980000+0000)/",
	"LastChangedDateTime": "/Date(1440691980000+0000)/",
	"IsActiveEntity": true,
	"HasActiveEntity": false,
	"HasDraftEntity": false
}, {
	"ProductImageDraftUUID": "00000000-0000-0000-0000-000000000000",
	"ActiveProduct": "HT-1256",
	"ActiveProductImage": "FOL39000000000004EXT40000000025658",
	"FileName": "Image of the Cerdik Phone 7",
	"MIMEType": "",
	"Description": "Image of the Cerdik Phone 7",
	"CreationDateTime": "/Date(1440691982000+0000)/",
	"LastChangedDateTime": "/Date(1440691982000+0000)/",
	"IsActiveEntity": true,
	"HasActiveEntity": false,
	"HasDraftEntity": false
}, {
	"ProductImageDraftUUID": "00000000-0000-0000-0000-000000000000",
	"ActiveProduct": "HT-1257",
	"ActiveProductImage": "FOL39000000000004EXT40000000025659",
	"FileName": "Image of Cepat Tablet 10.5",
	"MIMEType": "",
	"Description": "Image of Cepat Tablet 10.5",
	"CreationDateTime": "/Date(1440691984000+0000)/",
	"LastChangedDateTime": "/Date(1440691984000+0000)/",
	"IsActiveEntity": true,
	"HasActiveEntity": false,
	"HasDraftEntity": false
}, {
	"ProductImageDraftUUID": "00000000-0000-0000-0000-000000000000",
	"ActiveProduct": "HT-1257",
	"ActiveProductImage": "FOL39000000000004EXT40000000025660",
	"FileName": "Image of Cepat Tablet 10.5",
	"MIMEType": "",
	"Description": "Image of Cepat Tablet 10.5",
	"CreationDateTime": "/Date(1440691986000+0000)/",
	"LastChangedDateTime": "/Date(1440691986000+0000)/",
	"IsActiveEntity": true,
	"HasActiveEntity": false,
	"HasDraftEntity": false
}, {
	"ProductImageDraftUUID": "00000000-0000-0000-0000-000000000000",
	"ActiveProduct": "HT-1257",
	"ActiveProductImage": "FOL39000000000004EXT40000000025661",
	"FileName": "Image of Cepat Tablet 10.5",
	"MIMEType": "",
	"Description": "Image of Cepat Tablet 10.5",
	"CreationDateTime": "/Date(1440691987000+0000)/",
	"LastChangedDateTime": "/Date(1440691987000+0000)/",
	"IsActiveEntity": true,
	"HasActiveEntity": false,
	"HasDraftEntity": false
}, {
	"ProductImageDraftUUID": "00000000-0000-0000-0000-000000000000",
	"ActiveProduct": "HT-1257",
	"ActiveProductImage": "FOL39000000000004EXT40000000025662",
	"FileName": "Image of Cepat Tablet 10.5",
	"MIMEType": "",
	"Description": "Image of Cepat Tablet 10.5",
	"CreationDateTime": "/Date(1440691989000+0000)/",
	"LastChangedDateTime": "/Date(1440691989000+0000)/",
	"IsActiveEntity": true,
	"HasActiveEntity": false,
	"HasDraftEntity": false
}, {
	"ProductImageDraftUUID": "00000000-0000-0000-0000-000000000000",
	"ActiveProduct": "HT-1258",
	"ActiveProductImage": "FOL39000000000004EXT40000000025663",
	"FileName": "Image of Cepat Tablet 8",
	"MIMEType": "",
	"Description": "Image of Cepat Tablet 8",
	"CreationDateTime": "/Date(1440691991000+0000)/",
	"LastChangedDateTime": "/Date(1440691991000+0000)/",
	"IsActiveEntity": true,
	"HasActiveEntity": false,
	"HasDraftEntity": false
}, {
	"ProductImageDraftUUID": "00000000-0000-0000-0000-000000000000",
	"ActiveProduct": "HT-1258",
	"ActiveProductImage": "FOL39000000000004EXT40000000025664",
	"FileName": "Image of Cepat Tablet 8",
	"MIMEType": "",
	"Description": "Image of Cepat Tablet 8",
	"CreationDateTime": "/Date(1440691993000+0000)/",
	"LastChangedDateTime": "/Date(1440691993000+0000)/",
	"IsActiveEntity": true,
	"HasActiveEntity": false,
	"HasDraftEntity": false
}, {
	"ProductImageDraftUUID": "00000000-0000-0000-0000-000000000000",
	"ActiveProduct": "HT-1258",
	"ActiveProductImage": "FOL39000000000004EXT40000000025665",
	"FileName": "Image of Cepat Tablet 8",
	"MIMEType": "",
	"Description": "Image of Cepat Tablet 8",
	"CreationDateTime": "/Date(1440691995000+0000)/",
	"LastChangedDateTime": "/Date(1440691995000+0000)/",
	"IsActiveEntity": true,
	"HasActiveEntity": false,
	"HasDraftEntity": false
}, {
	"ProductImageDraftUUID": "00000000-0000-0000-0000-000000000000",
	"ActiveProduct": "HT-1252",
	"ActiveProductImage": "FOL39000000000004EXT40000000025757",
	"FileName": "Image of the Astro Phone 6",
	"MIMEType": "",
	"Description": "Image of the Astro Phone 6",
	"CreationDateTime": "/Date(1445032966000+0000)/",
	"LastChangedDateTime": "/Date(1445032966000+0000)/",
	"IsActiveEntity": true,
	"HasActiveEntity": false,
	"HasDraftEntity": false
}, {
	"ProductImageDraftUUID": "00000000-0000-0000-0000-000000000000",
	"ActiveProduct": "HT-1252",
	"ActiveProductImage": "FOL39000000000004EXT40000000025758",
	"FileName": "Image of the Astro Phone 6",
	"MIMEType": "",
	"Description": "Image of the Astro Phone 6",
	"CreationDateTime": "/Date(1445032972000+0000)/",
	"LastChangedDateTime": "/Date(1445032972000+0000)/",
	"IsActiveEntity": true,
	"HasActiveEntity": false,
	"HasDraftEntity": false
}, {
	"ProductImageDraftUUID": "00000000-0000-0000-0000-000000000000",
	"ActiveProduct": "HT-1253",
	"ActiveProductImage": "FOL39000000000004EXT40000000025668",
	"FileName": "Image of the Benda Laptop 1408",
	"MIMEType": "",
	"Description": "Image of the Benda Laptop 1408",
	"CreationDateTime": "/Date(1440695307000+0000)/",
	"LastChangedDateTime": "/Date(1440695307000+0000)/",
	"IsActiveEntity": true,
	"HasActiveEntity": false,
	"HasDraftEntity": false
}, {
	"ProductImageDraftUUID": "00000000-0000-0000-0000-000000000000",
	"ActiveProduct": "HT-1253",
	"ActiveProductImage": "FOL39000000000004EXT40000000025669",
	"FileName": "Image of the Benda Laptop 1408",
	"MIMEType": "",
	"Description": "Image of the Benda Laptop 1408",
	"CreationDateTime": "/Date(1440695309000+0000)/",
	"LastChangedDateTime": "/Date(1440695309000+0000)/",
	"IsActiveEntity": true,
	"HasActiveEntity": false,
	"HasDraftEntity": false
}, {
	"ProductImageDraftUUID": "00000000-0000-0000-0000-000000000000",
	"ActiveProduct": "HT-1253",
	"ActiveProductImage": "FOL39000000000004EXT40000000025670",
	"FileName": "Image of the Benda Laptop 1408",
	"MIMEType": "",
	"Description": "Image of the Benda Laptop 1408",
	"CreationDateTime": "/Date(1440695311000+0000)/",
	"LastChangedDateTime": "/Date(1440695311000+0000)/",
	"IsActiveEntity": true,
	"HasActiveEntity": false,
	"HasDraftEntity": false
}, {
	"ProductImageDraftUUID": "00000000-0000-0000-0000-000000000000",
	"ActiveProduct": "HT-1253",
	"ActiveProductImage": "FOL39000000000004EXT40000000025671",
	"FileName": "Image of the Benda Laptop 1408",
	"MIMEType": "",
	"Description": "Image of the Benda Laptop 1408",
	"CreationDateTime": "/Date(1440695312000+0000)/",
	"LastChangedDateTime": "/Date(1440695312000+0000)/",
	"IsActiveEntity": true,
	"HasActiveEntity": false,
	"HasDraftEntity": false
}, {
	"ProductImageDraftUUID": "00000000-0000-0000-0000-000000000000",
	"ActiveProduct": "HT-1253",
	"ActiveProductImage": "FOL39000000000004EXT40000000025672",
	"FileName": "Image of the Benda Laptop 1408",
	"MIMEType": "",
	"Description": "Image of the Benda Laptop 1408",
	"CreationDateTime": "/Date(1440695314000+0000)/",
	"LastChangedDateTime": "/Date(1440695314000+0000)/",
	"IsActiveEntity": true,
	"HasActiveEntity": false,
	"HasDraftEntity": false
}, {
	"ProductImageDraftUUID": "00000000-0000-0000-0000-000000000000",
	"ActiveProduct": "HT-1252",
	"ActiveProductImage": "FOL39000000000004EXT40000000025759",
	"FileName": "Image of the Astro Phone 6",
	"MIMEType": "",
	"Description": "Image of the Astro Phone 6",
	"CreationDateTime": "/Date(1445032979000+0000)/",
	"LastChangedDateTime": "/Date(1445032979000+0000)/",
	"IsActiveEntity": true,
	"HasActiveEntity": false,
	"HasDraftEntity": false
}, {
	"ProductImageDraftUUID": "00000000-0000-0000-0000-000000000000",
	"ActiveProduct": "HT-1255",
	"ActiveProductImage": "FOL39000000000004EXT40000000025760",
	"FileName": "Image of the Broad Screen 22HD",
	"MIMEType": "",
	"Description": "Image of the Broad Screen 22HD",
	"CreationDateTime": "/Date(1445032987000+0000)/",
	"LastChangedDateTime": "/Date(1445032987000+0000)/",
	"IsActiveEntity": true,
	"HasActiveEntity": false,
	"HasDraftEntity": false
}, {
	"ProductImageDraftUUID": "00000000-0000-0000-0000-000000000000",
	"ActiveProduct": "HT-1255",
	"ActiveProductImage": "FOL39000000000004EXT40000000025761",
	"FileName": "Image of the Broad Screen 22HD",
	"MIMEType": "",
	"Description": "Image of the Broad Screen 22HD",
	"CreationDateTime": "/Date(1445032992000+0000)/",
	"LastChangedDateTime": "/Date(1445032992000+0000)/",
	"IsActiveEntity": true,
	"HasActiveEntity": false,
	"HasDraftEntity": false
}, {
	"ProductImageDraftUUID": "00000000-0000-0000-0000-000000000000",
	"ActiveProduct": "HT-1255",
	"ActiveProductImage": "FOL39000000000004EXT40000000025762",
	"FileName": "Image of the Broad Screen 22HD",
	"MIMEType": "",
	"Description": "Image of the Broad Screen 22HD",
	"CreationDateTime": "/Date(1445033000000+0000)/",
	"LastChangedDateTime": "/Date(1445033000000+0000)/",
	"IsActiveEntity": true,
	"HasActiveEntity": false,
	"HasDraftEntity": false
}]