[{
	"NumberOfReviewPosts": 3,
	"Product": "HT-1000",
	"AverageRatingValue": "3.67"
}, {
	"NumberOfReviewPosts": 7,
	"Product": "HT-1001",
	"AverageRatingValue": "2.71"
}, {
	"NumberOfReviewPosts": 15,
	"Product": "HT-1002",
	"AverageRatingValue": "2.93"
}, {
	"NumberOfReviewPosts": 9,
	"Product": "HT-1003",
	"AverageRatingValue": "3.11"
}, {
	"NumberOfReviewPosts": 11,
	"Product": "HT-1007",
	"AverageRatingValue": "2.64"
}, {
	"NumberOfReviewPosts": 6,
	"Product": "HT-1010",
	"AverageRatingValue": "2.17"
}, {
	"NumberOfReviewPosts": 12,
	"Product": "HT-1011",
	"AverageRatingValue": "3.08"
}, {
	"NumberOfReviewPosts": 1,
	"Product": "HT-1020",
	"AverageRatingValue": "5.00"
}, {
	"NumberOfReviewPosts": 6,
	"Product": "HT-1021",
	"AverageRatingValue": "3.00"
}, {
	"NumberOfReviewPosts": 4,
	"Product": "HT-1022",
	"AverageRatingValue": "3.75"
}, {
	"NumberOfReviewPosts": 2,
	"Product": "HT-1023",
	"AverageRatingValue": "3.50"
}, {
	"NumberOfReviewPosts": 15,
	"Product": "HT-1030",
	"AverageRatingValue": "2.67"
}, {
	"NumberOfReviewPosts": 12,
	"Product": "HT-1031",
	"AverageRatingValue": "3.17"
}, {
	"NumberOfReviewPosts": 12,
	"Product": "HT-1032",
	"AverageRatingValue": "2.67"
}, {
	"NumberOfReviewPosts": 2,
	"Product": "HT-1035",
	"AverageRatingValue": "2.50"
}, {
	"NumberOfReviewPosts": 2,
	"Product": "HT-1036",
	"AverageRatingValue": "3.00"
}, {
	"NumberOfReviewPosts": 11,
	"Product": "HT-1037",
	"AverageRatingValue": "3.64"
}, {
	"NumberOfReviewPosts": 12,
	"Product": "HT-1040",
	"AverageRatingValue": "3.00"
}, {
	"NumberOfReviewPosts": 14,
	"Product": "HT-1041",
	"AverageRatingValue": "2.93"
}, {
	"NumberOfReviewPosts": 4,
	"Product": "HT-1042",
	"AverageRatingValue": "3.25"
}, {
	"NumberOfReviewPosts": 7,
	"Product": "HT-1050",
	"AverageRatingValue": "1.86"
}, {
	"NumberOfReviewPosts": 15,
	"Product": "HT-1051",
	"AverageRatingValue": "3.00"
}, {
	"NumberOfReviewPosts": 5,
	"Product": "HT-1052",
	"AverageRatingValue": "2.00"
}, {
	"NumberOfReviewPosts": 1,
	"Product": "HT-1055",
	"AverageRatingValue": "4.00"
}, {
	"NumberOfReviewPosts": 10,
	"Product": "HT-1056",
	"AverageRatingValue": "3.50"
}, {
	"NumberOfReviewPosts": 10,
	"Product": "HT-1060",
	"AverageRatingValue": "3.90"
}, {
	"NumberOfReviewPosts": 12,
	"Product": "HT-1061",
	"AverageRatingValue": "2.42"
}, {
	"NumberOfReviewPosts": 7,
	"Product": "HT-1062",
	"AverageRatingValue": "2.14"
}, {
	"NumberOfReviewPosts": 14,
	"Product": "HT-1063",
	"AverageRatingValue": "3.64"
}, {
	"NumberOfReviewPosts": 9,
	"Product": "HT-1064",
	"AverageRatingValue": "2.56"
}, {
	"NumberOfReviewPosts": 12,
	"Product": "HT-1065",
	"AverageRatingValue": "3.42"
}, {
	"NumberOfReviewPosts": 6,
	"Product": "HT-1066",
	"AverageRatingValue": "2.00"
}, {
	"NumberOfReviewPosts": 13,
	"Product": "HT-1067",
	"AverageRatingValue": "2.38"
}, {
	"NumberOfReviewPosts": 3,
	"Product": "HT-1068",
	"AverageRatingValue": "2.67"
}, {
	"NumberOfReviewPosts": 14,
	"Product": "HT-1069",
	"AverageRatingValue": "3.07"
}, {
	"NumberOfReviewPosts": 14,
	"Product": "HT-1070",
	"AverageRatingValue": "3.43"
}, {
	"NumberOfReviewPosts": 8,
	"Product": "HT-1071",
	"AverageRatingValue": "3.38"
}, {
	"NumberOfReviewPosts": 7,
	"Product": "HT-1072",
	"AverageRatingValue": "2.86"
}, {
	"NumberOfReviewPosts": 1,
	"Product": "HT-1073",
	"AverageRatingValue": "3.00"
}, {
	"NumberOfReviewPosts": 13,
	"Product": "HT-1080",
	"AverageRatingValue": "3.46"
}, {
	"NumberOfReviewPosts": 8,
	"Product": "HT-1081",
	"AverageRatingValue": "2.75"
}, {
	"NumberOfReviewPosts": 1,
	"Product": "HT-1082",
	"AverageRatingValue": "2.00"
}, {
	"NumberOfReviewPosts": 6,
	"Product": "HT-1083",
	"AverageRatingValue": "3.00"
}, {
	"NumberOfReviewPosts": 11,
	"Product": "HT-1085",
	"AverageRatingValue": "3.36"
}, {
	"NumberOfReviewPosts": 14,
	"Product": "HT-1090",
	"AverageRatingValue": "2.57"
}, {
	"NumberOfReviewPosts": 7,
	"Product": "HT-1091",
	"AverageRatingValue": "2.43"
}, {
	"NumberOfReviewPosts": 8,
	"Product": "HT-1092",
	"AverageRatingValue": "3.00"
}, {
	"NumberOfReviewPosts": 5,
	"Product": "HT-1100",
	"AverageRatingValue": "3.20"
}, {
	"NumberOfReviewPosts": 10,
	"Product": "HT-1101",
	"AverageRatingValue": "2.60"
}, {
	"NumberOfReviewPosts": 7,
	"Product": "HT-1102",
	"AverageRatingValue": "2.43"
}, {
	"NumberOfReviewPosts": 7,
	"Product": "HT-1103",
	"AverageRatingValue": "3.14"
}, {
	"NumberOfReviewPosts": 8,
	"Product": "HT-1104",
	"AverageRatingValue": "3.25"
}, {
	"NumberOfReviewPosts": 8,
	"Product": "HT-1105",
	"AverageRatingValue": "3.25"
}, {
	"NumberOfReviewPosts": 7,
	"Product": "HT-1106",
	"AverageRatingValue": "3.71"
}, {
	"NumberOfReviewPosts": 14,
	"Product": "HT-1107",
	"AverageRatingValue": "3.21"
}, {
	"NumberOfReviewPosts": 7,
	"Product": "HT-1110",
	"AverageRatingValue": "2.43"
}, {
	"NumberOfReviewPosts": 7,
	"Product": "HT-1111",
	"AverageRatingValue": "2.29"
}, {
	"NumberOfReviewPosts": 9,
	"Product": "HT-1112",
	"AverageRatingValue": "3.67"
}, {
	"NumberOfReviewPosts": 4,
	"Product": "HT-1113",
	"AverageRatingValue": "2.75"
}, {
	"NumberOfReviewPosts": 8,
	"Product": "HT-1114",
	"AverageRatingValue": "3.63"
}, {
	"NumberOfReviewPosts": 0,
	"Product": "HT-1115",
	"AverageRatingValue": "0.00"
}, {
	"NumberOfReviewPosts": 3,
	"Product": "HT-1116",
	"AverageRatingValue": "3.00"
}, {
	"NumberOfReviewPosts": 15,
	"Product": "HT-1117",
	"AverageRatingValue": "2.27"
}, {
	"NumberOfReviewPosts": 8,
	"Product": "HT-1118",
	"AverageRatingValue": "3.25"
}, {
	"NumberOfReviewPosts": 11,
	"Product": "HT-1120",
	"AverageRatingValue": "3.45"
}, {
	"NumberOfReviewPosts": 8,
	"Product": "HT-1137",
	"AverageRatingValue": "3.88"
}, {
	"NumberOfReviewPosts": 6,
	"Product": "HT-1138",
	"AverageRatingValue": "3.33"
}, {
	"NumberOfReviewPosts": 5,
	"Product": "HT-1210",
	"AverageRatingValue": "4.40"
}, {
	"NumberOfReviewPosts": 5,
	"Product": "HT-1500",
	"AverageRatingValue": "2.00"
}, {
	"NumberOfReviewPosts": 13,
	"Product": "HT-1501",
	"AverageRatingValue": "2.38"
}, {
	"NumberOfReviewPosts": 2,
	"Product": "HT-1502",
	"AverageRatingValue": "1.50"
}, {
	"NumberOfReviewPosts": 10,
	"Product": "HT-6130",
	"AverageRatingValue": "3.00"
}, {
	"NumberOfReviewPosts": 12,
	"Product": "HT-6131",
	"AverageRatingValue": "2.92"
}, {
	"NumberOfReviewPosts": 0,
	"Product": "HT-6132",
	"AverageRatingValue": "0.00"
}, {
	"NumberOfReviewPosts": 3,
	"Product": "HT-7030",
	"AverageRatingValue": "3.67"
}, {
	"NumberOfReviewPosts": 5,
	"Product": "HT-7020",
	"AverageRatingValue": "1.80"
}, {
	"NumberOfReviewPosts": 6,
	"Product": "HT-7010",
	"AverageRatingValue": "3.33"
}, {
	"NumberOfReviewPosts": 3,
	"Product": "HT-7000",
	"AverageRatingValue": "2.67"
}, {
	"NumberOfReviewPosts": 14,
	"Product": "HT-1095",
	"AverageRatingValue": "3.21"
}, {
	"NumberOfReviewPosts": 4,
	"Product": "HT-1096",
	"AverageRatingValue": "3.75"
}, {
	"NumberOfReviewPosts": 11,
	"Product": "HT-1097",
	"AverageRatingValue": "3.55"
}, {
	"NumberOfReviewPosts": 4,
	"Product": "HT-6123",
	"AverageRatingValue": "2.75"
}, {
	"NumberOfReviewPosts": 8,
	"Product": "HT-6122",
	"AverageRatingValue": "2.25"
}, {
	"NumberOfReviewPosts": 6,
	"Product": "HT-6121",
	"AverageRatingValue": "3.33"
}, {
	"NumberOfReviewPosts": 0,
	"Product": "HT-6120",
	"AverageRatingValue": "0.00"
}, {
	"NumberOfReviewPosts": 6,
	"Product": "HT-6111",
	"AverageRatingValue": "3.00"
}, {
	"NumberOfReviewPosts": 10,
	"Product": "HT-6110",
	"AverageRatingValue": "3.70"
}, {
	"NumberOfReviewPosts": 7,
	"Product": "HT-6102",
	"AverageRatingValue": "3.86"
}, {
	"NumberOfReviewPosts": 1,
	"Product": "HT-6101",
	"AverageRatingValue": "4.00"
}, {
	"NumberOfReviewPosts": 6,
	"Product": "HT-2002",
	"AverageRatingValue": "3.83"
}, {
	"NumberOfReviewPosts": 11,
	"Product": "HT-6100",
	"AverageRatingValue": "3.64"
}, {
	"NumberOfReviewPosts": 4,
	"Product": "HT-2027",
	"AverageRatingValue": "2.75"
}, {
	"NumberOfReviewPosts": 2,
	"Product": "HT-2026",
	"AverageRatingValue": "2.50"
}, {
	"NumberOfReviewPosts": 7,
	"Product": "HT-2025",
	"AverageRatingValue": "3.86"
}, {
	"NumberOfReviewPosts": 9,
	"Product": "HT-2001",
	"AverageRatingValue": "2.11"
}, {
	"NumberOfReviewPosts": 10,
	"Product": "HT-2000",
	"AverageRatingValue": "2.30"
}, {
	"NumberOfReviewPosts": 8,
	"Product": "HT-1603",
	"AverageRatingValue": "3.13"
}, {
	"NumberOfReviewPosts": 15,
	"Product": "HT-1602",
	"AverageRatingValue": "3.20"
}, {
	"NumberOfReviewPosts": 5,
	"Product": "HT-1601",
	"AverageRatingValue": "3.40"
}, {
	"NumberOfReviewPosts": 12,
	"Product": "HT-1600",
	"AverageRatingValue": "3.08"
}, {
	"NumberOfReviewPosts": 7,
	"Product": "HT-1119",
	"AverageRatingValue": "2.57"
}, {
	"NumberOfReviewPosts": 7,
	"Product": "HT-8000",
	"AverageRatingValue": "1.86"
}, {
	"NumberOfReviewPosts": 2,
	"Product": "HT-8001",
	"AverageRatingValue": "3.00"
}, {
	"NumberOfReviewPosts": 13,
	"Product": "HT-8002",
	"AverageRatingValue": "2.92"
}, {
	"NumberOfReviewPosts": 15,
	"Product": "HT-8003",
	"AverageRatingValue": "3.20"
}, {
	"NumberOfReviewPosts": 2,
	"Product": "HT-9999",
	"AverageRatingValue": "3.50"
}, {
	"NumberOfReviewPosts": 11,
	"Product": "HT-9998",
	"AverageRatingValue": "3.09"
}, {
	"NumberOfReviewPosts": 12,
	"Product": "HT-9997",
	"AverageRatingValue": "3.00"
}, {
	"NumberOfReviewPosts": 10,
	"Product": "HT-9996",
	"AverageRatingValue": "2.50"
}, {
	"NumberOfReviewPosts": 13,
	"Product": "HT-9995",
	"AverageRatingValue": "3.08"
}, {
	"NumberOfReviewPosts": 13,
	"Product": "HT-9994",
	"AverageRatingValue": "3.54"
}, {
	"NumberOfReviewPosts": 6,
	"Product": "HT-9993",
	"AverageRatingValue": "3.33"
}, {
	"NumberOfReviewPosts": 9,
	"Product": "HT-9992",
	"AverageRatingValue": "4.11"
}, {
	"NumberOfReviewPosts": 12,
	"Product": "HT-9991",
	"AverageRatingValue": "2.75"
}, {
	"NumberOfReviewPosts": 4,
	"Product": "HT-1251",
	"AverageRatingValue": "3.50"
}, {
	"NumberOfReviewPosts": 10,
	"Product": "HT-1252",
	"AverageRatingValue": "4.00"
}, {
	"NumberOfReviewPosts": 0,
	"Product": "HT-1253",
	"AverageRatingValue": "0.00"
}, {
	"NumberOfReviewPosts": 5,
	"Product": "HT-1254",
	"AverageRatingValue": "3.20"
}, {
	"NumberOfReviewPosts": 13,
	"Product": "HT-1255",
	"AverageRatingValue": "2.85"
}, {
	"NumberOfReviewPosts": 12,
	"Product": "HT-1256",
	"AverageRatingValue": "3.42"
}, {
	"NumberOfReviewPosts": 12,
	"Product": "HT-1257",
	"AverageRatingValue": "2.58"
}, {
	"NumberOfReviewPosts": 9,
	"Product": "HT-1258",
	"AverageRatingValue": "3.22"
}]