[{
	"ContactPersonUUID": "00505691-2EC5-1ED5-AFD6-D5DBE9E200D3",
	"FirstName": "Karl",
	"MiddleName": "",
	"LastName": "Müller",
	"SystemUser": "",
	"Initials": "KM",
	"GenderCode": "M",
	"PhoneNumber": "+490622734567",
	"FaxNumber": "+490622734004",
	"MobilePhoneNumber": "+4901783456789",
	"EmailAddress": "do.not.reply@sap.com",
	"PreferredLanguage": "EN",
	"FormattedContactName": "Karl Müller"
}, {
	"ContactPersonUUID": "00505691-2EC5-1ED5-AFD6-D5DBE9E240D3",
	"FirstName": "Dagmar",
	"MiddleName": "",
	"LastName": "Schulze",
	"SystemUser": "",
	"Initials": "DS",
	"GenderCode": "F",
	"PhoneNumber": "+493088530",
	"FaxNumber": "+493088004",
	"MobilePhoneNumber": "+4901708530853",
	"EmailAddress": "dagmar.schulze@beckerberlin.de",
	"PreferredLanguage": "EN",
	"FormattedContactName": "Dagmar Schulze"
}, {
	"ContactPersonUUID": "00505691-2EC5-1ED5-AFD6-D5DBE9E260D3",
	"FirstName": "Ursula",
	"MiddleName": "Mariana",
	"LastName": "Wexler",
	"SystemUser": "WEXLERURSUL",
	"Initials": "UW",
	"GenderCode": "F",
	"PhoneNumber": "+493088529",
	"FaxNumber": "+493088004",
	"MobilePhoneNumber": "+49017667507579",
	"EmailAddress": "ursula.wexler@beckerberlin.de",
	"PreferredLanguage": "EN",
	"FormattedContactName": "Ursula Wexler"
}, {
	"ContactPersonUUID": "00505691-2EC5-1ED5-AFD6-D5DBE9E280D3",
	"FirstName": "Maria",
	"MiddleName": "",
	"LastName": "Brown",
	"SystemUser": "",
	"Initials": "MB",
	"GenderCode": "F",
	"PhoneNumber": "+493023352668",
	"FaxNumber": "+493023352004",
	"MobilePhoneNumber": "+492053352668",
	"EmailAddress": "maria.brown@delbont.com",
	"PreferredLanguage": "EN",
	"FormattedContactName": "Maria Brown"
}, {
	"ContactPersonUUID": "00505691-2EC5-1ED5-AFD6-D5DBE9E2A0D3",
	"FirstName": "Sam",
	"MiddleName": "Rob",
	"LastName": "Pelt",
	"SystemUser": "PELT",
	"Initials": "WP",
	"GenderCode": "M",
	"PhoneNumber": "+4925621140333",
	"FaxNumber": "+493023352004",
	"MobilePhoneNumber": "+4980289541668",
	"EmailAddress": "sam.pelt@delbont.com",
	"PreferredLanguage": "EN",
	"FormattedContactName": "Sam Pelt"
}, {
	"ContactPersonUUID": "00505691-2EC5-1ED5-AFD6-D5DBE9E2C0D3",
	"FirstName": "Saskia",
	"MiddleName": "Clara",
	"LastName": "Sommer",
	"SystemUser": "",
	"Initials": "SS",
	"GenderCode": "F",
	"PhoneNumber": "+49511403266",
	"FaxNumber": "+49511403004",
	"MobilePhoneNumber": "+4901701403266",
	"EmailAddress": "saskia.sommer@talpa-hannover.de",
	"PreferredLanguage": "EN",
	"FormattedContactName": "Saskia Sommer"
}, {
	"ContactPersonUUID": "00505691-2EC5-1ED5-AFD6-D5DBE9E2E0D3",
	"FirstName": "Julia",
	"MiddleName": "Nicole",
	"LastName": "Pfeffer",
	"SystemUser": "PFEFFERJUL",
	"Initials": "JP",
	"GenderCode": "F",
	"PhoneNumber": "+4903848362558616",
	"FaxNumber": "+49511403004",
	"MobilePhoneNumber": "+49015528393951",
	"EmailAddress": "julia.pfeffer@talpa-hannover.de",
	"PreferredLanguage": "EN",
	"FormattedContactName": "Julia Pfeffer"
}, {
	"ContactPersonUUID": "00505691-2EC5-1ED5-AFD6-D5DBE9E300D3",
	"FirstName": "Bob",
	"MiddleName": "",
	"LastName": "Buyer",
	"SystemUser": "",
	"Initials": "BB",
	"GenderCode": "M",
	"PhoneNumber": "+492244668800",
	"FaxNumber": "+492244668004",
	"MobilePhoneNumber": "+4920644668800",
	"EmailAddress": "bob.buyer@panorama-studios.biz",
	"PreferredLanguage": "EN",
	"FormattedContactName": "Bob Buyer"
}, {
	"ContactPersonUUID": "00505691-2EC5-1ED5-AFD6-D5DBE9E320D3",
	"FirstName": "Timothy",
	"MiddleName": "Sam",
	"LastName": "Oshaughnessy",
	"SystemUser": "OSHAUGHNESSY",
	"Initials": "TO",
	"GenderCode": "M",
	"PhoneNumber": "+4925621140333",
	"FaxNumber": "+492244668004",
	"MobilePhoneNumber": "+4980289541668",
	"EmailAddress": "timothy.oshaughnessy@panorama-studios.biz",
	"PreferredLanguage": "EN",
	"FormattedContactName": "Timothy Oshaughnessy"
}, {
	"ContactPersonUUID": "00505691-2EC5-1ED5-AFD6-D5DBE9E340D3",
	"FirstName": "Bart",
	"MiddleName": "Friedrich",
	"LastName": "Koenig",
	"SystemUser": "",
	"Initials": "BK",
	"GenderCode": "M",
	"PhoneNumber": "+492511415",
	"FaxNumber": "+492511004",
	"MobilePhoneNumber": "+4901712511415",
	"EmailAddress": "bart.koenig@tecum-ag.de",
	"PreferredLanguage": "EN",
	"FormattedContactName": "Bart Koenig"
}, {
	"ContactPersonUUID": "00505691-2EC5-1ED5-AFD6-D5DBE9E360D3",
	"FirstName": "Nicole",
	"MiddleName": "Julia",
	"LastName": "Bohm",
	"SystemUser": "BOHMNIC",
	"Initials": "NB",
	"GenderCode": "F",
	"PhoneNumber": "+490736689984351",
	"FaxNumber": "+492511004",
	"MobilePhoneNumber": "+49016310536760",
	"EmailAddress": "nicole.bohm@tecum-ag.de",
	"PreferredLanguage": "EN",
	"FormattedContactName": "Nicole Bohm"
}, {
	"ContactPersonUUID": "00505691-2EC5-1ED5-AFD6-D5DBE9E380D3",
	"FirstName": "Yoko",
	"MiddleName": "",
	"LastName": "Nakamura",
	"SystemUser": "",
	"Initials": "YN",
	"GenderCode": "F",
	"PhoneNumber": "+499078563412",
	"FaxNumber": "+499078563004",
	"MobilePhoneNumber": "+4909057600415",
	"EmailAddress": "yoko.nakamura@asia-ht.com",
	"PreferredLanguage": "EN",
	"FormattedContactName": "Yoko Nakamura"
}, {
	"ContactPersonUUID": "00505691-2EC5-1ED5-AFD6-D5DBE9E3A0D3",
	"FirstName": "Hidehisa",
	"MiddleName": "Masaaki",
	"LastName": "Koshiishi",
	"SystemUser": "KOSHIISHIHM",
	"Initials": "HK",
	"GenderCode": "M",
	"PhoneNumber": "+499078563413",
	"FaxNumber": "+499078563004",
	"MobilePhoneNumber": "+4909057600414",
	"EmailAddress": "hidehisa.koshiishi@asia-ht.com",
	"PreferredLanguage": "EN",
	"FormattedContactName": "Hidehisa Koshiishi"
}, {
	"ContactPersonUUID": "00505691-2EC5-1ED5-AFD6-D5DBE9E3C0D3",
	"FirstName": "Sophie",
	"MiddleName": "",
	"LastName": "Ribery",
	"SystemUser": "",
	"Initials": "SR",
	"GenderCode": "F",
	"PhoneNumber": "+49149744423",
	"FaxNumber": "+49149744004",
	"MobilePhoneNumber": "+4906103426880",
	"EmailAddress": "sophie.ribery@laurent-paris.com",
	"PreferredLanguage": "EN",
	"FormattedContactName": "Sophie Ribery"
}, {
	"ContactPersonUUID": "00505691-2EC5-1ED5-AFD6-D5DBE9E3E0D3",
	"FirstName": "Jean-Louis",
	"MiddleName": "Paul",
	"LastName": "Pasqua",
	"SystemUser": "PASQUA",
	"Initials": "JP",
	"GenderCode": "M",
	"PhoneNumber": "+49149744454",
	"FaxNumber": "+49149744004",
	"MobilePhoneNumber": "+4906103437990",
	"EmailAddress": "jean.louis.pasqua@laurent-paris.com",
	"PreferredLanguage": "EN",
	"FormattedContactName": "Jean-Louis Pasqua"
}, {
	"ContactPersonUUID": "00505691-2EC5-1ED5-AFD6-D5DBE9E400D3",
	"FirstName": "Victor",
	"MiddleName": "",
	"LastName": "Sanchez",
	"SystemUser": "",
	"Initials": "VS",
	"GenderCode": "M",
	"PhoneNumber": "+497257716",
	"FaxNumber": "+497257004",
	"MobilePhoneNumber": "+4905518508544",
	"EmailAddress": "victor.sanchez@avantel.com",
	"PreferredLanguage": "EN",
	"FormattedContactName": "Victor Sanchez"
}, {
	"ContactPersonUUID": "00505691-2EC5-1ED5-AFD6-D5DBE9E420D3",
	"FirstName": "Angélica",
	"MiddleName": "Mónica",
	"LastName": "Pretelini",
	"SystemUser": "PRETELINI",
	"Initials": "AP",
	"GenderCode": "F",
	"PhoneNumber": "+497257717",
	"FaxNumber": "+497257004",
	"MobilePhoneNumber": "+4905518503444",
	"EmailAddress": "angélica.pretelini@avantel.com",
	"PreferredLanguage": "EN",
	"FormattedContactName": "Angélica Pretelini"
}, {
	"ContactPersonUUID": "00505691-2EC5-1ED5-AFD6-D5DBE9E440D3",
	"FirstName": "Jorge",
	"MiddleName": "",
	"LastName": "Velez",
	"SystemUser": "",
	"Initials": "JV",
	"GenderCode": "M",
	"PhoneNumber": "+491133557799",
	"FaxNumber": "+491133557004",
	"MobilePhoneNumber": "+4901123224060",
	"EmailAddress": "jorge.velez@telecomunicacionesstar.com",
	"PreferredLanguage": "EN",
	"FormattedContactName": "Jorge Velez"
}, {
	"ContactPersonUUID": "00505691-2EC5-1ED5-AFD6-D5DBE9E460D3",
	"FirstName": "Renan",
	"MiddleName": "Leonardo",
	"LastName": "Barros",
	"SystemUser": "BARROS",
	"Initials": "RB",
	"GenderCode": "M",
	"PhoneNumber": "+491133557743",
	"FaxNumber": "+491133557004",
	"MobilePhoneNumber": "+49167918745889",
	"EmailAddress": "renan.barros@telecomunicacionesstar.com",
	"PreferredLanguage": "EN",
	"FormattedContactName": "Renan Barros"
}, {
	"ContactPersonUUID": "00505691-2EC5-1ED5-AFD6-D5DBE9E480D3",
	"FirstName": "Franklin",
	"MiddleName": "",
	"LastName": "Jones",
	"SystemUser": "",
	"Initials": "FJ",
	"GenderCode": "M",
	"PhoneNumber": "+496789012345",
	"FaxNumber": "+496789012004",
	"MobilePhoneNumber": "+492076789012346",
	"EmailAddress": "franklin.jones@pear-computing.com",
	"PreferredLanguage": "EN",
	"FormattedContactName": "Franklin Jones"
}, {
	"ContactPersonUUID": "00505691-2EC5-1ED5-AFD6-D5DBE9E4A0D3",
	"FirstName": "Esther",
	"MiddleName": "Joan",
	"LastName": "Ramirez",
	"SystemUser": "RAMIREZ",
	"Initials": "ER",
	"GenderCode": "F",
	"PhoneNumber": "+4982857403965",
	"FaxNumber": "+496789012004",
	"MobilePhoneNumber": "+4970270038165",
	"EmailAddress": "esther.ramirez@pear-computing.com",
	"PreferredLanguage": "EN",
	"FormattedContactName": "Esther Ramirez"
}, {
	"ContactPersonUUID": "00505691-2EC5-1ED5-AFD6-D5DBE9E4C0D3",
	"FirstName": "Joseph",
	"MiddleName": "",
	"LastName": "Gschwandtner",
	"SystemUser": "",
	"Initials": "JG",
	"GenderCode": "M",
	"PhoneNumber": "+496623612804",
	"FaxNumber": "+496623612004",
	"MobilePhoneNumber": "+4906508289569",
	"EmailAddress": "joseph_gschwandtner@alp-systems.at",
	"PreferredLanguage": "EN",
	"FormattedContactName": "Joseph Gschwandtner"
}, {
	"ContactPersonUUID": "00505691-2EC5-1ED5-AFD6-D5DBE9E4E0D3",
	"FirstName": "Karolin",
	"MiddleName": "",
	"LastName": "Schröder",
	"SystemUser": "SCHROEDER",
	"Initials": "KS",
	"GenderCode": "F",
	"PhoneNumber": "+496623612812",
	"FaxNumber": "+496623612004",
	"MobilePhoneNumber": "+4906508289669",
	"EmailAddress": "karolin.schroeder@alp-systems.at",
	"PreferredLanguage": "EN",
	"FormattedContactName": "Karolin Schröder"
}, {
	"ContactPersonUUID": "00505691-2EC5-1ED5-AFD6-D5DBE9E500D3",
	"FirstName": "George",
	"MiddleName": "David",
	"LastName": "Grant",
	"SystemUser": "",
	"Initials": "GG",
	"GenderCode": "M",
	"PhoneNumber": "+492589436180",
	"FaxNumber": "+492589436004",
	"MobilePhoneNumber": "+4907111748596",
	"EmailAddress": "george_d_grant@newlinedesign.co.uk",
	"PreferredLanguage": "EN",
	"FormattedContactName": "George Grant"
}, {
	"ContactPersonUUID": "00505691-2EC5-1ED5-AFD6-D5DBE9E520D3",
	"FirstName": "Brigida",
	"MiddleName": "Cara",
	"LastName": "Wright",
	"SystemUser": "WRIGHTBR",
	"Initials": "BW",
	"GenderCode": "F",
	"PhoneNumber": "+492089177317",
	"FaxNumber": "+492589436004",
	"MobilePhoneNumber": "+497808576317",
	"EmailAddress": "wright_brigida@newlinedesign.co.uk",
	"PreferredLanguage": "EN",
	"FormattedContactName": "Brigida Wright"
}, {
	"ContactPersonUUID": "00505691-2EC5-1ED5-AFD6-D5DBE9E540D3",
	"FirstName": "Sarah",
	"MiddleName": "",
	"LastName": "Schwind",
	"SystemUser": "",
	"Initials": "SS",
	"GenderCode": "F",
	"PhoneNumber": "+494507867136",
	"FaxNumber": "+494507867004",
	"MobilePhoneNumber": "+4901707867136",
	"EmailAddress": "sarah.schwind@hepa-tec.de",
	"PreferredLanguage": "EN",
	"FormattedContactName": "Sarah Schwind"
}, {
	"ContactPersonUUID": "00505691-2EC5-1ED5-AFD6-D5DBE9E560D3",
	"FirstName": "Marko",
	"MiddleName": "",
	"LastName": "König",
	"SystemUser": "KOENIG",
	"Initials": "MK",
	"GenderCode": "M",
	"PhoneNumber": "+490659410795031",
	"FaxNumber": "+494507867004",
	"MobilePhoneNumber": "+49017074291013",
	"EmailAddress": "marko.koenig@hepa-tec.de",
	"PreferredLanguage": "EN",
	"FormattedContactName": "Marko König"
}, {
	"ContactPersonUUID": "00505691-2EC5-1ED5-AFD6-D5DBE9E580D3",
	"FirstName": "Theodor",
	"MiddleName": "",
	"LastName": "Monathy",
	"SystemUser": "",
	"Initials": "TM",
	"GenderCode": "M",
	"PhoneNumber": "+495850428367",
	"FaxNumber": "+495850428004",
	"MobilePhoneNumber": "+49208585042836",
	"EmailAddress": "theodor.monathy@anavideon.com",
	"PreferredLanguage": "EN",
	"FormattedContactName": "Theodor Monathy"
}, {
	"ContactPersonUUID": "00505691-2EC5-1ED5-AFD6-D5DBE9E5A0D3",
	"FirstName": "Carlene",
	"MiddleName": "Sandra",
	"LastName": "McCutcheon",
	"SystemUser": "MCCUTCHEON",
	"Initials": "CM",
	"GenderCode": "F",
	"PhoneNumber": "+4990769766025",
	"FaxNumber": "+495850428004",
	"MobilePhoneNumber": "+4925339930893",
	"EmailAddress": "mc.cutcheon.Carlene@anavideon.com",
	"PreferredLanguage": "EN",
	"FormattedContactName": "Carlene McCutcheon"
}, {
	"ContactPersonUUID": "00505691-2EC5-1ED5-AFD6-D5DBE9E5C0D3",
	"FirstName": "Robert",
	"MiddleName": "",
	"LastName": "Brown",
	"SystemUser": "",
	"Initials": "RB",
	"GenderCode": "M",
	"PhoneNumber": "+497609448173",
	"FaxNumber": "+497609448004",
	"MobilePhoneNumber": "+4951494321664",
	"EmailAddress": "robert_brown@rb-entertainment.ca",
	"PreferredLanguage": "EN",
	"FormattedContactName": "Robert Brown"
}, {
	"ContactPersonUUID": "00505691-2EC5-1ED5-AFD6-D5DBE9E5E0D3",
	"FirstName": "Jesse",
	"MiddleName": "",
	"LastName": "Charley",
	"SystemUser": "CHARLEY",
	"Initials": "JC",
	"GenderCode": "M",
	"PhoneNumber": "+497609448673",
	"FaxNumber": "+497609448004",
	"MobilePhoneNumber": "+4951494321614",
	"EmailAddress": "charley.jesse@rb-entertainment.ca",
	"PreferredLanguage": "EN",
	"FormattedContactName": "Jesse Charley"
}, {
	"ContactPersonUUID": "00505691-2EC5-1ED5-AFD6-D5DBE9E600D3",
	"FirstName": "Jorge",
	"MiddleName": "",
	"LastName": "Montalban",
	"SystemUser": "",
	"Initials": "JM",
	"GenderCode": "M",
	"PhoneNumber": "+496879342945",
	"FaxNumber": "+496879342004",
	"MobilePhoneNumber": "+4918112779979",
	"EmailAddress": "jorgemontalban@motc.mx",
	"PreferredLanguage": "EN",
	"FormattedContactName": "Jorge Montalban"
}, {
	"ContactPersonUUID": "00505691-2EC5-1ED5-AFD6-D5DBE9E620D3",
	"FirstName": "Danilo",
	"MiddleName": "Leo",
	"LastName": "Ferreira",
	"SystemUser": "FERREIRA",
	"Initials": "DF",
	"GenderCode": "M",
	"PhoneNumber": "+491977971188",
	"FaxNumber": "+496879342004",
	"MobilePhoneNumber": "+49157987719323",
	"EmailAddress": "ferreira.danilo@motc.mx",
	"PreferredLanguage": "EN",
	"FormattedContactName": "Danilo Ferreira"
}, {
	"ContactPersonUUID": "00505691-2EC5-1ED5-AFD6-D5DBE9E640D3",
	"FirstName": "Johanna",
	"MiddleName": "",
	"LastName": "Esther",
	"SystemUser": "",
	"Initials": "JE",
	"GenderCode": "F",
	"PhoneNumber": "+492208791738",
	"FaxNumber": "+492208791004",
	"MobilePhoneNumber": "+4901528791738",
	"EmailAddress": "johanna.esther@meliva.de",
	"PreferredLanguage": "EN",
	"FormattedContactName": "Johanna Esther"
}, {
	"ContactPersonUUID": "00505691-2EC5-1ED5-AFD6-D5DBE9E660D3",
	"FirstName": "Kevin",
	"MiddleName": "",
	"LastName": "Schroeder",
	"SystemUser": "SCHROEDER",
	"Initials": "KS",
	"GenderCode": "M",
	"PhoneNumber": "+492208791951",
	"FaxNumber": "+492208791004",
	"MobilePhoneNumber": "+49016077825436",
	"EmailAddress": "kevin.schroeder@meliva.de",
	"PreferredLanguage": "EN",
	"FormattedContactName": "Kevin Schroeder"
}, {
	"ContactPersonUUID": "00505691-2EC5-1ED5-AFD6-D5DBE9E680D3",
	"FirstName": "Miguel",
	"MiddleName": "",
	"LastName": "Luengo",
	"SystemUser": "",
	"Initials": "ML",
	"GenderCode": "M",
	"PhoneNumber": "+494440238917",
	"FaxNumber": "+494440238004",
	"MobilePhoneNumber": "+4991138321089",
	"EmailAddress": "miguel.luengo@compostela.ar",
	"PreferredLanguage": "EN",
	"FormattedContactName": "Miguel Luengo"
}, {
	"ContactPersonUUID": "00505691-2EC5-1ED5-AFD6-D5DBE9E6A0D3",
	"FirstName": "Carla",
	"MiddleName": "",
	"LastName": "Cardoso",
	"SystemUser": "CARDOSO",
	"Initials": "CC",
	"GenderCode": "F",
	"PhoneNumber": "+491651009847",
	"FaxNumber": "+494440238004",
	"MobilePhoneNumber": "+49117930759244",
	"EmailAddress": "carla.cardoso@compostela.ar",
	"PreferredLanguage": "EN",
	"FormattedContactName": "Carla Cardoso"
}, {
	"ContactPersonUUID": "00505691-2EC5-1ED5-AFD6-D5DBE9E6C0D3",
	"FirstName": "Isabel",
	"MiddleName": "",
	"LastName": "Nemours",
	"SystemUser": "",
	"Initials": "IN",
	"GenderCode": "F",
	"PhoneNumber": "+496328490087",
	"FaxNumber": "+496328490004",
	"MobilePhoneNumber": "+4961126098641",
	"EmailAddress": "isabel.nemours@pateu.fr",
	"PreferredLanguage": "EN",
	"FormattedContactName": "Isabel Nemours"
}, {
	"ContactPersonUUID": "00505691-2EC5-1ED5-AFD6-D5DBE9E6E0D3",
	"FirstName": "Dominique",
	"MiddleName": "Robert",
	"LastName": "Sorain",
	"SystemUser": "SORAIN",
	"Initials": "DS",
	"GenderCode": "M",
	"PhoneNumber": "+496328490082",
	"FaxNumber": "+496328490004",
	"MobilePhoneNumber": "+4961126098633",
	"EmailAddress": "dominique.sorain@pateu.fr",
	"PreferredLanguage": "EN",
	"FormattedContactName": "Dominique Sorain"
}, {
	"ContactPersonUUID": "00505691-2EC5-1ED5-AFD6-D5DBE9E700D3",
	"FirstName": "Igor",
	"MiddleName": "",
	"LastName": "Tarassow",
	"SystemUser": "",
	"Initials": "IT",
	"GenderCode": "M",
	"PhoneNumber": "+494050378468",
	"FaxNumber": "+494050378004",
	"MobilePhoneNumber": "+4996884125599",
	"EmailAddress": "igor.tarassow@retc.ru",
	"PreferredLanguage": "EN",
	"FormattedContactName": "Igor Tarassow"
}, {
	"ContactPersonUUID": "00505691-2EC5-1ED5-AFD6-D5DBE9E720D3",
	"FirstName": "Swetlana",
	"MiddleName": "",
	"LastName": "Karaseva",
	"SystemUser": "KARASEVASW",
	"Initials": "SK",
	"GenderCode": "F",
	"PhoneNumber": "+494050378412",
	"FaxNumber": "+494050378004",
	"MobilePhoneNumber": "+4996884125512",
	"EmailAddress": "swet.karaseva@retc.ru",
	"PreferredLanguage": "EN",
	"FormattedContactName": "Swetlana Karaseva"
}, {
	"ContactPersonUUID": "00505691-2EC5-1ED5-AFD6-D5DBE9E740D3",
	"FirstName": "Alexis",
	"MiddleName": "",
	"LastName": "Harper",
	"SystemUser": "",
	"Initials": "AH",
	"GenderCode": "F",
	"PhoneNumber": "+496065470312",
	"FaxNumber": "+496065470004",
	"MobilePhoneNumber": "+4921065470312",
	"EmailAddress": "alexis.harper@flor-hc.com",
	"PreferredLanguage": "EN",
	"FormattedContactName": "Alexis Harper"
}, {
	"ContactPersonUUID": "00505691-2EC5-1ED5-AFD6-D5DBE9E760D3",
	"FirstName": "Carolyn",
	"MiddleName": "Lee",
	"LastName": "Yale",
	"SystemUser": "YALECARO",
	"Initials": "CY",
	"GenderCode": "F",
	"PhoneNumber": "+4933432584290",
	"FaxNumber": "+496065470004",
	"MobilePhoneNumber": "+4950791662061",
	"EmailAddress": "yale.carolyn@flor-hc.com",
	"PreferredLanguage": "EN",
	"FormattedContactName": "Carolyn Yale"
}, {
	"ContactPersonUUID": "00505691-2EC5-1ED5-AFD6-D5DBE9E780D3",
	"FirstName": "Cristal",
	"MiddleName": "",
	"LastName": "Alfaro",
	"SystemUser": "",
	"Initials": "CA",
	"GenderCode": "F",
	"PhoneNumber": "+497980023486",
	"FaxNumber": "+497980023004",
	"MobilePhoneNumber": "+49629377875",
	"EmailAddress": "c.alfaro@quimica-madrilenos.es",
	"PreferredLanguage": "EN",
	"FormattedContactName": "Cristal Alfaro"
}, {
	"ContactPersonUUID": "00505691-2EC5-1ED5-AFD6-D5DBE9E7A0D3",
	"FirstName": "Manuela",
	"MiddleName": "",
	"LastName": "Carmena",
	"SystemUser": "CARMENAMAN",
	"Initials": "CM",
	"GenderCode": "F",
	"PhoneNumber": "+497980023532",
	"FaxNumber": "+497980023004",
	"MobilePhoneNumber": "+49629377532",
	"EmailAddress": "manuela_carmena@quimica-madrilenos.es",
	"PreferredLanguage": "EN",
	"FormattedContactName": "Manuela Carmena"
}, {
	"ContactPersonUUID": "00505691-2EC5-1ED5-AFD6-D5DBE9E7C0D3",
	"FirstName": "Sven",
	"MiddleName": "",
	"LastName": "Janssen",
	"SystemUser": "",
	"Initials": "SJ",
	"GenderCode": "M",
	"PhoneNumber": "+493629731486",
	"FaxNumber": "+493629731004",
	"MobilePhoneNumber": "+4901529731486",
	"EmailAddress": "sven.j@getraenke-janssen.de",
	"PreferredLanguage": "EN",
	"FormattedContactName": "Sven Janssen"
}, {
	"ContactPersonUUID": "00505691-2EC5-1ED5-AFD6-D5DBE9E7E0D3",
	"FirstName": "Leah",
	"MiddleName": "",
	"LastName": "Aachen",
	"SystemUser": "AACHEN",
	"Initials": "LA",
	"GenderCode": "F",
	"PhoneNumber": "+4908942946478",
	"FaxNumber": "+493629731004",
	"MobilePhoneNumber": "+49017433486816",
	"EmailAddress": "leah.aachen@getraenke-janssen.de",
	"PreferredLanguage": "EN",
	"FormattedContactName": "Leah Aachen"
}, {
	"ContactPersonUUID": "00505691-2EC5-1ED5-AFD6-D5DBE9E800D3",
	"FirstName": "Yoshiko",
	"MiddleName": "",
	"LastName": "Kakuji",
	"SystemUser": "",
	"Initials": "YK",
	"GenderCode": "F",
	"PhoneNumber": "+493206580974",
	"FaxNumber": "+493206580004",
	"MobilePhoneNumber": "+498010003581",
	"EmailAddress": "yoshiko.kakuji@jateco.jp",
	"PreferredLanguage": "EN",
	"FormattedContactName": "Yoshiko Kakuji"
}, {
	"ContactPersonUUID": "00505691-2EC5-1ED5-AFD6-D5DBE9E820D3",
	"FirstName": "Kazuo",
	"MiddleName": "",
	"LastName": "Koike",
	"SystemUser": "KOIKEK",
	"Initials": "KK",
	"GenderCode": "M",
	"PhoneNumber": "+493206580531",
	"FaxNumber": "+493206580004",
	"MobilePhoneNumber": "+498010003523",
	"EmailAddress": "kazuo.koike@jateco.jp",
	"PreferredLanguage": "EN",
	"FormattedContactName": "Kazuo Koike"
}, {
	"ContactPersonUUID": "00505691-2EC5-1ED5-AFD6-D5DBE9E840D3",
	"FirstName": "Alessio",
	"MiddleName": "",
	"LastName": "Galasso",
	"SystemUser": "",
	"Initials": "AL",
	"GenderCode": "M",
	"PhoneNumber": "+494580963184",
	"FaxNumber": "+494580963004",
	"MobilePhoneNumber": "+4934588303001",
	"EmailAddress": "alessio.galasso@tcdr.it",
	"PreferredLanguage": "EN",
	"FormattedContactName": "Alessio Galasso"
}, {
	"ContactPersonUUID": "00505691-2EC5-1ED5-AFD6-D5DBE9E860D3",
	"FirstName": "Lorella",
	"MiddleName": "",
	"LastName": "Bottegoni",
	"SystemUser": "BOTTEGONIL",
	"Initials": "LB",
	"GenderCode": "F",
	"PhoneNumber": "+492351073332",
	"FaxNumber": "+494580963004",
	"MobilePhoneNumber": "+494467553249",
	"EmailAddress": "lorella.santucci@tcdr.it",
	"PreferredLanguage": "EN",
	"FormattedContactName": "Lorella Bottegoni"
}, {
	"ContactPersonUUID": "00505691-2EC5-1ED5-AFD6-D5DBE9E880D3",
	"FirstName": "Romain",
	"MiddleName": "",
	"LastName": "Le Mason",
	"SystemUser": "",
	"Initials": "RL",
	"GenderCode": "M",
	"PhoneNumber": "+491012697341",
	"FaxNumber": "+491012697004",
	"MobilePhoneNumber": "+49642865493",
	"EmailAddress": "romain.le_mason@verdo.fr",
	"PreferredLanguage": "EN",
	"FormattedContactName": "Romain Le Mason"
}, {
	"ContactPersonUUID": "00505691-2EC5-1ED5-AFD6-D5DBE9E8A0D3",
	"FirstName": "Sebastien",
	"MiddleName": "Andrew",
	"LastName": "Frati",
	"SystemUser": "FRATISEB",
	"Initials": "SF",
	"GenderCode": "M",
	"PhoneNumber": "+49444228-6270",
	"FaxNumber": "+491012697004",
	"MobilePhoneNumber": "+49624492267",
	"EmailAddress": "sebastien.frati@verdo.fr",
	"PreferredLanguage": "EN",
	"FormattedContactName": "Sebastien Frati"
}, {
	"ContactPersonUUID": "00505691-2EC5-1ED5-AFD6-D5DBE9E8C0D3",
	"FirstName": "Martha",
	"MiddleName": "",
	"LastName": "Calcagno",
	"SystemUser": "",
	"Initials": "MC",
	"GenderCode": "F",
	"PhoneNumber": "+497345697824",
	"FaxNumber": "+497345697004",
	"MobilePhoneNumber": "+4991138321194",
	"EmailAddress": "martha.calcagno@dpg.ar",
	"PreferredLanguage": "EN",
	"FormattedContactName": "Martha Calcagno"
}, {
	"ContactPersonUUID": "00505691-2EC5-1ED5-AFD6-D5DBE9E8E0D3",
	"FirstName": "Nicolas",
	"MiddleName": "Pablo",
	"LastName": "Borio",
	"SystemUser": "BORIONIC",
	"Initials": "NB",
	"GenderCode": "M",
	"PhoneNumber": "+491145593331",
	"FaxNumber": "+497345697004",
	"MobilePhoneNumber": "+4991154191469",
	"EmailAddress": "nicolas.borio@dpg.ar",
	"PreferredLanguage": "EN",
	"FormattedContactName": "Nicolas Borio"
}, {
	"ContactPersonUUID": "00505691-2EC5-1ED5-AFD6-D5DBE9E900D3",
	"FirstName": "Beatriz",
	"MiddleName": "",
	"LastName": "da Silva",
	"SystemUser": "",
	"Initials": "BdS",
	"GenderCode": "F",
	"PhoneNumber": "+49469614115",
	"FaxNumber": "+49469614004",
	"MobilePhoneNumber": "+49117930811702",
	"EmailAddress": "beatriz.da_silva@brazil-tec.br",
	"PreferredLanguage": "EN",
	"FormattedContactName": "Beatriz da Silva"
}, {
	"ContactPersonUUID": "00505691-2EC5-1ED5-AFD6-D5DBE9E920D3",
	"FirstName": "Isabelle",
	"MiddleName": "Nado",
	"LastName": "Alves",
	"SystemUser": "ALVES",
	"Initials": "IA",
	"GenderCode": "F",
	"PhoneNumber": "+491117093497",
	"FaxNumber": "+49469614004",
	"MobilePhoneNumber": "+49277923902102",
	"EmailAddress": "alves.isabelle@brazil-tec.br",
	"PreferredLanguage": "EN",
	"FormattedContactName": "Isabelle Alves"
}, {
	"ContactPersonUUID": "00505691-2EC5-1ED5-AFD6-D5DBE9E940D3",
	"FirstName": "Anthony",
	"MiddleName": "",
	"LastName": "Leboeuf",
	"SystemUser": "",
	"Initials": "AL",
	"GenderCode": "M",
	"PhoneNumber": "+496839542781",
	"FaxNumber": "+496839542004",
	"MobilePhoneNumber": "+495145015122",
	"EmailAddress": "anthony.lebouef@crtu.ca",
	"PreferredLanguage": "EN",
	"FormattedContactName": "Anthony Leboeuf"
}, {
	"ContactPersonUUID": "00505691-2EC5-1ED5-AFD6-D5DBE9E960D3",
	"FirstName": "Pascale",
	"MiddleName": "",
	"LastName": "Monty-Demers",
	"SystemUser": "MONTY-DEMERS",
	"Initials": "PM",
	"GenderCode": "F",
	"PhoneNumber": "+4915132282099",
	"FaxNumber": "+496839542004",
	"MobilePhoneNumber": "+4915135157423",
	"EmailAddress": "pascale.monty-demers@crtu.ca",
	"PreferredLanguage": "EN",
	"FormattedContactName": "Pascale Monty-Demers"
}, {
	"ContactPersonUUID": "00505691-2EC5-1ED5-AFD6-D5DBE9E980D3",
	"FirstName": "Lisa",
	"MiddleName": "",
	"LastName": "Felske",
	"SystemUser": "",
	"Initials": "LF",
	"GenderCode": "F",
	"PhoneNumber": "+496714954542",
	"FaxNumber": "+496714954004",
	"MobilePhoneNumber": "+49792644206",
	"EmailAddress": "lisa.felske@jologa.ch",
	"PreferredLanguage": "EN",
	"FormattedContactName": "Lisa Felske"
}, {
	"ContactPersonUUID": "00505691-2EC5-1ED5-AFD6-D5DBE9E9A0D3",
	"FirstName": "Hansjoerg",
	"MiddleName": "",
	"LastName": "Wegmann",
	"SystemUser": "WEGMANNH",
	"Initials": "HW",
	"GenderCode": "M",
	"PhoneNumber": "+4941688716735",
	"FaxNumber": "+496714954004",
	"MobilePhoneNumber": "+4941793032712",
	"EmailAddress": "hansjoerg.wegmann@jologa.ch",
	"PreferredLanguage": "EN",
	"FormattedContactName": "Hansjoerg Wegmann"
}, {
	"ContactPersonUUID": "00505691-2EC5-1ED5-AFD6-D5DBE9E9C0D3",
	"FirstName": "Jonathan",
	"MiddleName": "Dwight",
	"LastName": "Mason",
	"SystemUser": "",
	"Initials": "JM",
	"GenderCode": "M",
	"PhoneNumber": "+492483693027",
	"FaxNumber": "+492483693004",
	"MobilePhoneNumber": "+492145976761",
	"EmailAddress": "jonathan.d.mason@baleda.com",
	"PreferredLanguage": "EN",
	"FormattedContactName": "Jonathan Mason"
}, {
	"ContactPersonUUID": "00505691-2EC5-1ED5-AFD6-D5DBE9E9E0D3",
	"FirstName": "Bruce",
	"MiddleName": "",
	"LastName": "Ford",
	"SystemUser": "FORDBRUC",
	"Initials": "BF",
	"GenderCode": "M",
	"PhoneNumber": "+4998910935630",
	"FaxNumber": "+492483693004",
	"MobilePhoneNumber": "+4921592075530",
	"EmailAddress": "bruce.ford@baleda.com",
	"PreferredLanguage": "EN",
	"FormattedContactName": "Bruce Ford"
}, {
	"ContactPersonUUID": "00505691-2EC5-1ED5-AFD6-D5DBE9EA00D3",
	"FirstName": "Amélie",
	"MiddleName": "",
	"LastName": "Troyat",
	"SystemUser": "",
	"Initials": "AT",
	"GenderCode": "F",
	"PhoneNumber": "+492094573421",
	"FaxNumber": "+492094573004",
	"MobilePhoneNumber": "+49613371485",
	"EmailAddress": "amelie.troyat@angere.fr",
	"PreferredLanguage": "EN",
	"FormattedContactName": "Amélie Troyat"
}, {
	"ContactPersonUUID": "00505691-2EC5-1ED5-AFD6-D5DBE9EA20D3",
	"FirstName": "Fouad",
	"MiddleName": "Reda",
	"LastName": "Martin",
	"SystemUser": "MARTINFO",
	"Initials": "FM",
	"GenderCode": "M",
	"PhoneNumber": "+4933493286325",
	"FaxNumber": "+492094573004",
	"MobilePhoneNumber": "+4933685126116",
	"EmailAddress": "fouad.martin@angere.fr",
	"PreferredLanguage": "EN",
	"FormattedContactName": "Fouad Martin"
}, {
	"ContactPersonUUID": "00505691-2EC5-1ED5-AFD6-D5DBE9EA40D3",
	"FirstName": "Pete",
	"MiddleName": "",
	"LastName": "Waltham",
	"SystemUser": "",
	"Initials": "PW",
	"GenderCode": "M",
	"PhoneNumber": "+494136278910",
	"FaxNumber": "+494136278004",
	"MobilePhoneNumber": "+493312141512",
	"EmailAddress": "pete_waltham@pc-gym-tec.com",
	"PreferredLanguage": "EN",
	"FormattedContactName": "Pete Waltham"
}, {
	"ContactPersonUUID": "00505691-2EC5-1ED5-AFD6-D5DBE9EA60D3",
	"FirstName": "Sandra",
	"MiddleName": "Gabrielle",
	"LastName": "Creech",
	"SystemUser": "CREECHSA",
	"Initials": "SC",
	"GenderCode": "F",
	"PhoneNumber": "+4938687695619",
	"FaxNumber": "+494136278004",
	"MobilePhoneNumber": "+4961855546415",
	"EmailAddress": "sandra.creech@pc-gym-tec.com",
	"PreferredLanguage": "EN",
	"FormattedContactName": "Sandra Creech"
}, {
	"ContactPersonUUID": "00505691-2EC5-1ED5-AFD6-D5DBE9EA80D3",
	"FirstName": "Ryu",
	"MiddleName": "",
	"LastName": "Toshiro",
	"SystemUser": "",
	"Initials": "RT",
	"GenderCode": "M",
	"PhoneNumber": "+493540671320",
	"FaxNumber": "+493540671004",
	"MobilePhoneNumber": "+499055534479",
	"EmailAddress": "ryu.toshiro@jip.jp",
	"PreferredLanguage": "EN",
	"FormattedContactName": "Ryu Toshiro"
}, {
	"ContactPersonUUID": "00505691-2EC5-1ED5-AFD6-D5DBE9EAA0D3",
	"FirstName": "Wenyun",
	"MiddleName": "",
	"LastName": "Hen",
	"SystemUser": "HENWEN",
	"Initials": "WH",
	"GenderCode": "F",
	"PhoneNumber": "+493540671323",
	"FaxNumber": "+493540671004",
	"MobilePhoneNumber": "+49818080676003",
	"EmailAddress": "wenyun.hen@jip.jp",
	"PreferredLanguage": "EN",
	"FormattedContactName": "Wenyun Hen"
}, {
	"ContactPersonUUID": "00505691-2EC5-1ED5-AFD6-D5DBE9EAC0D3",
	"FirstName": "José",
	"MiddleName": "",
	"LastName": "Lopez",
	"SystemUser": "",
	"Initials": "JL",
	"GenderCode": "M",
	"PhoneNumber": "+497315064077",
	"FaxNumber": "+497315064004",
	"MobilePhoneNumber": "+4991138321172",
	"EmailAddress": "jose-lopez@en-ar.ar",
	"PreferredLanguage": "EN",
	"FormattedContactName": "José Lopez"
}, {
	"ContactPersonUUID": "00505691-2EC5-1ED5-AFD6-D5DBE9EAE0D3",
	"FirstName": "Melisa",
	"MiddleName": "Mariela",
	"LastName": "Guetta",
	"SystemUser": "GUETTAMEL",
	"Initials": "MG",
	"GenderCode": "F",
	"PhoneNumber": "+491148923058",
	"FaxNumber": "+497315064004",
	"MobilePhoneNumber": "+4991138441232",
	"EmailAddress": "melisa.guetta@en-ar.ar",
	"PreferredLanguage": "EN",
	"FormattedContactName": "Melisa Guetta"
}, {
	"ContactPersonUUID": "00505691-2EC5-1ED5-AFD6-D5DBE9EB00D3",
	"FirstName": "Dahoma",
	"MiddleName": "",
	"LastName": "Lawla",
	"SystemUser": "",
	"Initials": "DL",
	"GenderCode": "M",
	"PhoneNumber": "+494381762683",
	"FaxNumber": "+494381762004",
	"MobilePhoneNumber": "+49734472882",
	"EmailAddress": "dahoma.lawla@agadc.co.za",
	"PreferredLanguage": "EN",
	"FormattedContactName": "Dahoma Lawla"
}, {
	"ContactPersonUUID": "00505691-2EC5-1ED5-AFD6-D5DBE9EB20D3",
	"FirstName": "Nonkululeko",
	"MiddleName": "Estelle",
	"LastName": "Van Der Walt",
	"SystemUser": "VANDERWALTNO",
	"Initials": "NvdW",
	"GenderCode": "F",
	"PhoneNumber": "+4927114356142",
	"FaxNumber": "+494381762004",
	"MobilePhoneNumber": "+4927824657926",
	"EmailAddress": "nonkululeko.van.der.walt@agadc.co.za",
	"PreferredLanguage": "EN",
	"FormattedContactName": "Nonkululeko Van Der Walt"
}, {
	"ContactPersonUUID": "00505691-2EC5-1ED5-AFD6-D5DBE9EB40D3",
	"FirstName": "Jefferson",
	"MiddleName": "",
	"LastName": "Parker",
	"SystemUser": "",
	"Initials": "JP",
	"GenderCode": "M",
	"PhoneNumber": "+499703586412",
	"FaxNumber": "+499703586004",
	"MobilePhoneNumber": "+4921581526401",
	"EmailAddress": "jefferson.parker@pico-bit.com",
	"PreferredLanguage": "EN",
	"FormattedContactName": "Jefferson Parker"
}, {
	"ContactPersonUUID": "00505691-2EC5-1ED5-AFD6-D5DBE9EB60D3",
	"FirstName": "Steve",
	"MiddleName": "Lucas",
	"LastName": "Gallion",
	"SystemUser": "GALLIONST",
	"Initials": "SG",
	"GenderCode": "M",
	"PhoneNumber": "+4925243729678",
	"FaxNumber": "+499703586004",
	"MobilePhoneNumber": "+4920575430672",
	"EmailAddress": "steve.gallion@pico-bit.com",
	"PreferredLanguage": "EN",
	"FormattedContactName": "Steve Gallion"
}, {
	"ContactPersonUUID": "00505691-2EC5-1ED5-AFD6-D5DBE9EB80D3",
	"FirstName": "Tamara",
	"MiddleName": "",
	"LastName": "Flaig",
	"SystemUser": "",
	"Initials": "TF",
	"GenderCode": "F",
	"PhoneNumber": "+496843585642",
	"FaxNumber": "+496843585004",
	"MobilePhoneNumber": "+49015567833882",
	"EmailAddress": "tamara.flaig@brl-ag.de",
	"PreferredLanguage": "EN",
	"FormattedContactName": "Tamara Flaig"
}, {
	"ContactPersonUUID": "00505691-2EC5-1ED5-AFD6-D5DBE9EBA0D3",
	"FirstName": "Lukas",
	"MiddleName": "Toby",
	"LastName": "Fleischer",
	"SystemUser": "FLEISCHERLUK",
	"Initials": "LF",
	"GenderCode": "M",
	"PhoneNumber": "+496843585665",
	"FaxNumber": "+496843585004",
	"MobilePhoneNumber": "+49015034318581",
	"EmailAddress": "lukas.fleischer@brl-ag.de",
	"PreferredLanguage": "EN",
	"FormattedContactName": "Lukas Fleischer"
}, {
	"ContactPersonUUID": "00505691-2EC5-1ED5-AFD6-D5DBE9EBC0D3",
	"FirstName": "Sunita",
	"MiddleName": "",
	"LastName": "Kapoor",
	"SystemUser": "",
	"Initials": "SK",
	"GenderCode": "F",
	"PhoneNumber": "+494203876954",
	"FaxNumber": "+494203876004",
	"MobilePhoneNumber": "+493125506947",
	"EmailAddress": "sunita-kapoor@it-trade.in",
	"PreferredLanguage": "EN",
	"FormattedContactName": "Sunita Kapoor"
}, {
	"ContactPersonUUID": "00505691-2EC5-1ED5-AFD6-D5DBE9EBE0D3",
	"FirstName": "Rayan",
	"MiddleName": "Harshit",
	"LastName": "Shah",
	"SystemUser": "SHAHRAYAN",
	"Initials": "RS",
	"GenderCode": "M",
	"PhoneNumber": "+49919026334553",
	"FaxNumber": "+494203876004",
	"MobilePhoneNumber": "+49919868169167",
	"EmailAddress": "rayan.shah@it-trade.in",
	"PreferredLanguage": "EN",
	"FormattedContactName": "Rayan Shah"
}, {
	"ContactPersonUUID": "00505691-2EC5-1ED5-AFD6-D5DBE9EC00D3",
	"FirstName": "Pawel",
	"MiddleName": "",
	"LastName": "Lewandowski",
	"SystemUser": "",
	"Initials": "PL",
	"GenderCode": "M",
	"PhoneNumber": "+498367920106",
	"FaxNumber": "+498367920004",
	"MobilePhoneNumber": "+49505107953",
	"EmailAddress": "pawel-lewandoski@catf.pl",
	"PreferredLanguage": "EN",
	"FormattedContactName": "Pawel Lewandowski"
}, {
	"ContactPersonUUID": "00505691-2EC5-1ED5-AFD6-D5DBE9EC20D3",
	"FirstName": "Michal",
	"MiddleName": "",
	"LastName": "Jezienicki",
	"SystemUser": "JEZIENICKI",
	"Initials": "MJ",
	"GenderCode": "M",
	"PhoneNumber": "+4948226415728",
	"FaxNumber": "+498367920004",
	"MobilePhoneNumber": "+4948506201882",
	"EmailAddress": "michaljezienicki@catf.pl",
	"PreferredLanguage": "EN",
	"FormattedContactName": "Michal Jezienicki"
}, {
	"ContactPersonUUID": "00505691-2EC5-1ED5-AFD6-D5DBE9EC40D3",
	"FirstName": "Laura",
	"MiddleName": "",
	"LastName": "Campillo",
	"SystemUser": "",
	"Initials": "LC",
	"GenderCode": "F",
	"PhoneNumber": "+491438907230",
	"FaxNumber": "+491438907004",
	"MobilePhoneNumber": "+4991138321138",
	"EmailAddress": "laura.campillo@saitc.ar",
	"PreferredLanguage": "EN",
	"FormattedContactName": "Laura Campillo"
}, {
	"ContactPersonUUID": "00505691-2EC5-1ED5-AFD6-D5DBE9EC60D3",
	"FirstName": "Guillermo",
	"MiddleName": "Marcus",
	"LastName": "Ferrero",
	"SystemUser": "FERREROGU",
	"Initials": "GF",
	"GenderCode": "M",
	"PhoneNumber": "+491148943120",
	"FaxNumber": "+491438907004",
	"MobilePhoneNumber": "+4991154322000",
	"EmailAddress": "guillermo.ferrero@saitc.ar",
	"PreferredLanguage": "EN",
	"FormattedContactName": "Guillermo Ferrero"
}, {
	"ContactPersonUUID": "00505691-2EC5-1ED5-AFD6-D5DBE9EC80D3",
	"FirstName": "Jian",
	"MiddleName": "",
	"LastName": "Si",
	"SystemUser": "",
	"Initials": "JS",
	"GenderCode": "M",
	"PhoneNumber": "+497412697340",
	"FaxNumber": "+497412697004",
	"MobilePhoneNumber": "+496479751078",
	"EmailAddress": "jian.si@siwusha.cn",
	"PreferredLanguage": "EN",
	"FormattedContactName": "Jian Si"
}, {
	"ContactPersonUUID": "00505691-2EC5-1ED5-AFD6-D5DBE9ECA0D3",
	"FirstName": "Will",
	"MiddleName": "Mike",
	"LastName": "Shi",
	"SystemUser": "SHIWM",
	"Initials": "WS",
	"GenderCode": "M",
	"PhoneNumber": "+4902161045755",
	"FaxNumber": "+497412697004",
	"MobilePhoneNumber": "+4915150021398",
	"EmailAddress": "will.shi@siwusha.cn",
	"PreferredLanguage": "EN",
	"FormattedContactName": "Will Shi"
}, {
	"ContactPersonUUID": "00505691-2EC5-1ED5-AFD6-D5DBE9ECC0D3",
	"FirstName": "Frederik",
	"MiddleName": "",
	"LastName": "Christensen",
	"SystemUser": "",
	"Initials": "FC",
	"GenderCode": "M",
	"PhoneNumber": "+493102050749",
	"FaxNumber": "+493102050004",
	"MobilePhoneNumber": "+4929233248",
	"EmailAddress": "frederik.christensen@dftc.dk",
	"PreferredLanguage": "EN",
	"FormattedContactName": "Frederik Christensen"
}, {
	"ContactPersonUUID": "00505691-2EC5-1ED5-AFD6-D5DBE9ECE0D3",
	"FirstName": "Charlotte",
	"MiddleName": "Helle",
	"LastName": "Hojby",
	"SystemUser": "HOJBYCHARL",
	"Initials": "CH",
	"GenderCode": "F",
	"PhoneNumber": "+4939123312",
	"FaxNumber": "+493102050004",
	"MobilePhoneNumber": "+49529263510",
	"EmailAddress": "charlotte.hojby@dftc.dk",
	"PreferredLanguage": "EN",
	"FormattedContactName": "Charlotte Hojby"
}, {
	"ContactPersonUUID": "00505691-2EC5-1ED5-AFD6-D5DBE9ED00D3",
	"FirstName": "Mirjam",
	"MiddleName": "",
	"LastName": "Schmidt",
	"SystemUser": "",
	"Initials": "MS",
	"GenderCode": "F",
	"PhoneNumber": "+493102050749",
	"FaxNumber": "+493102050004",
	"MobilePhoneNumber": "+4901602050749",
	"EmailAddress": "mirjam.schmidt@sorali.de",
	"PreferredLanguage": "EN",
	"FormattedContactName": "Mirjam Schmidt"
}, {
	"ContactPersonUUID": "00505691-2EC5-1ED5-AFD6-D5DBE9ED20D3",
	"FirstName": "Klaus",
	"MiddleName": "Ulf",
	"LastName": "Cole",
	"SystemUser": "COLEK",
	"Initials": "KC",
	"GenderCode": "M",
	"PhoneNumber": "+490655315658392",
	"FaxNumber": "+493102050004",
	"MobilePhoneNumber": "+49016336334785",
	"EmailAddress": "klaus.cole@sorali.de",
	"PreferredLanguage": "EN",
	"FormattedContactName": "Klaus Cole"
}]
