[{
	"DraftUUID": "00000000-0000-0000-0000-000000000000",
	"Product": "HT-1000",
	"ProductForEdit": "HT-1000",
	"ProductCategory": "Notebooks",
	"Price": 956.00,
	"Currency": "USD",
	"Height": "3.000",
	"Width": "30.000",
	"Depth": "18.000",
	"DimensionUnit": "CM",
	"ProductPictureURL": "HT-1000.jpg",
	"Supplier": "100000000",
	"ProductBaseUnit": "EA",
	"Weight": "4.200",
	"WeightUnit": "KG",
	"OriginalLanguage": "EN",
	"IsActiveEntity": true,
	"HasActiveEntity": false,
	"HasDraftEntity": false
}, {
	"DraftUUID": "00000000-0000-0000-0000-000000000000",
	"Product": "HT-1001",
	"ProductForEdit": "HT-1001",
	"ProductCategory": "Notebooks",
	"Price": 1249.00,
	"Currency": "USD",
	"Height": "3.100",
	"Width": "29.000",
	"Depth": "17.000",
	"DimensionUnit": "CM",
	"ProductPictureURL": "HT-1001.jpg",
	"Supplier": "100000001",
	"ProductBaseUnit": "EA",
	"Weight": "4.500",
	"WeightUnit": "KG",
	"OriginalLanguage": "EN",
	"IsActiveEntity": true,
	"HasActiveEntity": false,
	"HasDraftEntity": false
}, {
	"DraftUUID": "00000000-0000-0000-0000-000000000000",
	"Product": "HT-1002",
	"ProductForEdit": "HT-1002",
	"ProductCategory": "Notebooks",
	"Price": 1570.00,
	"Currency": "USD",
	"Height": "2.500",
	"Width": "28.000",
	"Depth": "19.000",
	"DimensionUnit": "CM",
	"ProductPictureURL": "HT-1002.jpg",
	"Supplier": "100000002",
	"ProductBaseUnit": "EA",
	"Weight": "4.200",
	"WeightUnit": "KG",
	"OriginalLanguage": "EN",
	"IsActiveEntity": true,
	"HasActiveEntity": false,
	"HasDraftEntity": false
}, {
	"DraftUUID": "00000000-0000-0000-0000-000000000000",
	"Product": "HT-1003",
	"ProductForEdit": "HT-1003",
	"ProductCategory": "Notebooks",
	"Price": 1650.00,
	"Currency": "USD",
	"Height": "4.000",
	"Width": "32.000",
	"Depth": "21.000",
	"DimensionUnit": "CM",
	"ProductPictureURL": "HT-1003.jpg",
	"Supplier": "100000003",
	"ProductBaseUnit": "EA",
	"Weight": "4.200",
	"WeightUnit": "KG",
	"OriginalLanguage": "EN",
	"IsActiveEntity": true,
	"HasActiveEntity": false,
	"HasDraftEntity": false
}, {
	"DraftUUID": "00000000-0000-0000-0000-000000000000",
	"Product": "HT-1007",
	"ProductForEdit": "HT-1007",
	"ProductCategory": "PDAs & Organizers",
	"Price": 299.00,
	"Currency": "USD",
	"Height": "3.000",
	"Width": "32.000",
	"Depth": "22.000",
	"DimensionUnit": "CM",
	"ProductPictureURL": "HT-1007.jpg",
	"Supplier": "100000004",
	"ProductBaseUnit": "EA",
	"Weight": "0.200",
	"WeightUnit": "KG",
	"OriginalLanguage": "EN",
	"IsActiveEntity": true,
	"HasActiveEntity": false,
	"HasDraftEntity": false
}, {
	"DraftUUID": "00000000-0000-0000-0000-000000000000",
	"Product": "HT-1010",
	"ProductForEdit": "HT-1010",
	"ProductCategory": "Notebooks",
	"Price": 1999.00,
	"Currency": "USD",
	"Height": "3.000",
	"Width": "33.000",
	"Depth": "20.000",
	"DimensionUnit": "CM",
	"ProductPictureURL": "HT-1010.jpg",
	"Supplier": "100000005",
	"ProductBaseUnit": "EA",
	"Weight": "4.300",
	"WeightUnit": "KG",
	"OriginalLanguage": "EN",
	"IsActiveEntity": true,
	"HasActiveEntity": false,
	"HasDraftEntity": false
}, {
	"DraftUUID": "00000000-0000-0000-0000-000000000000",
	"Product": "HT-1011",
	"ProductForEdit": "HT-1011",
	"ProductCategory": "Notebooks",
	"Price": 2299.00,
	"Currency": "USD",
	"Height": "2.000",
	"Width": "33.000",
	"Depth": "23.000",
	"DimensionUnit": "CM",
	"ProductPictureURL": "HT-1011.jpg",
	"Supplier": "100000006",
	"ProductBaseUnit": "EA",
	"Weight": "4.100",
	"WeightUnit": "KG",
	"OriginalLanguage": "EN",
	"IsActiveEntity": true,
	"HasActiveEntity": false,
	"HasDraftEntity": false
}, {
	"DraftUUID": "00000000-0000-0000-0000-000000000000",
	"Product": "HT-1020",
	"ProductForEdit": "HT-1020",
	"ProductCategory": "PDAs & Organizers",
	"Price": 459.00,
	"Currency": "USD",
	"Height": "17.000",
	"Width": "10.000",
	"Depth": "1.800",
	"DimensionUnit": "CM",
	"ProductPictureURL": "HT-1020.jpg",
	"Supplier": "100000007",
	"ProductBaseUnit": "EA",
	"Weight": "0.160",
	"WeightUnit": "KG",
	"OriginalLanguage": "EN",
	"IsActiveEntity": true,
	"HasActiveEntity": false,
	"HasDraftEntity": false
}, {
	"DraftUUID": "00000000-0000-0000-0000-000000000000",
	"Product": "HT-1021",
	"ProductForEdit": "HT-1021",
	"ProductCategory": "PDAs & Organizers",
	"Price": 149.00,
	"Currency": "USD",
	"Height": "18.000",
	"Width": "11.000",
	"Depth": "1.700",
	"DimensionUnit": "CM",
	"ProductPictureURL": "HT-1021.jpg",
	"Supplier": "100000008",
	"ProductBaseUnit": "EA",
	"Weight": "0.180",
	"WeightUnit": "KG",
	"OriginalLanguage": "EN",
	"IsActiveEntity": true,
	"HasActiveEntity": false,
	"HasDraftEntity": false
}, {
	"DraftUUID": "00000000-0000-0000-0000-000000000000",
	"Product": "HT-1022",
	"ProductForEdit": "HT-1022",
	"ProductCategory": "PDAs & Organizers",
	"Price": 1679.00,
	"Currency": "USD",
	"Height": "14.000",
	"Width": "84.000",
	"Depth": "1.500",
	"DimensionUnit": "CM",
	"ProductPictureURL": "HT-1022.jpg",
	"Supplier": "100000009",
	"ProductBaseUnit": "EA",
	"Weight": "0.200",
	"WeightUnit": "KG",
	"OriginalLanguage": "EN",
	"IsActiveEntity": true,
	"HasActiveEntity": false,
	"HasDraftEntity": false
}, {
	"DraftUUID": "00000000-0000-0000-0000-000000000000",
	"Product": "HT-1023",
	"ProductForEdit": "HT-1023",
	"ProductCategory": "PDAs & Organizers",
	"Price": 512.00,
	"Currency": "USD",
	"Height": "13.000",
	"Width": "80.000",
	"Depth": "1.600",
	"DimensionUnit": "CM",
	"ProductPictureURL": "HT-1023.jpg",
	"Supplier": "100000010",
	"ProductBaseUnit": "EA",
	"Weight": "0.800",
	"WeightUnit": "KG",
	"OriginalLanguage": "EN",
	"IsActiveEntity": true,
	"HasActiveEntity": false,
	"HasDraftEntity": false
}, {
	"DraftUUID": "00000000-0000-0000-0000-000000000000",
	"Product": "HT-1030",
	"ProductForEdit": "HT-1030",
	"ProductCategory": "Flat Screen Monitors",
	"Price": 230.00,
	"Currency": "USD",
	"Height": "36.000",
	"Width": "37.000",
	"Depth": "12.000",
	"DimensionUnit": "CM",
	"ProductPictureURL": "HT-1030.jpg",
	"Supplier": "100000011",
	"ProductBaseUnit": "EA",
	"Weight": "21.000",
	"WeightUnit": "KG",
	"OriginalLanguage": "EN",
	"IsActiveEntity": true,
	"HasActiveEntity": false,
	"HasDraftEntity": false
}, {
	"DraftUUID": "00000000-0000-0000-0000-000000000000",
	"Product": "HT-1031",
	"ProductForEdit": "HT-1031",
	"ProductCategory": "Flat Screen Monitors",
	"Price": 285.00,
	"Currency": "USD",
	"Height": "43.000",
	"Width": "40.800",
	"Depth": "19.000",
	"DimensionUnit": "CM",
	"ProductPictureURL": "HT-1031.jpg",
	"Supplier": "100000012",
	"ProductBaseUnit": "EA",
	"Weight": "21.000",
	"WeightUnit": "KG",
	"OriginalLanguage": "EN",
	"IsActiveEntity": true,
	"HasActiveEntity": false,
	"HasDraftEntity": false
}, {
	"DraftUUID": "00000000-0000-0000-0000-000000000000",
	"Product": "HT-1032",
	"ProductForEdit": "HT-1032",
	"ProductCategory": "Flat Screen Monitors",
	"Price": 345.00,
	"Currency": "USD",
	"Height": "43.000",
	"Width": "40.800",
	"Depth": "19.000",
	"DimensionUnit": "CM",
	"ProductPictureURL": "HT-1032.jpg",
	"Supplier": "100000013",
	"ProductBaseUnit": "EA",
	"Weight": "21.000",
	"WeightUnit": "KG",
	"OriginalLanguage": "EN",
	"IsActiveEntity": true,
	"HasActiveEntity": false,
	"HasDraftEntity": false
}, {
	"DraftUUID": "00000000-0000-0000-0000-000000000000",
	"Product": "HT-1035",
	"ProductForEdit": "HT-1035",
	"ProductCategory": "Flat Screen Monitors",
	"Price": 399.00,
	"Currency": "USD",
	"Height": "41.000",
	"Width": "39.000",
	"Depth": "20.000",
	"DimensionUnit": "CM",
	"ProductPictureURL": "HT-1035.jpg",
	"Supplier": "100000014",
	"ProductBaseUnit": "EA",
	"Weight": "14.000",
	"WeightUnit": "KG",
	"OriginalLanguage": "EN",
	"IsActiveEntity": true,
	"HasActiveEntity": false,
	"HasDraftEntity": false
}, {
	"DraftUUID": "00000000-0000-0000-0000-000000000000",
	"Product": "HT-1036",
	"ProductForEdit": "HT-1036",
	"ProductCategory": "Flat Screen Monitors",
	"Price": 430.00,
	"Currency": "USD",
	"Height": "46.000",
	"Width": "45.000",
	"Depth": "26.000",
	"DimensionUnit": "CM",
	"ProductPictureURL": "HT-1036.jpg",
	"Supplier": "100000015",
	"ProductBaseUnit": "EA",
	"Weight": "15.000",
	"WeightUnit": "KG",
	"OriginalLanguage": "EN",
	"IsActiveEntity": true,
	"HasActiveEntity": false,
	"HasDraftEntity": false
}, {
	"DraftUUID": "00000000-0000-0000-0000-000000000000",
	"Product": "HT-1037",
	"ProductForEdit": "HT-1037",
	"ProductCategory": "Flat Screen Monitors",
	"Price": 1230.00,
	"Currency": "USD",
	"Height": "39.100",
	"Width": "54.500",
	"Depth": "22.100",
	"DimensionUnit": "CM",
	"ProductPictureURL": "HT-1037.jpg",
	"Supplier": "100000016",
	"ProductBaseUnit": "EA",
	"Weight": "17.000",
	"WeightUnit": "KG",
	"OriginalLanguage": "EN",
	"IsActiveEntity": true,
	"HasActiveEntity": false,
	"HasDraftEntity": false
}, {
	"DraftUUID": "00000000-0000-0000-0000-000000000000",
	"Product": "HT-1040",
	"ProductForEdit": "HT-1040",
	"ProductCategory": "Laser Printers",
	"Price": 830.00,
	"Currency": "USD",
	"Height": "30.000",
	"Width": "51.000",
	"Depth": "46.000",
	"DimensionUnit": "CM",
	"ProductPictureURL": "HT-1040.jpg",
	"Supplier": "100000017",
	"ProductBaseUnit": "EA",
	"Weight": "32.000",
	"WeightUnit": "KG",
	"OriginalLanguage": "EN",
	"IsActiveEntity": true,
	"HasActiveEntity": false,
	"HasDraftEntity": false
}, {
	"DraftUUID": "00000000-0000-0000-0000-000000000000",
	"Product": "HT-1041",
	"ProductForEdit": "HT-1041",
	"ProductCategory": "Laser Printers",
	"Price": 490.00,
	"Currency": "USD",
	"Height": "26.000",
	"Width": "48.000",
	"Depth": "42.000",
	"DimensionUnit": "CM",
	"ProductPictureURL": "HT-1041.jpg",
	"Supplier": "100000018",
	"ProductBaseUnit": "EA",
	"Weight": "23.000",
	"WeightUnit": "KG",
	"OriginalLanguage": "EN",
	"IsActiveEntity": true,
	"HasActiveEntity": false,
	"HasDraftEntity": false
}, {
	"DraftUUID": "00000000-0000-0000-0000-000000000000",
	"Product": "HT-1042",
	"ProductForEdit": "HT-1042",
	"ProductCategory": "Laser Printers",
	"Price": 349.00,
	"Currency": "USD",
	"Height": "65.000",
	"Width": "53.000",
	"Depth": "50.000",
	"DimensionUnit": "CM",
	"ProductPictureURL": "HT-1042.jpg",
	"Supplier": "100000019",
	"ProductBaseUnit": "EA",
	"Weight": "17.000",
	"WeightUnit": "KG",
	"OriginalLanguage": "EN",
	"IsActiveEntity": true,
	"HasActiveEntity": false,
	"HasDraftEntity": false
}, {
	"DraftUUID": "00000000-0000-0000-0000-000000000000",
	"Product": "HT-1050",
	"ProductForEdit": "HT-1050",
	"ProductCategory": "Ink Jet Printers",
	"Price": 139.00,
	"Currency": "USD",
	"Height": "28.000",
	"Width": "41.000",
	"Depth": "41.000",
	"DimensionUnit": "CM",
	"ProductPictureURL": "HT-1050.jpg",
	"Supplier": "100000020",
	"ProductBaseUnit": "EA",
	"Weight": "3.000",
	"WeightUnit": "KG",
	"OriginalLanguage": "EN",
	"IsActiveEntity": true,
	"HasActiveEntity": false,
	"HasDraftEntity": false
}, {
	"DraftUUID": "00000000-0000-0000-0000-000000000000",
	"Product": "HT-1051",
	"ProductForEdit": "HT-1051",
	"ProductCategory": "Ink Jet Printers",
	"Price": 99.00,
	"Currency": "USD",
	"Height": "25.000",
	"Width": "46.000",
	"Depth": "32.000",
	"DimensionUnit": "CM",
	"ProductPictureURL": "HT-1051.jpg",
	"Supplier": "100000021",
	"ProductBaseUnit": "EA",
	"Weight": "1.900",
	"WeightUnit": "KG",
	"OriginalLanguage": "EN",
	"IsActiveEntity": true,
	"HasActiveEntity": false,
	"HasDraftEntity": false
}, {
	"DraftUUID": "00000000-0000-0000-0000-000000000000",
	"Product": "HT-1052",
	"ProductForEdit": "HT-1052",
	"ProductCategory": "Ink Jet Printers",
	"Price": 170.00,
	"Currency": "USD",
	"Height": "28.000",
	"Width": "41.000",
	"Depth": "41.000",
	"DimensionUnit": "CM",
	"ProductPictureURL": "HT-1052.jpg",
	"Supplier": "100000022",
	"ProductBaseUnit": "EA",
	"Weight": "18.000",
	"WeightUnit": "KG",
	"OriginalLanguage": "EN",
	"IsActiveEntity": true,
	"HasActiveEntity": false,
	"HasDraftEntity": false
}, {
	"DraftUUID": "00000000-0000-0000-0000-000000000000",
	"Product": "HT-1055",
	"ProductForEdit": "HT-1055",
	"ProductCategory": "Multifunction Printers",
	"Price": 99.00,
	"Currency": "USD",
	"Height": "29.000",
	"Width": "55.000",
	"Depth": "45.000",
	"DimensionUnit": "CM",
	"ProductPictureURL": "HT-1055.jpg",
	"Supplier": "100000023",
	"ProductBaseUnit": "EA",
	"Weight": "6.300",
	"WeightUnit": "KG",
	"OriginalLanguage": "EN",
	"IsActiveEntity": true,
	"HasActiveEntity": false,
	"HasDraftEntity": false
}, {
	"DraftUUID": "00000000-0000-0000-0000-000000000000",
	"Product": "HT-1056",
	"ProductForEdit": "HT-1056",
	"ProductCategory": "Multifunction Printers",
	"Price": 119.00,
	"Currency": "USD",
	"Height": "22.000",
	"Width": "51.000",
	"Depth": "41.300",
	"DimensionUnit": "CM",
	"ProductPictureURL": "HT-1056.jpg",
	"Supplier": "100000024",
	"ProductBaseUnit": "EA",
	"Weight": "4.300",
	"WeightUnit": "KG",
	"OriginalLanguage": "EN",
	"IsActiveEntity": true,
	"HasActiveEntity": false,
	"HasDraftEntity": false
}, {
	"DraftUUID": "00000000-0000-0000-0000-000000000000",
	"Product": "HT-1060",
	"ProductForEdit": "HT-1060",
	"ProductCategory": "Mice",
	"Price": 9.00,
	"Currency": "USD",
	"Height": "3.500",
	"Width": "6.000",
	"Depth": "14.500",
	"DimensionUnit": "CM",
	"ProductPictureURL": "HT-1060.jpg",
	"Supplier": "100000025",
	"ProductBaseUnit": "EA",
	"Weight": "0.090",
	"WeightUnit": "KG",
	"OriginalLanguage": "EN",
	"IsActiveEntity": true,
	"HasActiveEntity": false,
	"HasDraftEntity": false
}, {
	"DraftUUID": "00000000-0000-0000-0000-000000000000",
	"Product": "HT-1061",
	"ProductForEdit": "HT-1061",
	"ProductCategory": "Mice",
	"Price": 7.00,
	"Currency": "USD",
	"Height": "3.100",
	"Width": "7.000",
	"Depth": "15.000",
	"DimensionUnit": "CM",
	"ProductPictureURL": "HT-1061.jpg",
	"Supplier": "100000026",
	"ProductBaseUnit": "EA",
	"Weight": "0.090",
	"WeightUnit": "KG",
	"OriginalLanguage": "EN",
	"IsActiveEntity": true,
	"HasActiveEntity": false,
	"HasDraftEntity": false
}, {
	"DraftUUID": "00000000-0000-0000-0000-000000000000",
	"Product": "HT-1062",
	"ProductForEdit": "HT-1062",
	"ProductCategory": "Mice",
	"Price": 11.00,
	"Currency": "USD",
	"Height": "4.000",
	"Width": "3.000",
	"Depth": "7.000",
	"DimensionUnit": "CM",
	"ProductPictureURL": "HT-1062.jpg",
	"Supplier": "100000027",
	"ProductBaseUnit": "EA",
	"Weight": "0.030",
	"WeightUnit": "KG",
	"OriginalLanguage": "EN",
	"IsActiveEntity": true,
	"HasActiveEntity": false,
	"HasDraftEntity": false
}, {
	"DraftUUID": "00000000-0000-0000-0000-000000000000",
	"Product": "HT-1063",
	"ProductForEdit": "HT-1063",
	"ProductCategory": "Keyboards",
	"Price": 14.00,
	"Currency": "USD",
	"Height": "3.500",
	"Width": "50.000",
	"Depth": "21.000",
	"DimensionUnit": "CM",
	"ProductPictureURL": "HT-1063.jpg",
	"Supplier": "100000028",
	"ProductBaseUnit": "EA",
	"Weight": "2.100",
	"WeightUnit": "KG",
	"OriginalLanguage": "EN",
	"IsActiveEntity": true,
	"HasActiveEntity": false,
	"HasDraftEntity": false
}, {
	"DraftUUID": "00000000-0000-0000-0000-000000000000",
	"Product": "HT-1064",
	"ProductForEdit": "HT-1064",
	"ProductCategory": "Keyboards",
	"Price": 16.00,
	"Currency": "USD",
	"Height": "3.000",
	"Width": "52.000",
	"Depth": "25.000",
	"DimensionUnit": "CM",
	"ProductPictureURL": "HT-1064.jpg",
	"Supplier": "100000029",
	"ProductBaseUnit": "EA",
	"Weight": "1.800",
	"WeightUnit": "KG",
	"OriginalLanguage": "EN",
	"IsActiveEntity": true,
	"HasActiveEntity": false,
	"HasDraftEntity": false
}, {
	"DraftUUID": "00000000-0000-0000-0000-000000000000",
	"Product": "HT-1065",
	"ProductForEdit": "HT-1065",
	"ProductCategory": "Keyboards",
	"Price": 26.00,
	"Currency": "USD",
	"Height": "4.000",
	"Width": "51.400",
	"Depth": "23.000",
	"DimensionUnit": "CM",
	"ProductPictureURL": "HT-1065.jpg",
	"Supplier": "100000030",
	"ProductBaseUnit": "EA",
	"Weight": "2.300",
	"WeightUnit": "KG",
	"OriginalLanguage": "EN",
	"IsActiveEntity": true,
	"HasActiveEntity": false,
	"HasDraftEntity": false
}, {
	"DraftUUID": "00000000-0000-0000-0000-000000000000",
	"Product": "HT-1066",
	"ProductForEdit": "HT-1066",
	"ProductCategory": "Mousepads",
	"Price": 6.99,
	"Currency": "USD",
	"Height": "0.200",
	"Width": "15.000",
	"Depth": "6.000",
	"DimensionUnit": "CM",
	"ProductPictureURL": "HT-1066.jpg",
	"Supplier": "100000031",
	"ProductBaseUnit": "EA",
	"Weight": "80.000",
	"WeightUnit": "G",
	"OriginalLanguage": "EN",
	"IsActiveEntity": true,
	"HasActiveEntity": false,
	"HasDraftEntity": false
}, {
	"DraftUUID": "00000000-0000-0000-0000-000000000000",
	"Product": "HT-1067",
	"ProductForEdit": "HT-1067",
	"ProductCategory": "Mousepads",
	"Price": 8.99,
	"Currency": "USD",
	"Height": "0.200",
	"Width": "15.000",
	"Depth": "6.000",
	"DimensionUnit": "CM",
	"ProductPictureURL": "HT-1067.jpg",
	"Supplier": "100000032",
	"ProductBaseUnit": "EA",
	"Weight": "80.000",
	"WeightUnit": "G",
	"OriginalLanguage": "EN",
	"IsActiveEntity": true,
	"HasActiveEntity": false,
	"HasDraftEntity": false
}, {
	"DraftUUID": "00000000-0000-0000-0000-000000000000",
	"Product": "HT-1068",
	"ProductForEdit": "HT-1068",
	"ProductCategory": "Mousepads",
	"Price": 12.99,
	"Currency": "USD",
	"Height": "0.600",
	"Width": "24.000",
	"Depth": "24.000",
	"DimensionUnit": "CM",
	"ProductPictureURL": "HT-1068.jpg",
	"Supplier": "100000033",
	"ProductBaseUnit": "EA",
	"Weight": "90.000",
	"WeightUnit": "G",
	"OriginalLanguage": "EN",
	"IsActiveEntity": true,
	"HasActiveEntity": false,
	"HasDraftEntity": false
}, {
	"DraftUUID": "00000000-0000-0000-0000-000000000000",
	"Product": "HT-1069",
	"ProductForEdit": "HT-1069",
	"ProductCategory": "Computer System Accessories",
	"Price": 14.00,
	"Currency": "USD",
	"Height": "3.000",
	"Width": "6.000",
	"Depth": "6.000",
	"DimensionUnit": "CM",
	"ProductPictureURL": "HT-1069.jpg",
	"Supplier": "100000034",
	"ProductBaseUnit": "EA",
	"Weight": "45.000",
	"WeightUnit": "G",
	"OriginalLanguage": "EN",
	"IsActiveEntity": true,
	"HasActiveEntity": false,
	"HasDraftEntity": false
}, {
	"DraftUUID": "00000000-0000-0000-0000-000000000000",
	"Product": "HT-1070",
	"ProductForEdit": "HT-1070",
	"ProductCategory": "Graphic Cards",
	"Price": 70.90,
	"Currency": "USD",
	"Height": "17.000",
	"Width": "22.000",
	"Depth": "35.000",
	"DimensionUnit": "CM",
	"ProductPictureURL": "HT-1070.jpg",
	"Supplier": "100000035",
	"ProductBaseUnit": "EA",
	"Weight": "0.255",
	"WeightUnit": "KG",
	"OriginalLanguage": "EN",
	"IsActiveEntity": true,
	"HasActiveEntity": false,
	"HasDraftEntity": false
}, {
	"DraftUUID": "00000000-0000-0000-0000-000000000000",
	"Product": "HT-1071",
	"ProductForEdit": "HT-1071",
	"ProductCategory": "Graphic Cards",
	"Price": 81.70,
	"Currency": "USD",
	"Height": "17.000",
	"Width": "22.000",
	"Depth": "35.000",
	"DimensionUnit": "CM",
	"ProductPictureURL": "HT-1071.jpg",
	"Supplier": "100000036",
	"ProductBaseUnit": "EA",
	"Weight": "0.300",
	"WeightUnit": "KG",
	"OriginalLanguage": "EN",
	"IsActiveEntity": true,
	"HasActiveEntity": false,
	"HasDraftEntity": false
}, {
	"DraftUUID": "00000000-0000-0000-0000-000000000000",
	"Product": "HT-1072",
	"ProductForEdit": "HT-1072",
	"ProductCategory": "Graphic Cards",
	"Price": 101.20,
	"Currency": "USD",
	"Height": "17.000",
	"Width": "22.000",
	"Depth": "35.000",
	"DimensionUnit": "CM",
	"ProductPictureURL": "HT-1072.jpg",
	"Supplier": "100000037",
	"ProductBaseUnit": "EA",
	"Weight": "0.400",
	"WeightUnit": "KG",
	"OriginalLanguage": "EN",
	"IsActiveEntity": true,
	"HasActiveEntity": false,
	"HasDraftEntity": false
}, {
	"DraftUUID": "00000000-0000-0000-0000-000000000000",
	"Product": "HT-1073",
	"ProductForEdit": "HT-1073",
	"ProductCategory": "Graphic Cards",
	"Price": 139.99,
	"Currency": "USD",
	"Height": "17.000",
	"Width": "22.000",
	"Depth": "35.000",
	"DimensionUnit": "CM",
	"ProductPictureURL": "HT-1073.jpg",
	"Supplier": "100000038",
	"ProductBaseUnit": "EA",
	"Weight": "0.400",
	"WeightUnit": "KG",
	"OriginalLanguage": "EN",
	"IsActiveEntity": true,
	"HasActiveEntity": false,
	"HasDraftEntity": false
}, {
	"DraftUUID": "00000000-0000-0000-0000-000000000000",
	"Product": "HT-1080",
	"ProductForEdit": "HT-1080",
	"ProductCategory": "Scanners",
	"Price": 129.00,
	"Currency": "USD",
	"Height": "5.000",
	"Width": "34.000",
	"Depth": "48.000",
	"DimensionUnit": "CM",
	"ProductPictureURL": "HT-1080.jpg",
	"Supplier": "100000039",
	"ProductBaseUnit": "EA",
	"Weight": "2.300",
	"WeightUnit": "KG",
	"OriginalLanguage": "EN",
	"IsActiveEntity": true,
	"HasActiveEntity": false,
	"HasDraftEntity": false
}, {
	"DraftUUID": "00000000-0000-0000-0000-000000000000",
	"Product": "HT-1081",
	"ProductForEdit": "HT-1081",
	"ProductCategory": "Scanners",
	"Price": 89.00,
	"Currency": "USD",
	"Height": "7.000",
	"Width": "31.000",
	"Depth": "43.000",
	"DimensionUnit": "CM",
	"ProductPictureURL": "HT-1081.jpg",
	"Supplier": "100000040",
	"ProductBaseUnit": "EA",
	"Weight": "2.400",
	"WeightUnit": "KG",
	"OriginalLanguage": "EN",
	"IsActiveEntity": true,
	"HasActiveEntity": false,
	"HasDraftEntity": false
}, {
	"DraftUUID": "00000000-0000-0000-0000-000000000000",
	"Product": "HT-1082",
	"ProductForEdit": "HT-1082",
	"ProductCategory": "Scanners",
	"Price": 169.00,
	"Currency": "USD",
	"Height": "12.000",
	"Width": "33.000",
	"Depth": "41.000",
	"DimensionUnit": "CM",
	"ProductPictureURL": "HT-1082.jpg",
	"Supplier": "100000041",
	"ProductBaseUnit": "EA",
	"Weight": "3.200",
	"WeightUnit": "KG",
	"OriginalLanguage": "EN",
	"IsActiveEntity": true,
	"HasActiveEntity": false,
	"HasDraftEntity": false
}, {
	"DraftUUID": "00000000-0000-0000-0000-000000000000",
	"Product": "HT-1083",
	"ProductForEdit": "HT-1083",
	"ProductCategory": "Scanners",
	"Price": 189.00,
	"Currency": "USD",
	"Height": "10.000",
	"Width": "35.000",
	"Depth": "40.000",
	"DimensionUnit": "CM",
	"ProductPictureURL": "HT-1083.jpg",
	"Supplier": "100000042",
	"ProductBaseUnit": "EA",
	"Weight": "3.200",
	"WeightUnit": "KG",
	"OriginalLanguage": "EN",
	"IsActiveEntity": true,
	"HasActiveEntity": false,
	"HasDraftEntity": false
}, {
	"DraftUUID": "00000000-0000-0000-0000-000000000000",
	"Product": "HT-1085",
	"ProductForEdit": "HT-1085",
	"ProductCategory": "Multifunction Printers",
	"Price": 1499.00,
	"Currency": "USD",
	"Height": "22.000",
	"Width": "45.000",
	"Depth": "42.000",
	"DimensionUnit": "CM",
	"ProductPictureURL": "HT-1085.jpg",
	"Supplier": "100000043",
	"ProductBaseUnit": "EA",
	"Weight": "23.200",
	"WeightUnit": "KG",
	"OriginalLanguage": "EN",
	"IsActiveEntity": true,
	"HasActiveEntity": false,
	"HasDraftEntity": false
}, {
	"DraftUUID": "00000000-0000-0000-0000-000000000000",
	"Product": "HT-1090",
	"ProductForEdit": "HT-1090",
	"ProductCategory": "Speakers",
	"Price": 39.00,
	"Currency": "USD",
	"Height": "16.000",
	"Width": "12.000",
	"Depth": "10.000",
	"DimensionUnit": "CM",
	"ProductPictureURL": "HT-1090.jpg",
	"Supplier": "100000044",
	"ProductBaseUnit": "EA",
	"Weight": "3.000",
	"WeightUnit": "KG",
	"OriginalLanguage": "EN",
	"IsActiveEntity": true,
	"HasActiveEntity": false,
	"HasDraftEntity": false
}, {
	"DraftUUID": "00000000-0000-0000-0000-000000000000",
	"Product": "HT-1091",
	"ProductForEdit": "HT-1091",
	"ProductCategory": "Speakers",
	"Price": 26.00,
	"Currency": "USD",
	"Height": "17.500",
	"Width": "13.000",
	"Depth": "11.000",
	"DimensionUnit": "CM",
	"ProductPictureURL": "HT-1091.jpg",
	"Supplier": "100000000",
	"ProductBaseUnit": "EA",
	"Weight": "1.400",
	"WeightUnit": "KG",
	"OriginalLanguage": "EN",
	"IsActiveEntity": true,
	"HasActiveEntity": false,
	"HasDraftEntity": false
}, {
	"DraftUUID": "00000000-0000-0000-0000-000000000000",
	"Product": "HT-1092",
	"ProductForEdit": "HT-1092",
	"ProductCategory": "Speakers",
	"Price": 45.00,
	"Currency": "USD",
	"Height": "18.100",
	"Width": "12.400",
	"Depth": "10.400",
	"DimensionUnit": "CM",
	"ProductPictureURL": "HT-1092.jpg",
	"Supplier": "100000001",
	"ProductBaseUnit": "EA",
	"Weight": "2.100",
	"WeightUnit": "KG",
	"OriginalLanguage": "EN",
	"IsActiveEntity": true,
	"HasActiveEntity": false,
	"HasDraftEntity": false
}, {
	"DraftUUID": "00000000-0000-0000-0000-000000000000",
	"Product": "HT-1100",
	"ProductForEdit": "HT-1100",
	"ProductCategory": "Software",
	"Price": 89.90,
	"Currency": "USD",
	"Height": "2.100",
	"Width": "15.000",
	"Depth": "6.500",
	"DimensionUnit": "CM",
	"ProductPictureURL": "HT-1100.jpg",
	"Supplier": "100000002",
	"ProductBaseUnit": "EA",
	"Weight": "1.200",
	"WeightUnit": "KG",
	"OriginalLanguage": "EN",
	"IsActiveEntity": true,
	"HasActiveEntity": false,
	"HasDraftEntity": false
}, {
	"DraftUUID": "00000000-0000-0000-0000-000000000000",
	"Product": "HT-1101",
	"ProductForEdit": "HT-1101",
	"ProductCategory": "Software",
	"Price": 79.90,
	"Currency": "USD",
	"Height": "24.000",
	"Width": "14.000",
	"Depth": "6.700",
	"DimensionUnit": "CM",
	"ProductPictureURL": "HT-1101.jpg",
	"Supplier": "100000003",
	"ProductBaseUnit": "EA",
	"Weight": "0.800",
	"WeightUnit": "KG",
	"OriginalLanguage": "EN",
	"IsActiveEntity": true,
	"HasActiveEntity": false,
	"HasDraftEntity": false
}, {
	"DraftUUID": "00000000-0000-0000-0000-000000000000",
	"Product": "HT-1102",
	"ProductForEdit": "HT-1102",
	"ProductCategory": "Software",
	"Price": 69.00,
	"Currency": "USD",
	"Height": "27.000",
	"Width": "16.000",
	"Depth": "6.000",
	"DimensionUnit": "CM",
	"ProductPictureURL": "HT-1102.jpg",
	"Supplier": "100000004",
	"ProductBaseUnit": "EA",
	"Weight": "0.800",
	"WeightUnit": "KG",
	"OriginalLanguage": "EN",
	"IsActiveEntity": true,
	"HasActiveEntity": false,
	"HasDraftEntity": false
}, {
	"DraftUUID": "00000000-0000-0000-0000-000000000000",
	"Product": "HT-1103",
	"ProductForEdit": "HT-1103",
	"ProductCategory": "Software",
	"Price": 77.00,
	"Currency": "USD",
	"Height": "22.000",
	"Width": "11.000",
	"Depth": "3.400",
	"DimensionUnit": "CM",
	"ProductPictureURL": "HT-1103.jpg",
	"Supplier": "100000005",
	"ProductBaseUnit": "EA",
	"Weight": "0.800",
	"WeightUnit": "KG",
	"OriginalLanguage": "EN",
	"IsActiveEntity": true,
	"HasActiveEntity": false,
	"HasDraftEntity": false
}, {
	"DraftUUID": "00000000-0000-0000-0000-000000000000",
	"Product": "HT-1104",
	"ProductForEdit": "HT-1104",
	"ProductCategory": "Software",
	"Price": 55.00,
	"Currency": "USD",
	"Height": "30.000",
	"Width": "10.000",
	"Depth": "3.000",
	"DimensionUnit": "CM",
	"ProductPictureURL": "HT-1104.jpg",
	"Supplier": "100000006",
	"ProductBaseUnit": "EA",
	"Weight": "1.100",
	"WeightUnit": "KG",
	"OriginalLanguage": "EN",
	"IsActiveEntity": true,
	"HasActiveEntity": false,
	"HasDraftEntity": false
}, {
	"DraftUUID": "00000000-0000-0000-0000-000000000000",
	"Product": "HT-1105",
	"ProductForEdit": "HT-1105",
	"ProductCategory": "Software",
	"Price": 29.00,
	"Currency": "USD",
	"Height": "21.000",
	"Width": "16.000",
	"Depth": "4.000",
	"DimensionUnit": "CM",
	"ProductPictureURL": "HT-1105.jpg",
	"Supplier": "100000007",
	"ProductBaseUnit": "EA",
	"Weight": "0.700",
	"WeightUnit": "KG",
	"OriginalLanguage": "EN",
	"IsActiveEntity": true,
	"HasActiveEntity": false,
	"HasDraftEntity": false
}, {
	"DraftUUID": "00000000-0000-0000-0000-000000000000",
	"Product": "HT-1106",
	"ProductForEdit": "HT-1106",
	"ProductCategory": "Software",
	"Price": 34.00,
	"Currency": "USD",
	"Height": "23.100",
	"Width": "17.900",
	"Depth": "4.200",
	"DimensionUnit": "CM",
	"ProductPictureURL": "HT-1106.jpg",
	"Supplier": "100000008",
	"ProductBaseUnit": "EA",
	"Weight": "0.900",
	"WeightUnit": "KG",
	"OriginalLanguage": "EN",
	"IsActiveEntity": true,
	"HasActiveEntity": false,
	"HasDraftEntity": false
}, {
	"DraftUUID": "00000000-0000-0000-0000-000000000000",
	"Product": "HT-1107",
	"ProductForEdit": "HT-1107",
	"ProductCategory": "Software",
	"Price": 29.90,
	"Currency": "USD",
	"Height": "19.000",
	"Width": "12.000",
	"Depth": "1.500",
	"DimensionUnit": "CM",
	"ProductPictureURL": "HT-1107.jpg",
	"Supplier": "100000009",
	"ProductBaseUnit": "EA",
	"Weight": "0.500",
	"WeightUnit": "KG",
	"OriginalLanguage": "EN",
	"IsActiveEntity": true,
	"HasActiveEntity": false,
	"HasDraftEntity": false
}, {
	"DraftUUID": "00000000-0000-0000-0000-000000000000",
	"Product": "HT-1110",
	"ProductForEdit": "HT-1110",
	"ProductCategory": "Computer System Accessories",
	"Price": 8.90,
	"Currency": "USD",
	"Height": "4.300",
	"Width": "20.000",
	"Depth": "8.000",
	"DimensionUnit": "CM",
	"ProductPictureURL": "HT-1110.jpg",
	"Supplier": "100000010",
	"ProductBaseUnit": "EA",
	"Weight": "0.030",
	"WeightUnit": "KG",
	"OriginalLanguage": "EN",
	"IsActiveEntity": true,
	"HasActiveEntity": false,
	"HasDraftEntity": false
}, {
	"DraftUUID": "00000000-0000-0000-0000-000000000000",
	"Product": "HT-1111",
	"ProductForEdit": "HT-1111",
	"ProductCategory": "Computer System Accessories",
	"Price": 6.90,
	"Currency": "USD",
	"Height": "7.000",
	"Width": "31.000",
	"Depth": "9.000",
	"DimensionUnit": "CM",
	"ProductPictureURL": "HT-1111.jpg",
	"Supplier": "100000011",
	"ProductBaseUnit": "EA",
	"Weight": "0.020",
	"WeightUnit": "KG",
	"OriginalLanguage": "EN",
	"IsActiveEntity": true,
	"HasActiveEntity": false,
	"HasDraftEntity": false
}, {
	"DraftUUID": "00000000-0000-0000-0000-000000000000",
	"Product": "HT-1112",
	"ProductForEdit": "HT-1112",
	"ProductCategory": "Computer System Accessories",
	"Price": 39.00,
	"Currency": "USD",
	"Height": "1.300",
	"Width": "9.000",
	"Depth": "8.200",
	"DimensionUnit": "CM",
	"ProductPictureURL": "HT-1112.jpg",
	"Supplier": "100000012",
	"ProductBaseUnit": "EA",
	"Weight": "0.075",
	"WeightUnit": "KG",
	"OriginalLanguage": "EN",
	"IsActiveEntity": true,
	"HasActiveEntity": false,
	"HasDraftEntity": false
}, {
	"DraftUUID": "00000000-0000-0000-0000-000000000000",
	"Product": "HT-1113",
	"ProductForEdit": "HT-1113",
	"ProductCategory": "Computer System Accessories",
	"Price": 2.30,
	"Currency": "USD",
	"Height": "0.100",
	"Width": "2.000",
	"Depth": "2.000",
	"DimensionUnit": "CM",
	"ProductPictureURL": "HT-1113.jpg",
	"Supplier": "100000013",
	"ProductBaseUnit": "EA",
	"Weight": "0.050",
	"WeightUnit": "KG",
	"OriginalLanguage": "EN",
	"IsActiveEntity": true,
	"HasActiveEntity": false,
	"HasDraftEntity": false
}, {
	"DraftUUID": "00000000-0000-0000-0000-000000000000",
	"Product": "HT-1114",
	"ProductForEdit": "HT-1114",
	"ProductCategory": "Computer System Accessories",
	"Price": 31.00,
	"Currency": "USD",
	"Height": "7.000",
	"Width": "42.000",
	"Depth": "32.000",
	"DimensionUnit": "CM",
	"ProductPictureURL": "HT-1114.jpg",
	"Supplier": "100000014",
	"ProductBaseUnit": "EA",
	"Weight": "1.800",
	"WeightUnit": "KG",
	"OriginalLanguage": "EN",
	"IsActiveEntity": true,
	"HasActiveEntity": false,
	"HasDraftEntity": false
}, {
	"DraftUUID": "00000000-0000-0000-0000-000000000000",
	"Product": "HT-1115",
	"ProductForEdit": "HT-1115",
	"ProductCategory": "Telecommunications",
	"Price": 49.00,
	"Currency": "USD",
	"Height": "5.000",
	"Width": "19.300",
	"Depth": "18.000",
	"DimensionUnit": "CM",
	"ProductPictureURL": "HT-1115.jpg",
	"Supplier": "100000015",
	"ProductBaseUnit": "EA",
	"Weight": "0.450",
	"WeightUnit": "KG",
	"OriginalLanguage": "EN",
	"IsActiveEntity": true,
	"HasActiveEntity": false,
	"HasDraftEntity": false
}, {
	"DraftUUID": "00000000-0000-0000-0000-000000000000",
	"Product": "HT-1116",
	"ProductForEdit": "HT-1116",
	"ProductCategory": "Telecommunications",
	"Price": 59.00,
	"Currency": "USD",
	"Height": "5.000",
	"Width": "19.300",
	"Depth": "18.000",
	"DimensionUnit": "CM",
	"ProductPictureURL": "HT-1116.jpg",
	"Supplier": "100000016",
	"ProductBaseUnit": "EA",
	"Weight": "0.450",
	"WeightUnit": "KG",
	"OriginalLanguage": "EN",
	"IsActiveEntity": true,
	"HasActiveEntity": false,
	"HasDraftEntity": false
}, {
	"DraftUUID": "00000000-0000-0000-0000-000000000000",
	"Product": "HT-1117",
	"ProductForEdit": "HT-1117",
	"ProductCategory": "Telecommunications",
	"Price": 69.00,
	"Currency": "USD",
	"Height": "5.000",
	"Width": "19.300",
	"Depth": "18.000",
	"DimensionUnit": "CM",
	"ProductPictureURL": "HT-1117.jpg",
	"Supplier": "100000017",
	"ProductBaseUnit": "EA",
	"Weight": "0.450",
	"WeightUnit": "KG",
	"OriginalLanguage": "EN",
	"IsActiveEntity": true,
	"HasActiveEntity": false,
	"HasDraftEntity": false
}, {
	"DraftUUID": "00000000-0000-0000-0000-000000000000",
	"Product": "HT-1118",
	"ProductForEdit": "HT-1118",
	"ProductCategory": "Computer System Accessories",
	"Price": 35.00,
	"Currency": "USD",
	"Height": "1.200",
	"Width": "1.500",
	"Depth": "8.700",
	"DimensionUnit": "CM",
	"ProductPictureURL": "HT-1118.jpg",
	"Supplier": "100000018",
	"ProductBaseUnit": "EA",
	"Weight": "0.015",
	"WeightUnit": "KG",
	"OriginalLanguage": "EN",
	"IsActiveEntity": true,
	"HasActiveEntity": false,
	"HasDraftEntity": false
}, {
	"DraftUUID": "00000000-0000-0000-0000-000000000000",
	"Product": "HT-1120",
	"ProductForEdit": "HT-1120",
	"ProductCategory": "Keyboards",
	"Price": 29.00,
	"Currency": "USD",
	"Height": "4.000",
	"Width": "51.400",
	"Depth": "23.000",
	"DimensionUnit": "CM",
	"ProductPictureURL": "HT-1120.jpg",
	"Supplier": "100000019",
	"ProductBaseUnit": "EA",
	"Weight": "1.000",
	"WeightUnit": "KG",
	"OriginalLanguage": "EN",
	"IsActiveEntity": true,
	"HasActiveEntity": false,
	"HasDraftEntity": false
}, {
	"DraftUUID": "00000000-0000-0000-0000-000000000000",
	"Product": "HT-1137",
	"ProductForEdit": "HT-1137",
	"ProductCategory": "Flat Screen Monitors",
	"Price": 1430.00,
	"Currency": "USD",
	"Height": "38.000",
	"Width": "54.000",
	"Depth": "22.000",
	"DimensionUnit": "CM",
	"ProductPictureURL": "HT-1137.jpg",
	"Supplier": "100000020",
	"ProductBaseUnit": "EA",
	"Weight": "18.000",
	"WeightUnit": "KG",
	"OriginalLanguage": "EN",
	"IsActiveEntity": true,
	"HasActiveEntity": false,
	"HasDraftEntity": false
}, {
	"DraftUUID": "00000000-0000-0000-0000-000000000000",
	"Product": "HT-1138",
	"ProductForEdit": "HT-1138",
	"ProductCategory": "Mice",
	"Price": 23.00,
	"Currency": "USD",
	"Height": "1.000",
	"Width": "0.300",
	"Depth": "0.500",
	"DimensionUnit": "CM",
	"ProductPictureURL": "HT-1138.jpg",
	"Supplier": "100000021",
	"ProductBaseUnit": "EA",
	"Weight": "0.020",
	"WeightUnit": "KG",
	"OriginalLanguage": "EN",
	"IsActiveEntity": true,
	"HasActiveEntity": false,
	"HasDraftEntity": false
}, {
	"DraftUUID": "00000000-0000-0000-0000-000000000000",
	"Product": "HT-1210",
	"ProductForEdit": "HT-1210",
	"ProductCategory": "PCs",
	"Price": 2399.00,
	"Currency": "USD",
	"Height": "43.000",
	"Width": "28.000",
	"Depth": "31.000",
	"DimensionUnit": "CM",
	"ProductPictureURL": "HT-1210.jpg",
	"Supplier": "100000022",
	"ProductBaseUnit": "EA",
	"Weight": "2.300",
	"WeightUnit": "KG",
	"OriginalLanguage": "EN",
	"IsActiveEntity": true,
	"HasActiveEntity": false,
	"HasDraftEntity": false
}, {
	"DraftUUID": "00000000-0000-0000-0000-000000000000",
	"Product": "HT-1500",
	"ProductForEdit": "HT-1500",
	"ProductCategory": "Servers",
	"Price": 5000.00,
	"Currency": "USD",
	"Height": "23.000",
	"Width": "34.000",
	"Depth": "35.000",
	"DimensionUnit": "CM",
	"ProductPictureURL": "HT-1500.jpg",
	"Supplier": "100000023",
	"ProductBaseUnit": "EA",
	"Weight": "18.000",
	"WeightUnit": "KG",
	"OriginalLanguage": "EN",
	"IsActiveEntity": true,
	"HasActiveEntity": false,
	"HasDraftEntity": false
}, {
	"DraftUUID": "00000000-0000-0000-0000-000000000000",
	"Product": "HT-1501",
	"ProductForEdit": "HT-1501",
	"ProductCategory": "Servers",
	"Price": 15000.00,
	"Currency": "USD",
	"Height": "27.000",
	"Width": "29.000",
	"Depth": "30.000",
	"DimensionUnit": "CM",
	"ProductPictureURL": "HT-1501.jpg",
	"Supplier": "100000024",
	"ProductBaseUnit": "EA",
	"Weight": "25.000",
	"WeightUnit": "KG",
	"OriginalLanguage": "EN",
	"IsActiveEntity": true,
	"HasActiveEntity": false,
	"HasDraftEntity": false
}, {
	"DraftUUID": "00000000-0000-0000-0000-000000000000",
	"Product": "HT-1502",
	"ProductForEdit": "HT-1502",
	"ProductCategory": "Servers",
	"Price": 25000.00,
	"Currency": "USD",
	"Height": "37.000",
	"Width": "22.000",
	"Depth": "27.300",
	"DimensionUnit": "CM",
	"ProductPictureURL": "HT-1502.jpg",
	"Supplier": "100000025",
	"ProductBaseUnit": "EA",
	"Weight": "35.000",
	"WeightUnit": "KG",
	"OriginalLanguage": "EN",
	"IsActiveEntity": true,
	"HasActiveEntity": false,
	"HasDraftEntity": false
}, {
	"DraftUUID": "00000000-0000-0000-0000-000000000000",
	"Product": "HT-6130",
	"ProductForEdit": "HT-6130",
	"ProductCategory": "Flat Screen TVs",
	"Price": 1459.00,
	"Currency": "USD",
	"Height": "55.000",
	"Width": "78.000",
	"Depth": "22.100",
	"DimensionUnit": "CM",
	"ProductPictureURL": "HT-6130.jpg",
	"Supplier": "100000026",
	"ProductBaseUnit": "EA",
	"Weight": "2.600",
	"WeightUnit": "KG",
	"OriginalLanguage": "EN",
	"IsActiveEntity": true,
	"HasActiveEntity": false,
	"HasDraftEntity": false
}, {
	"DraftUUID": "00000000-0000-0000-0000-000000000000",
	"Product": "HT-6131",
	"ProductForEdit": "HT-6131",
	"ProductCategory": "Flat Screen TVs",
	"Price": 1199.00,
	"Currency": "USD",
	"Height": "61.000",
	"Width": "99.100",
	"Depth": "26.000",
	"DimensionUnit": "CM",
	"ProductPictureURL": "HT-6131.jpg",
	"Supplier": "100000027",
	"ProductBaseUnit": "EA",
	"Weight": "2.200",
	"WeightUnit": "KG",
	"OriginalLanguage": "EN",
	"IsActiveEntity": true,
	"HasActiveEntity": false,
	"HasDraftEntity": false
}, {
	"DraftUUID": "00000000-0000-0000-0000-000000000000",
	"Product": "HT-6132",
	"ProductForEdit": "HT-6132",
	"ProductCategory": "Flat Screen TVs",
	"Price": 899.00,
	"Currency": "USD",
	"Height": "79.100",
	"Width": "128.000",
	"Depth": "23.000",
	"DimensionUnit": "CM",
	"ProductPictureURL": "HT-6132.jpg",
	"Supplier": "100000028",
	"ProductBaseUnit": "EA",
	"Weight": "1.800",
	"WeightUnit": "KG",
	"OriginalLanguage": "EN",
	"IsActiveEntity": true,
	"HasActiveEntity": false,
	"HasDraftEntity": false
}, {
	"DraftUUID": "00000000-0000-0000-0000-000000000000",
	"Product": "HT-7030",
	"ProductForEdit": "HT-7030",
	"ProductCategory": "PDAs & Organizers",
	"Price": 549.00,
	"Currency": "USD",
	"Height": "12.100",
	"Width": "8.100",
	"Depth": "13.000",
	"DimensionUnit": "CM",
	"ProductPictureURL": "HT-7030.jpg",
	"Supplier": "100000029",
	"ProductBaseUnit": "EA",
	"Weight": "0.500",
	"WeightUnit": "KG",
	"OriginalLanguage": "EN",
	"IsActiveEntity": true,
	"HasActiveEntity": false,
	"HasDraftEntity": false
}, {
	"DraftUUID": "00000000-0000-0000-0000-000000000000",
	"Product": "HT-7020",
	"ProductForEdit": "HT-7020",
	"ProductCategory": "PDAs & Organizers",
	"Price": 549.00,
	"Currency": "USD",
	"Height": "12.100",
	"Width": "8.100",
	"Depth": "13.000",
	"DimensionUnit": "CM",
	"ProductPictureURL": "HT-7020.jpg",
	"Supplier": "100000030",
	"ProductBaseUnit": "EA",
	"Weight": "0.500",
	"WeightUnit": "KG",
	"OriginalLanguage": "EN",
	"IsActiveEntity": true,
	"HasActiveEntity": false,
	"HasDraftEntity": false
}, {
	"DraftUUID": "00000000-0000-0000-0000-000000000000",
	"Product": "HT-7010",
	"ProductForEdit": "HT-7010",
	"ProductCategory": "PDAs & Organizers",
	"Price": 549.00,
	"Currency": "USD",
	"Height": "12.100",
	"Width": "8.100",
	"Depth": "13.000",
	"DimensionUnit": "CM",
	"ProductPictureURL": "HT-7010.jpg",
	"Supplier": "100000031",
	"ProductBaseUnit": "EA",
	"Weight": "0.500",
	"WeightUnit": "KG",
	"OriginalLanguage": "EN",
	"IsActiveEntity": true,
	"HasActiveEntity": false,
	"HasDraftEntity": false
}, {
	"DraftUUID": "00000000-0000-0000-0000-000000000000",
	"Product": "HT-7000",
	"ProductForEdit": "HT-7000",
	"ProductCategory": "PDAs & Organizers",
	"Price": 549.00,
	"Currency": "USD",
	"Height": "12.100",
	"Width": "8.100",
	"Depth": "13.000",
	"DimensionUnit": "CM",
	"ProductPictureURL": "HT-7000.jpg",
	"Supplier": "100000032",
	"ProductBaseUnit": "EA",
	"Weight": "0.500",
	"WeightUnit": "KG",
	"OriginalLanguage": "EN",
	"IsActiveEntity": true,
	"HasActiveEntity": false,
	"HasDraftEntity": false
}, {
	"DraftUUID": "00000000-0000-0000-0000-000000000000",
	"Product": "HT-1095",
	"ProductForEdit": "HT-1095",
	"ProductCategory": "Headsets",
	"Price": 49.00,
	"Currency": "USD",
	"Height": "23.000",
	"Width": "24.000",
	"Depth": "19.000",
	"DimensionUnit": "CM",
	"ProductPictureURL": "HT-1095.jpg",
	"Supplier": "100000033",
	"ProductBaseUnit": "EA",
	"Weight": "80.000",
	"WeightUnit": "G",
	"OriginalLanguage": "EN",
	"IsActiveEntity": true,
	"HasActiveEntity": false,
	"HasDraftEntity": false
}, {
	"DraftUUID": "00000000-0000-0000-0000-000000000000",
	"Product": "HT-1096",
	"ProductForEdit": "HT-1096",
	"ProductCategory": "Headsets",
	"Price": 39.00,
	"Currency": "USD",
	"Height": "19.000",
	"Width": "25.000",
	"Depth": "17.000",
	"DimensionUnit": "CM",
	"ProductPictureURL": "HT-1096.jpg",
	"Supplier": "100000034",
	"ProductBaseUnit": "EA",
	"Weight": "130.000",
	"WeightUnit": "G",
	"OriginalLanguage": "EN",
	"IsActiveEntity": true,
	"HasActiveEntity": false,
	"HasDraftEntity": false
}, {
	"DraftUUID": "00000000-0000-0000-0000-000000000000",
	"Product": "HT-1097",
	"ProductForEdit": "HT-1097",
	"ProductCategory": "Headsets",
	"Price": 29.00,
	"Currency": "USD",
	"Height": "19.700",
	"Width": "21.300",
	"Depth": "2.400",
	"DimensionUnit": "CM",
	"ProductPictureURL": "HT-1097.jpg",
	"Supplier": "100000035",
	"ProductBaseUnit": "EA",
	"Weight": "60.000",
	"WeightUnit": "G",
	"OriginalLanguage": "EN",
	"IsActiveEntity": true,
	"HasActiveEntity": false,
	"HasDraftEntity": false
}, {
	"DraftUUID": "00000000-0000-0000-0000-000000000000",
	"Product": "HT-6123",
	"ProductForEdit": "HT-6123",
	"ProductCategory": "MP3 Players",
	"Price": 299.00,
	"Currency": "USD",
	"Height": "0.800",
	"Width": "4.000",
	"Depth": "6.000",
	"DimensionUnit": "CM",
	"ProductPictureURL": "HT-6123.jpg",
	"Supplier": "100000036",
	"ProductBaseUnit": "EA",
	"Weight": "267.000",
	"WeightUnit": "G",
	"OriginalLanguage": "EN",
	"IsActiveEntity": true,
	"HasActiveEntity": false,
	"HasDraftEntity": false
}, {
	"DraftUUID": "00000000-0000-0000-0000-000000000000",
	"Product": "HT-6122",
	"ProductForEdit": "HT-6122",
	"ProductCategory": "MP3 Players",
	"Price": 167.00,
	"Currency": "USD",
	"Height": "9.200",
	"Width": "5.100",
	"Depth": "8.000",
	"DimensionUnit": "CM",
	"ProductPictureURL": "HT-6122.jpg",
	"Supplier": "100000037",
	"ProductBaseUnit": "EA",
	"Weight": "266.000",
	"WeightUnit": "G",
	"OriginalLanguage": "EN",
	"IsActiveEntity": true,
	"HasActiveEntity": false,
	"HasDraftEntity": false
}, {
	"DraftUUID": "00000000-0000-0000-0000-000000000000",
	"Product": "HT-6121",
	"ProductForEdit": "HT-6121",
	"ProductCategory": "MP3 Players",
	"Price": 63.00,
	"Currency": "USD",
	"Height": "9.200",
	"Width": "5.100",
	"Depth": "8.000",
	"DimensionUnit": "CM",
	"ProductPictureURL": "HT-6121.jpg",
	"Supplier": "100000038",
	"ProductBaseUnit": "EA",
	"Weight": "134.000",
	"WeightUnit": "G",
	"OriginalLanguage": "EN",
	"IsActiveEntity": true,
	"HasActiveEntity": false,
	"HasDraftEntity": false
}, {
	"DraftUUID": "00000000-0000-0000-0000-000000000000",
	"Product": "HT-6120",
	"ProductForEdit": "HT-6120",
	"ProductCategory": "MP3 Players",
	"Price": 45.00,
	"Currency": "USD",
	"Height": "1.000",
	"Width": "1.500",
	"Depth": "6.000",
	"DimensionUnit": "CM",
	"ProductPictureURL": "HT-6120.jpg",
	"Supplier": "100000039",
	"ProductBaseUnit": "EA",
	"Weight": "134.000",
	"WeightUnit": "G",
	"OriginalLanguage": "EN",
	"IsActiveEntity": true,
	"HasActiveEntity": false,
	"HasDraftEntity": false
}, {
	"DraftUUID": "00000000-0000-0000-0000-000000000000",
	"Product": "HT-6111",
	"ProductForEdit": "HT-6111",
	"ProductCategory": "Portable Players",
	"Price": 288.00,
	"Currency": "USD",
	"Height": "6.200",
	"Width": "38.000",
	"Depth": "26.000",
	"DimensionUnit": "CM",
	"ProductPictureURL": "HT-6111.jpg",
	"Supplier": "100000040",
	"ProductBaseUnit": "EA",
	"Weight": "3.100",
	"WeightUnit": "KG",
	"OriginalLanguage": "EN",
	"IsActiveEntity": true,
	"HasActiveEntity": false,
	"HasDraftEntity": false
}, {
	"DraftUUID": "00000000-0000-0000-0000-000000000000",
	"Product": "HT-6110",
	"ProductForEdit": "HT-6110",
	"ProductCategory": "Portable Players",
	"Price": 130.00,
	"Currency": "USD",
	"Height": "6.000",
	"Width": "37.000",
	"Depth": "24.000",
	"DimensionUnit": "CM",
	"ProductPictureURL": "HT-6110.jpg",
	"Supplier": "100000041",
	"ProductBaseUnit": "EA",
	"Weight": "2.400",
	"WeightUnit": "KG",
	"OriginalLanguage": "EN",
	"IsActiveEntity": true,
	"HasActiveEntity": false,
	"HasDraftEntity": false
}, {
	"DraftUUID": "00000000-0000-0000-0000-000000000000",
	"Product": "HT-6102",
	"ProductForEdit": "HT-6102",
	"ProductCategory": "Projectors",
	"Price": 889.00,
	"Currency": "USD",
	"Height": "23.000",
	"Width": "30.400",
	"Depth": "23.100",
	"DimensionUnit": "CM",
	"ProductPictureURL": "HT-6102.jpg",
	"Supplier": "100000042",
	"ProductBaseUnit": "EA",
	"Weight": "2.500",
	"WeightUnit": "KG",
	"OriginalLanguage": "EN",
	"IsActiveEntity": true,
	"HasActiveEntity": false,
	"HasDraftEntity": false
}, {
	"DraftUUID": "00000000-0000-0000-0000-000000000000",
	"Product": "HT-6101",
	"ProductForEdit": "HT-6101",
	"ProductCategory": "Projectors",
	"Price": 679.00,
	"Currency": "USD",
	"Height": "23.000",
	"Width": "30.400",
	"Depth": "23.100",
	"DimensionUnit": "CM",
	"ProductPictureURL": "HT-6101.jpg",
	"Supplier": "100000043",
	"ProductBaseUnit": "EA",
	"Weight": "2.000",
	"WeightUnit": "KG",
	"OriginalLanguage": "EN",
	"IsActiveEntity": true,
	"HasActiveEntity": false,
	"HasDraftEntity": false
}, {
	"DraftUUID": "00000000-0000-0000-0000-000000000000",
	"Product": "HT-2002",
	"ProductForEdit": "HT-2002",
	"ProductCategory": "Portable Players",
	"Price": 853.99,
	"Currency": "USD",
	"Height": "14.000",
	"Width": "21.000",
	"Depth": "16.500",
	"DimensionUnit": "CM",
	"ProductPictureURL": "HT-2002.jpg",
	"Supplier": "100000044",
	"ProductBaseUnit": "EA",
	"Weight": "0.720",
	"WeightUnit": "KG",
	"OriginalLanguage": "EN",
	"IsActiveEntity": true,
	"HasActiveEntity": false,
	"HasDraftEntity": false
}, {
	"DraftUUID": "00000000-0000-0000-0000-000000000000",
	"Product": "HT-6100",
	"ProductForEdit": "HT-6100",
	"ProductCategory": "Projectors",
	"Price": 469.00,
	"Currency": "USD",
	"Height": "23.000",
	"Width": "30.400",
	"Depth": "23.100",
	"DimensionUnit": "CM",
	"ProductPictureURL": "HT-6100.jpg",
	"Supplier": "100000000",
	"ProductBaseUnit": "EA",
	"Weight": "1.700",
	"WeightUnit": "KG",
	"OriginalLanguage": "EN",
	"IsActiveEntity": true,
	"HasActiveEntity": false,
	"HasDraftEntity": false
}, {
	"DraftUUID": "00000000-0000-0000-0000-000000000000",
	"Product": "HT-2027",
	"ProductForEdit": "HT-2027",
	"ProductCategory": "Computer System Accessories",
	"Price": 8.99,
	"Currency": "USD",
	"Height": "2.000",
	"Width": "5.500",
	"Depth": "2.000",
	"DimensionUnit": "CM",
	"ProductPictureURL": "HT-2027.jpg",
	"Supplier": "100000001",
	"ProductBaseUnit": "EA",
	"Weight": "0.150",
	"WeightUnit": "KG",
	"OriginalLanguage": "EN",
	"IsActiveEntity": true,
	"HasActiveEntity": false,
	"HasDraftEntity": false
}, {
	"DraftUUID": "00000000-0000-0000-0000-000000000000",
	"Product": "HT-2026",
	"ProductForEdit": "HT-2026",
	"ProductCategory": "Computer System Accessories",
	"Price": 29.99,
	"Currency": "USD",
	"Height": "13.000",
	"Width": "21.000",
	"Depth": "10.200",
	"DimensionUnit": "CM",
	"ProductPictureURL": "HT-2026.jpg",
	"Supplier": "100000002",
	"ProductBaseUnit": "EA",
	"Weight": "0.200",
	"WeightUnit": "KG",
	"OriginalLanguage": "EN",
	"IsActiveEntity": true,
	"HasActiveEntity": false,
	"HasDraftEntity": false
}, {
	"DraftUUID": "00000000-0000-0000-0000-000000000000",
	"Product": "HT-2025",
	"ProductForEdit": "HT-2025",
	"ProductCategory": "Computer System Accessories",
	"Price": 44.99,
	"Currency": "USD",
	"Height": "20.000",
	"Width": "13.000",
	"Depth": "13.000",
	"DimensionUnit": "CM",
	"ProductPictureURL": "HT-2025.jpg",
	"Supplier": "100000003",
	"ProductBaseUnit": "EA",
	"Weight": "0.650",
	"WeightUnit": "KG",
	"OriginalLanguage": "EN",
	"IsActiveEntity": true,
	"HasActiveEntity": false,
	"HasDraftEntity": false
}, {
	"DraftUUID": "00000000-0000-0000-0000-000000000000",
	"Product": "HT-2001",
	"ProductForEdit": "HT-2001",
	"ProductCategory": "Portable Players",
	"Price": 449.99,
	"Currency": "USD",
	"Height": "29.000",
	"Width": "24.000",
	"Depth": "19.500",
	"DimensionUnit": "CM",
	"ProductPictureURL": "HT-2001.jpg",
	"Supplier": "100000004",
	"ProductBaseUnit": "EA",
	"Weight": "0.840",
	"WeightUnit": "KG",
	"OriginalLanguage": "EN",
	"IsActiveEntity": true,
	"HasActiveEntity": false,
	"HasDraftEntity": false
}, {
	"DraftUUID": "00000000-0000-0000-0000-000000000000",
	"Product": "HT-2000",
	"ProductForEdit": "HT-2000",
	"ProductCategory": "Portable Players",
	"Price": 249.99,
	"Currency": "USD",
	"Height": "27.600",
	"Width": "21.400",
	"Depth": "19.000",
	"DimensionUnit": "CM",
	"ProductPictureURL": "HT-2000.jpg",
	"Supplier": "100000005",
	"ProductBaseUnit": "EA",
	"Weight": "0.790",
	"WeightUnit": "KG",
	"OriginalLanguage": "EN",
	"IsActiveEntity": true,
	"HasActiveEntity": false,
	"HasDraftEntity": false
}, {
	"DraftUUID": "00000000-0000-0000-0000-000000000000",
	"Product": "HT-1603",
	"ProductForEdit": "HT-1603",
	"ProductCategory": "PCs",
	"Price": 1700.00,
	"Currency": "USD",
	"Height": "42.000",
	"Width": "27.000",
	"Depth": "28.000",
	"DimensionUnit": "CM",
	"ProductPictureURL": "HT-1603.jpg",
	"Supplier": "100000006",
	"ProductBaseUnit": "EA",
	"Weight": "6.800",
	"WeightUnit": "KG",
	"OriginalLanguage": "EN",
	"IsActiveEntity": true,
	"HasActiveEntity": false,
	"HasDraftEntity": false
}, {
	"DraftUUID": "00000000-0000-0000-0000-000000000000",
	"Product": "HT-1602",
	"ProductForEdit": "HT-1602",
	"ProductCategory": "PCs",
	"Price": 1200.00,
	"Currency": "USD",
	"Height": "47.000",
	"Width": "26.500",
	"Depth": "34.000",
	"DimensionUnit": "CM",
	"ProductPictureURL": "HT-1602.jpg",
	"Supplier": "100000007",
	"ProductBaseUnit": "EA",
	"Weight": "5.900",
	"WeightUnit": "KG",
	"OriginalLanguage": "EN",
	"IsActiveEntity": true,
	"HasActiveEntity": false,
	"HasDraftEntity": false
}, {
	"DraftUUID": "00000000-0000-0000-0000-000000000000",
	"Product": "HT-1601",
	"ProductForEdit": "HT-1601",
	"ProductCategory": "PCs",
	"Price": 900.00,
	"Currency": "USD",
	"Height": "40.200",
	"Width": "25.000",
	"Depth": "31.700",
	"DimensionUnit": "CM",
	"ProductPictureURL": "HT-1601.jpg",
	"Supplier": "100000008",
	"ProductBaseUnit": "EA",
	"Weight": "5.300",
	"WeightUnit": "KG",
	"OriginalLanguage": "EN",
	"IsActiveEntity": true,
	"HasActiveEntity": false,
	"HasDraftEntity": false
}, {
	"DraftUUID": "00000000-0000-0000-0000-000000000000",
	"Product": "HT-1600",
	"ProductForEdit": "HT-1600",
	"ProductCategory": "PCs",
	"Price": 600.00,
	"Currency": "USD",
	"Height": "38.000",
	"Width": "21.400",
	"Depth": "29.000",
	"DimensionUnit": "CM",
	"ProductPictureURL": "HT-1600.jpg",
	"Supplier": "100000009",
	"ProductBaseUnit": "EA",
	"Weight": "4.800",
	"WeightUnit": "KG",
	"OriginalLanguage": "EN",
	"IsActiveEntity": true,
	"HasActiveEntity": false,
	"HasDraftEntity": false
}, {
	"DraftUUID": "00000000-0000-0000-0000-000000000000",
	"Product": "HT-1119",
	"ProductForEdit": "HT-1119",
	"ProductCategory": "Computer System Accessories",
	"Price": 79.00,
	"Currency": "USD",
	"Height": "3.900",
	"Width": "2.000",
	"Depth": "3.100",
	"DimensionUnit": "CM",
	"ProductPictureURL": "HT-1119.jpg",
	"Supplier": "100000010",
	"ProductBaseUnit": "EA",
	"Weight": "88.000",
	"WeightUnit": "G",
	"OriginalLanguage": "EN",
	"IsActiveEntity": true,
	"HasActiveEntity": false,
	"HasDraftEntity": false
}, {
	"DraftUUID": "00000000-0000-0000-0000-000000000000",
	"Product": "HT-8000",
	"ProductForEdit": "HT-8000",
	"ProductCategory": "Notebooks",
	"Price": 799.00,
	"Currency": "USD",
	"Height": "3.100",
	"Width": "31.000",
	"Depth": "19.000",
	"DimensionUnit": "CM",
	"ProductPictureURL": "HT-8000.jpg",
	"Supplier": "100000011",
	"ProductBaseUnit": "EA",
	"Weight": "4.000",
	"WeightUnit": "KG",
	"OriginalLanguage": "EN",
	"IsActiveEntity": true,
	"HasActiveEntity": false,
	"HasDraftEntity": false
}, {
	"DraftUUID": "00000000-0000-0000-0000-000000000000",
	"Product": "HT-8001",
	"ProductForEdit": "HT-8001",
	"ProductCategory": "Notebooks",
	"Price": 999.00,
	"Currency": "USD",
	"Height": "3.400",
	"Width": "32.000",
	"Depth": "20.000",
	"DimensionUnit": "CM",
	"ProductPictureURL": "HT-8001.jpg",
	"Supplier": "100000012",
	"ProductBaseUnit": "EA",
	"Weight": "4.200",
	"WeightUnit": "KG",
	"OriginalLanguage": "EN",
	"IsActiveEntity": true,
	"HasActiveEntity": false,
	"HasDraftEntity": false
}, {
	"DraftUUID": "00000000-0000-0000-0000-000000000000",
	"Product": "HT-8002",
	"ProductForEdit": "HT-8002",
	"ProductCategory": "Notebooks",
	"Price": 1199.00,
	"Currency": "USD",
	"Height": "4.100",
	"Width": "38.000",
	"Depth": "21.000",
	"DimensionUnit": "CM",
	"ProductPictureURL": "HT-8002.jpg",
	"Supplier": "100000013",
	"ProductBaseUnit": "EA",
	"Weight": "3.500",
	"WeightUnit": "KG",
	"OriginalLanguage": "EN",
	"IsActiveEntity": true,
	"HasActiveEntity": false,
	"HasDraftEntity": false
}, {
	"DraftUUID": "00000000-0000-0000-0000-000000000000",
	"Product": "HT-8003",
	"ProductForEdit": "HT-8003",
	"ProductCategory": "Notebooks",
	"Price": 1388.00,
	"Currency": "USD",
	"Height": "4.500",
	"Width": "48.000",
	"Depth": "31.000",
	"DimensionUnit": "CM",
	"ProductPictureURL": "HT-8003.jpg",
	"Supplier": "100000014",
	"ProductBaseUnit": "EA",
	"Weight": "3.800",
	"WeightUnit": "KG",
	"OriginalLanguage": "EN",
	"IsActiveEntity": true,
	"HasActiveEntity": false,
	"HasDraftEntity": false
}, {
	"DraftUUID": "00000000-0000-0000-0000-000000000000",
	"Product": "HT-9999",
	"ProductForEdit": "HT-9999",
	"ProductCategory": "Tablets",
	"Price": 749.00,
	"Currency": "USD",
	"Height": "4.500",
	"Width": "48.000",
	"Depth": "31.000",
	"DimensionUnit": "CM",
	"ProductPictureURL": "HT-9999.jpg",
	"Supplier": "100000016",
	"ProductBaseUnit": "EA",
	"Weight": "3.800",
	"WeightUnit": "KG",
	"OriginalLanguage": "EN",
	"IsActiveEntity": true,
	"HasActiveEntity": false,
	"HasDraftEntity": false
}, {
	"DraftUUID": "00000000-0000-0000-0000-000000000000",
	"Product": "HT-9998",
	"ProductForEdit": "HT-9998",
	"ProductCategory": "Smartphones",
	"Price": 699.00,
	"Currency": "USD",
	"Height": "4.500",
	"Width": "48.000",
	"Depth": "31.000",
	"DimensionUnit": "CM",
	"ProductPictureURL": "HT-9998.jpg",
	"Supplier": "100000017",
	"ProductBaseUnit": "EA",
	"Weight": "0.750",
	"WeightUnit": "KG",
	"OriginalLanguage": "EN",
	"IsActiveEntity": true,
	"HasActiveEntity": false,
	"HasDraftEntity": false
}, {
	"DraftUUID": "00000000-0000-0000-0000-000000000000",
	"Product": "HT-9997",
	"ProductForEdit": "HT-9997",
	"ProductCategory": "Tablets",
	"Price": 633.00,
	"Currency": "USD",
	"Height": "4.500",
	"Width": "48.000",
	"Depth": "31.000",
	"DimensionUnit": "CM",
	"ProductPictureURL": "HT-9997.jpg",
	"Supplier": "100000018",
	"ProductBaseUnit": "EA",
	"Weight": "3.800",
	"WeightUnit": "KG",
	"OriginalLanguage": "EN",
	"IsActiveEntity": true,
	"HasActiveEntity": false,
	"HasDraftEntity": false
}, {
	"DraftUUID": "00000000-0000-0000-0000-000000000000",
	"Product": "HT-9996",
	"ProductForEdit": "HT-9996",
	"ProductCategory": "Accessories",
	"Price": 20.00,
	"Currency": "USD",
	"Height": "4.500",
	"Width": "25.000",
	"Depth": "40.000",
	"DimensionUnit": "CM",
	"ProductPictureURL": "HT-9996.jpg",
	"Supplier": "100000019",
	"ProductBaseUnit": "EA",
	"Weight": "0.030",
	"WeightUnit": "KG",
	"OriginalLanguage": "EN",
	"IsActiveEntity": true,
	"HasActiveEntity": false,
	"HasDraftEntity": false
}, {
	"DraftUUID": "00000000-0000-0000-0000-000000000000",
	"Product": "HT-9995",
	"ProductForEdit": "HT-9995",
	"ProductCategory": "Accessories",
	"Price": 15.00,
	"Currency": "USD",
	"Height": "4.500",
	"Width": "48.000",
	"Depth": "31.000",
	"DimensionUnit": "CM",
	"ProductPictureURL": "HT-9995.jpg",
	"Supplier": "100000020",
	"ProductBaseUnit": "EA",
	"Weight": "0.020",
	"WeightUnit": "KG",
	"OriginalLanguage": "EN",
	"IsActiveEntity": true,
	"HasActiveEntity": false,
	"HasDraftEntity": false
}, {
	"DraftUUID": "00000000-0000-0000-0000-000000000000",
	"Product": "HT-9994",
	"ProductForEdit": "HT-9994",
	"ProductCategory": "Camcorders",
	"Price": 1388.00,
	"Currency": "USD",
	"Height": "27.000",
	"Width": "48.000",
	"Depth": "31.000",
	"DimensionUnit": "CM",
	"ProductPictureURL": "HT-9994.jpg",
	"Supplier": "100000021",
	"ProductBaseUnit": "EA",
	"Weight": "3.800",
	"WeightUnit": "KG",
	"OriginalLanguage": "EN",
	"IsActiveEntity": true,
	"HasActiveEntity": false,
	"HasDraftEntity": false
}, {
	"DraftUUID": "00000000-0000-0000-0000-000000000000",
	"Product": "HT-9993",
	"ProductForEdit": "HT-9993",
	"ProductCategory": "Tablets",
	"Price": 833.00,
	"Currency": "USD",
	"Height": "4.500",
	"Width": "48.000",
	"Depth": "31.000",
	"DimensionUnit": "CM",
	"ProductPictureURL": "HT-9993.jpg",
	"Supplier": "100000022",
	"ProductBaseUnit": "EA",
	"Weight": "3.800",
	"WeightUnit": "KG",
	"OriginalLanguage": "EN",
	"IsActiveEntity": true,
	"HasActiveEntity": false,
	"HasDraftEntity": false
}, {
	"DraftUUID": "00000000-0000-0000-0000-000000000000",
	"Product": "HT-9992",
	"ProductForEdit": "HT-9992",
	"ProductCategory": "Smartphones",
	"Price": 599.00,
	"Currency": "USD",
	"Height": "4.500",
	"Width": "48.000",
	"Depth": "31.000",
	"DimensionUnit": "CM",
	"ProductPictureURL": "HT-9992.jpg",
	"Supplier": "100000023",
	"ProductBaseUnit": "EA",
	"Weight": "0.750",
	"WeightUnit": "KG",
	"OriginalLanguage": "EN",
	"IsActiveEntity": true,
	"HasActiveEntity": false,
	"HasDraftEntity": false
}, {
	"DraftUUID": "00000000-0000-0000-0000-000000000000",
	"Product": "HT-9991",
	"ProductForEdit": "HT-9991",
	"ProductCategory": "Accessories",
	"Price": 25.00,
	"Currency": "USD",
	"Height": "4.500",
	"Width": "48.000",
	"Depth": "31.000",
	"DimensionUnit": "CM",
	"ProductPictureURL": "HT-9991.jpg",
	"Supplier": "100000024",
	"ProductBaseUnit": "EA",
	"Weight": "0.020",
	"WeightUnit": "KG",
	"OriginalLanguage": "EN",
	"IsActiveEntity": true,
	"HasActiveEntity": false,
	"HasDraftEntity": false
}]
